Date,actual_power,predicted_power,predicted_power_full_plan,predicted_power_no_plan,predicted_power_prod_plan,planned_on,plan_on,day_type,actual_label
2021-07-01 00:00:00,69.0,68.99628774491777,71.26361302311068,73.81156047375447,83.52693254605347,0,1,종일 가동,0
2021-07-01 01:00:00,115.0,93.54335404821401,116.9953922114929,114.33216430981012,114.90530654221008,0,1,종일 가동,0
2021-07-01 02:00:00,116.0,101.68918856268085,120.78985670938557,116.56015020244753,121.6318566737631,0,1,종일 가동,0
2021-07-01 03:00:00,112.0,100.7030704283727,116.38406028250186,118.17063608113052,124.01776063010658,0,1,종일 가동,0
2021-07-01 04:00:00,111.0,92.24133652081689,118.10451204210888,116.11497406655596,117.80160314864166,0,1,종일 가동,0
2021-07-01 05:00:00,114.0,96.33886748016036,118.44187844340433,116.93947130496056,115.29397154258696,0,1,종일 가동,0
2021-07-01 06:00:00,115.0,94.12025257663755,118.00911314713133,118.65676652086624,118.3317917027086,0,1,종일 가동,0
2021-07-01 07:00:00,148.0,165.00308592705315,161.23960581239544,166.78479894427753,165.97453571893143,1,1,종일 가동,0
2021-07-01 08:00:00,194.0,177.62457871805876,181.37576002803948,179.08808191215988,179.28609436157473,1,1,종일 가동,1
2021-07-01 09:00:00,184.0,173.48955559459952,176.8005294996991,175.40693387557778,175.41569201991493,1,1,종일 가동,1
2021-07-01 10:00:00,185.0,173.7824772689018,175.3382239197404,173.26788644417613,173.1713761878747,1,1,종일 가동,1
2021-07-01 11:00:00,190.0,172.68748480913683,172.76986034814993,168.46590966348774,171.05474998912794,1,1,종일 가동,1
2021-07-01 12:00:00,115.0,115.88362910168826,120.1352367387891,122.16752741548035,120.2139652283473,1,1,종일 가동,0
2021-07-01 13:00:00,206.0,170.14875333341178,177.26111095619123,176.3271737580193,173.7418318746057,1,1,종일 가동,1
2021-07-01 14:00:00,192.0,164.28733649243463,170.22239439908157,172.24325859417175,171.983493382318,1,1,종일 가동,1
2021-07-01 15:00:00,197.0,167.05613169666785,170.9169982454874,172.73852964468054,172.37632165469782,1,1,종일 가동,1
2021-07-01 16:00:00,188.0,164.20473079315406,169.26991372856963,168.32276569727097,167.6497951754061,1,1,종일 가동,1
2021-07-01 17:00:00,160.0,160.59774777714748,169.97281713521255,167.45874400372227,170.52280774197806,1,1,종일 가동,0
2021-07-01 18:00:00,164.0,159.6255948926143,168.00746676896108,168.39292798549135,168.12527477557515,1,1,종일 가동,0
2021-07-01 19:00:00,171.0,160.37228833075474,165.76909938259453,163.937956796789,167.52639929059572,1,1,종일 가동,0
2021-07-01 20:00:00,147.0,126.4598653203722,134.27503902835156,139.07721336967413,131.79936338767743,1,1,종일 가동,0
2021-07-01 21:00:00,141.0,128.05996068451523,134.25935957414464,139.07721336967413,132.1081488300512,1,1,종일 가동,0
2021-07-01 22:00:00,122.0,119.15815731179966,122.84466638689736,119.20459384235106,124.83354887341947,1,1,종일 가동,0
2021-07-01 23:00:00,124.0,109.93366024923472,121.5582613413049,118.22169317398681,120.73055800535735,1,1,종일 가동,0
2021-07-02 00:00:00,69.0,74.9638628035129,71.71643126838184,74.29623105782666,67.67420346017082,1,1,종일 가동,0
2021-07-02 01:00:00,115.0,115.61327799997903,120.02677032146653,116.31315387513706,121.77008055163391,1,1,종일 가동,0
2021-07-02 02:00:00,121.0,118.09873233051802,119.9095197465706,116.45196671020949,117.56268881410118,1,1,종일 가동,0
2021-07-02 03:00:00,115.0,116.0634441173322,117.79320764980432,115.56001105113177,117.69728220059547,1,1,종일 가동,0
2021-07-02 04:00:00,110.0,116.05201447066021,116.62598243968131,113.95924319598018,121.9001486270807,1,1,종일 가동,0
2021-07-02 05:00:00,120.0,112.8837815934753,115.09006533944611,113.49579773626773,114.01227918267891,1,1,종일 가동,0
2021-07-02 06:00:00,117.0,116.91789355143946,118.67532943829255,116.69887770275729,117.76418309339886,1,1,종일 가동,0
2021-07-02 07:00:00,143.0,151.15806261480336,145.70790414680772,149.85436512367525,152.07455135607097,1,1,종일 가동,0
2021-07-02 08:00:00,173.0,176.7122621042889,181.91895130225342,179.9992707953834,181.8643315908906,1,1,종일 가동,0
2021-07-02 09:00:00,187.0,172.1889612537431,179.84534272763526,176.6132740381116,173.9768697638125,1,1,종일 가동,1
2021-07-02 10:00:00,179.0,173.94593671989247,174.82010722642806,176.33144749694262,174.29206092633015,1,1,종일 가동,1
2021-07-02 11:00:00,186.0,179.6472308573085,179.8504816805926,179.79165606344085,179.65096979179194,1,1,종일 가동,1
2021-07-02 12:00:00,117.0,124.45193882058972,119.53545188774372,120.05787970418211,118.98925183180353,1,1,종일 가동,0
2021-07-02 13:00:00,178.0,180.21345809188335,176.68906653377098,179.173301570961,180.5377884844453,1,1,종일 가동,0
2021-07-02 14:00:00,183.0,177.19617092083726,174.80538534325126,179.41434076063408,180.87537287723606,1,1,종일 가동,1
2021-07-02 15:00:00,160.0,177.87332647000912,173.73024276342306,176.5121937996067,180.19351749071285,1,1,종일 가동,0
2021-07-02 16:00:00,164.0,177.0505972105568,172.24044512696707,174.17260644626182,174.38828919879074,1,1,종일 가동,0
2021-07-02 17:00:00,175.0,173.15129838424946,169.27562418299587,169.14049502933196,169.98054417726388,1,1,종일 가동,0
2021-07-02 18:00:00,169.0,168.00282562556788,164.0352889308512,167.37256163976286,167.7112359167552,1,1,종일 가동,0
2021-07-02 19:00:00,149.0,144.7433184305809,149.6378670381564,145.69072004426914,147.8931988560154,1,1,종일 가동,0
2021-07-02 20:00:00,130.0,119.62852066430798,123.2313263350737,120.27811404795466,119.61081925978323,1,1,종일 가동,0
2021-07-02 21:00:00,121.0,121.57226624518896,119.17195770159101,120.00972470955855,121.06933238857367,1,1,종일 가동,0
2021-07-02 22:00:00,117.0,124.18850398072074,120.52244323637007,120.45105905102271,122.51625696237055,1,1,종일 가동,0
2021-07-02 23:00:00,103.0,121.14804495306046,118.19957540836207,119.34406857988331,121.52217595485814,1,1,종일 가동,0
2021-07-03 00:00:00,76.0,76.53719421521741,67.93838080500089,68.99071856091362,71.06386372666368,1,1,가동 종료일,0
2021-07-03 01:00:00,110.0,112.25696368721722,115.85542688438588,114.20910513153765,111.06248307609776,1,1,가동 종료일,0
2021-07-03 02:00:00,107.0,118.03995854965567,115.98890852721473,117.1820306595967,106.8469881493467,1,1,가동 종료일,0
2021-07-03 03:00:00,108.0,118.02058636393181,115.74616325077963,116.55582800053332,113.65359880628422,1,1,가동 종료일,0
2021-07-03 04:00:00,112.0,118.9512908906562,114.80560383348919,115.22482448893855,110.64432954315359,1,1,가동 종료일,0
2021-07-03 05:00:00,105.0,109.48470122196301,110.13856167352529,111.65237511145092,116.09521950653038,1,1,가동 종료일,0
2021-07-03 06:00:00,105.0,118.90366124874197,113.80864517049622,116.60102492189911,108.60927271334207,1,1,가동 종료일,0
2021-07-03 07:00:00,83.0,88.75709039740758,88.54867948943624,102.11655961943018,103.54422009702347,1,1,가동 종료일,0
2021-07-03 08:00:00,23.0,37.5639810686886,25.33682957998134,47.1891218566258,31.05095648185475,0,0,가동 종료일,0
2021-07-03 09:00:00,27.0,35.258967338184725,23.838608921347674,45.52919403755591,30.025744722843623,0,0,가동 종료일,0
2021-07-03 10:00:00,23.0,37.68770313092533,23.845891105005826,47.17496079011248,31.81775392407278,0,0,가동 종료일,0
2021-07-03 11:00:00,23.0,37.58451371840473,25.081952059856004,47.465615837505844,31.711911591161037,0,0,가동 종료일,0
2021-07-03 12:00:00,27.0,34.7281852118762,23.18332063794312,46.35647961297086,31.170201913490608,0,0,가동 종료일,0
2021-07-03 13:00:00,22.0,33.60757233599877,24.059158765388197,47.30785660523876,33.60447386508873,0,0,가동 종료일,0
2021-07-03 14:00:00,23.0,33.897401600960805,26.13995632203409,49.00752392653366,35.22595622741255,0,0,가동 종료일,0
2021-07-03 15:00:00,25.0,22.943840844953385,23.58091745187961,24.77083556424559,25.62136238749424,0,0,가동 종료일,0
2021-07-03 16:00:00,26.0,23.2627769971791,23.601681030770884,24.745532436380852,24.805444429829066,0,0,가동 종료일,0
2021-07-03 17:00:00,22.0,25.904349889347035,23.59323529457397,25.53863789608196,26.389581584003338,0,0,가동 종료일,0
2021-07-03 18:00:00,23.0,24.985361717509395,23.866532872688474,25.5892398185754,25.388999245771803,0,0,가동 종료일,0
2021-07-03 19:00:00,27.0,23.55671154324148,23.17591988475906,24.203452503815754,24.542791104478336,0,0,가동 종료일,0
2021-07-03 20:00:00,23.0,25.482463811977485,23.88454605062461,24.169043821425547,24.85093739120925,0,0,가동 종료일,0
2021-07-03 21:00:00,23.0,24.913022144082998,24.49371161086082,24.386286282906305,24.33251324954907,0,0,가동 종료일,0
2021-07-03 22:00:00,27.0,23.49587606399834,24.224940947696396,24.05311551149093,24.089217460218805,0,0,가동 종료일,0
2021-07-03 23:00:00,23.0,25.80696787859581,24.22804536579781,24.375039099484127,25.02545089358649,0,0,가동 종료일,0
2021-07-04 00:00:00,23.0,22.89194033838112,23.12606962446586,23.318582886330958,23.90456679285407,0,0,비가동,0
2021-07-04 01:00:00,27.0,24.87980933637933,24.52056771231361,24.275501445214324,22.49008247679484,0,0,비가동,0
2021-07-04 02:00:00,24.0,22.900572423439794,23.273757691202228,24.097896989786584,23.780113188770194,0,0,비가동,0
2021-07-04 03:00:00,23.0,22.60302538965813,23.07838632885511,23.566853244006758,23.93431725789588,0,0,비가동,0
2021-07-04 04:00:00,23.0,24.595473976311332,24.219045397543454,24.069506167155744,22.160466300309587,0,0,비가동,0
2021-07-04 05:00:00,27.0,24.722770316779158,24.96103666588638,24.383940206971708,23.156378479690606,0,0,비가동,0
2021-07-04 06:00:00,23.0,22.85972764542932,23.456125957246165,23.6890686522636,24.1893577633619,0,0,비가동,0
2021-07-04 07:00:00,23.0,24.210314429502084,23.030452006971277,23.08422043681847,23.952879203612287,0,0,비가동,0
2021-07-04 08:00:00,28.0,25.634252767735962,24.130919156908018,25.785412850218783,25.214060054756228,0,0,비가동,0
2021-07-04 09:00:00,22.0,26.529046577253062,24.84543956379734,24.874929779328898,24.81445671065251,0,0,비가동,0
2021-07-04 10:00:00,23.0,24.30622779601501,23.710106163282784,24.80464644399745,25.72309134416975,0,0,비가동,0
2021-07-04 11:00:00,28.0,25.79709187049857,24.59007567916808,24.886176962751076,23.027717783305444,0,0,비가동,0
2021-07-04 12:00:00,24.0,25.845156157031273,23.904266219158195,26.69958687188533,26.264127896419296,0,0,비가동,0
2021-07-04 13:00:00,24.0,24.66773457131743,24.545896281991666,24.671174559459303,26.35599645175835,0,0,비가동,0
2021-07-04 14:00:00,27.0,24.818249180651417,24.33246002763946,23.96567666799925,25.546428398417184,0,0,비가동,0
2021-07-04 15:00:00,27.0,24.59850155187612,23.472940822118527,27.571001735160134,25.21848779373278,0,0,비가동,0
2021-07-04 16:00:00,25.0,24.096072610730452,23.839952675477768,23.45687229037919,23.784037099174864,0,0,비가동,0
2021-07-04 17:00:00,22.0,23.98029416750048,23.641862254240937,23.06732638038827,23.281172480139055,0,0,비가동,0
2021-07-04 18:00:00,27.0,23.478281219891514,22.60258270373826,23.66109183657238,21.8333411436504,0,0,비가동,0
2021-07-04 19:00:00,23.0,23.542547683915043,23.789231442823024,22.50828900339746,21.896532842534864,0,0,비가동,0
2021-07-04 20:00:00,23.0,23.48248606310305,23.406615001859972,22.77850818246483,21.92878596869607,0,0,비가동,0
2021-07-04 21:00:00,28.0,22.55606686143324,23.468909701828128,22.59767517433634,20.39078136859416,0,0,비가동,0
2021-07-04 22:00:00,24.0,23.180422052806,23.20128380565997,23.330168401229205,20.92766701736619,0,0,비가동,0
2021-07-04 23:00:00,23.0,23.398010185013405,24.0221858867493,27.228486075281946,22.145406821394904,0,0,비가동,0
2021-07-05 00:00:00,28.0,25.50230042281635,23.746190834356362,26.99023044356405,25.88358116908839,1,0,가동 시작일,0
2021-07-05 01:00:00,23.0,66.9572863017416,24.081379462187407,44.896394302017,29.528622159458575,1,0,가동 시작일,0
2021-07-05 02:00:00,23.0,66.55450319353754,23.58356888768582,28.124030176716694,26.056007590816307,1,0,가동 시작일,0
2021-07-05 03:00:00,25.0,69.10207015340991,23.338674078448367,27.884420104772943,26.097596536976916,1,0,가동 시작일,0
2021-07-05 04:00:00,27.0,62.810093679230185,23.069600716836636,42.7044641580233,27.975202388136022,1,0,가동 시작일,0
2021-07-05 05:00:00,23.0,44.89308675984712,23.628368440057113,26.471384083203013,23.992114489155526,1,0,가동 시작일,0
2021-07-05 06:00:00,23.0,48.88262471088022,23.909692972025876,26.710029368300006,26.523339914938546,1,0,가동 시작일,0
2021-07-05 07:00:00,104.0,108.76297486916836,102.11446983161365,93.92885142219963,92.0617534316632,1,1,가동 시작일,0
2021-07-05 08:00:00,183.0,184.84811427360958,190.42092808752795,179.697289331749,180.83369800707786,1,1,가동 시작일,1
2021-07-05 09:00:00,175.0,180.7702193765684,182.74089634610493,179.19255867011245,177.89234819977744,1,1,가동 시작일,0
2021-07-05 10:00:00,185.0,180.46802287403963,184.21550526434672,179.43803044044827,178.11965583273306,1,1,가동 시작일,1
2021-07-05 11:00:00,185.0,181.05583150309798,185.68704828098623,177.48101456567954,179.52681814663688,1,1,가동 시작일,1
2021-07-05 12:00:00,116.0,125.20009571828881,123.95666037000892,127.24316587202445,124.23864144735984,1,1,가동 시작일,0
2021-07-05 13:00:00,181.0,179.4673982581137,187.0752503955652,180.1657582489915,180.01822878685064,1,1,가동 시작일,1
2021-07-05 14:00:00,170.0,179.53492923511718,184.54381561953568,178.44472141300773,180.16648199835024,1,1,가동 시작일,0
2021-07-05 15:00:00,183.0,178.89327821736063,182.89597162297952,177.48771226954634,178.85566470084513,1,1,가동 시작일,1
2021-07-05 16:00:00,173.0,166.6869446071653,167.48427042033381,167.2643301754617,166.22779200046472,1,1,가동 시작일,0
2021-07-05 17:00:00,140.0,167.4840357681646,166.86902763565897,167.4920319915316,164.05716087805698,1,1,가동 시작일,0
2021-07-05 18:00:00,163.0,169.80957618679832,170.1740172312118,169.29203989681176,168.69111202291725,1,1,가동 시작일,0
2021-07-05 19:00:00,153.0,161.01481786332045,159.91636258894945,160.80233970758096,163.78858047775793,1,1,가동 시작일,0
2021-07-05 20:00:00,130.0,114.01398965839604,118.01737164871562,115.94683101552518,114.0349624778667,1,1,가동 시작일,0
2021-07-05 21:00:00,124.0,119.41903667806018,119.76182102770436,116.33581528510432,121.33335208644091,1,1,가동 시작일,0
2021-07-05 22:00:00,115.0,113.85942111665732,119.04551907486247,118.18991725931369,115.84947335424845,1,1,가동 시작일,0
2021-07-05 23:00:00,116.0,117.41960346710665,119.61070068747142,116.67797766347792,121.06751339715971,1,1,가동 시작일,0
2021-07-06 00:00:00,68.0,68.23121757517521,73.26408680870415,72.14608190166129,81.97919599303239,1,1,종일 가동,0
2021-07-06 01:00:00,111.0,110.15905521007842,113.70313329788291,116.73104180484052,112.40795459385595,1,1,종일 가동,0
2021-07-06 02:00:00,110.0,120.10394362010676,116.5449807142956,116.44310553601021,119.0869835128726,1,1,종일 가동,0
2021-07-06 03:00:00,116.0,115.23901094709537,115.00508841962122,115.23891959092323,111.66049769078349,1,1,종일 가동,0
2021-07-06 04:00:00,112.0,111.81207507936283,115.16421482198488,114.3742897956453,111.73038020784291,1,1,종일 가동,0
2021-07-06 05:00:00,110.0,110.79540622602337,112.83107692976704,115.996691651467,108.91367346179923,1,1,종일 가동,0
2021-07-06 06:00:00,105.0,118.3445810432085,119.48432713897957,121.05071029341637,116.06293293792602,1,1,종일 가동,0
2021-07-06 07:00:00,145.0,164.28738617078614,159.66713533079576,164.88613755933923,162.32527598183844,1,1,종일 가동,0
2021-07-06 08:00:00,193.0,177.05598071163476,178.18193625874235,181.43860416086397,179.2150294026643,1,1,종일 가동,1
2021-07-06 09:00:00,185.0,173.98083359590953,176.56079087563276,176.48974072632055,176.09878687108238,1,1,종일 가동,1
2021-07-06 10:00:00,176.0,181.8217131992937,175.78437494089053,182.2893184207932,179.80172324123657,1,1,종일 가동,0
2021-07-06 11:00:00,182.0,178.0289168289265,178.895619183409,180.50714082283542,178.702381240516,1,1,종일 가동,1
2021-07-06 12:00:00,132.0,127.47198190986632,133.38906329619275,122.38269844700547,119.30126244866845,1,1,종일 가동,0
2021-07-06 13:00:00,170.0,177.00867385799296,171.6794658796813,181.33942124483337,179.19532659294063,1,1,종일 가동,0
2021-07-06 14:00:00,185.0,174.41742771637118,169.5152157992927,174.01910555276217,173.7554153053132,1,1,종일 가동,1
2021-07-06 15:00:00,173.0,176.49231654128593,171.05223394475894,175.21934576165145,175.34912441125346,1,1,종일 가동,0
2021-07-06 16:00:00,177.0,171.502046783769,169.80203669786002,173.38455252521774,174.0120971703943,1,1,종일 가동,0
2021-07-06 17:00:00,148.0,161.49019258807314,158.8575898387565,156.07014862303706,151.02502646005436,1,1,종일 가동,0
2021-07-06 18:00:00,161.0,167.933707340268,166.2669396787767,166.5387769638621,167.3246507826235,1,1,종일 가동,0
2021-07-06 19:00:00,157.0,166.65357011042352,160.29553805786972,169.2777304620577,167.481113846389,1,1,종일 가동,0
2021-07-06 20:00:00,138.0,130.7323385746557,130.45807315094717,127.17903122261981,124.88778243342647,1,1,종일 가동,0
2021-07-06 21:00:00,132.0,122.76393710638787,123.48772746145299,122.76111973584743,121.52128275525548,1,1,종일 가동,0
2021-07-06 22:00:00,115.0,115.90794070191,117.6726364404073,118.09381137745014,116.94162752275268,1,1,종일 가동,0
2021-07-06 23:00:00,114.0,114.34457276928123,115.49215753398957,112.79200529813372,112.16218793032958,1,1,종일 가동,0
2021-07-07 00:00:00,89.0,67.37955788858314,70.47758195553398,75.49169047355907,79.6026891305283,1,1,종일 가동,0
2021-07-07 01:00:00,112.0,110.51909418671373,109.5254022294245,105.45039454565105,111.82370202875154,1,1,종일 가동,0
2021-07-07 02:00:00,107.0,111.54717962894881,111.46910288612462,113.52418179229248,111.98524025170458,1,1,종일 가동,0
2021-07-07 03:00:00,115.0,113.69728369206426,116.79978644247261,112.70013324905355,119.19810799996819,1,1,종일 가동,0
2021-07-07 04:00:00,108.0,111.52477576696184,112.52133071391215,109.34466709968225,110.02019281403068,1,1,종일 가동,0
2021-07-07 05:00:00,101.0,108.30296358145338,108.69111329459905,109.58884523752378,108.89831629771838,1,1,종일 가동,0
2021-07-07 06:00:00,106.0,112.17445546552356,110.31772820495095,113.33236383739728,112.954621959676,1,1,종일 가동,0
2021-07-07 07:00:00,145.0,145.95290014680376,142.9712109179582,146.81683146902012,152.1311699864309,1,1,종일 가동,0
2021-07-07 08:00:00,203.0,174.677682291985,179.94060329449147,176.55347502151713,177.72740156833822,1,1,종일 가동,1
2021-07-07 09:00:00,187.0,174.961558384176,176.087982637123,172.2068868929222,173.42639955594325,1,1,종일 가동,1
2021-07-07 10:00:00,186.0,172.1350091962227,175.02426192603883,169.76077844064352,171.79804251717857,1,1,종일 가동,1
2021-07-07 11:00:00,183.0,165.06334319666695,173.14847458095903,164.96387324035507,166.83514911176238,1,1,종일 가동,1
2021-07-07 12:00:00,131.0,118.5394320360502,124.88392496378412,118.07750932622248,115.02999649794745,1,1,종일 가동,0
2021-07-07 13:00:00,185.0,171.19651509499076,177.00290557512596,170.85239989915416,170.31016093143444,1,1,종일 가동,1
2021-07-07 14:00:00,185.0,175.07356556202063,181.18117950037316,170.54672155976888,173.22657951289256,1,1,종일 가동,1
2021-07-07 15:00:00,176.0,170.75525664330044,171.23178497551237,169.1242761097662,171.06759505993557,1,1,종일 가동,0
2021-07-07 16:00:00,181.0,167.65839710028342,171.543934644215,165.63213385900755,169.77578889764848,1,1,종일 가동,1
2021-07-07 17:00:00,179.0,153.80786660884087,167.40940711589465,162.40677555790015,160.0423249970641,1,1,종일 가동,1
2021-07-07 18:00:00,173.0,158.56578765351284,163.44578032146796,159.56415653158413,162.22802096368656,1,1,종일 가동,0
2021-07-07 19:00:00,169.0,153.0814850011668,154.050694588263,157.67821638738897,158.75488862413917,1,1,종일 가동,0
2021-07-07 20:00:00,127.0,119.05031583057188,118.14131442764779,115.91979807562181,117.1351856889563,1,1,종일 가동,0
2021-07-07 21:00:00,120.0,115.79152211763179,121.58805259490862,118.64788011582031,118.12665802355511,1,1,종일 가동,0
2021-07-07 22:00:00,113.0,112.63442725608698,118.57307082768651,114.72753383050282,115.06308714817256,1,1,종일 가동,0
2021-07-07 23:00:00,110.0,109.90234074516718,117.46629084095062,111.9303090098081,113.39659999335883,1,1,종일 가동,0
2021-07-08 00:00:00,78.0,53.29410797988103,72.71925832602722,78.72082342302686,83.15803578061227,0,1,종일 가동,0
2021-07-08 01:00:00,104.0,92.71466089099579,115.38440901192385,112.7242096891942,113.38584078107363,0,1,종일 가동,0
2021-07-08 02:00:00,110.0,80.93471886595727,114.66964627664882,111.9547597927229,112.40751362332591,0,1,종일 가동,0
2021-07-08 03:00:00,115.0,94.78165190022392,117.25169244936495,115.81779896629881,115.77445611839407,0,1,종일 가동,0
2021-07-08 04:00:00,109.0,95.92946473354621,113.7424406594937,112.93928656364031,112.2669608878864,0,1,종일 가동,0
2021-07-08 05:00:00,107.0,93.91403346732028,112.71712472756457,114.0704521309382,112.9349682972215,0,1,종일 가동,0
2021-07-08 06:00:00,115.0,94.49999138527993,114.10462178272834,115.07216943099296,113.0587936529582,0,1,종일 가동,0
2021-07-08 07:00:00,146.0,145.4124718828552,152.9839812761271,159.54221638740538,159.35769598370896,1,1,종일 가동,0
2021-07-08 08:00:00,187.0,179.11360298417893,180.67453586173156,178.7157534930706,180.44156041814975,1,1,종일 가동,1
2021-07-08 09:00:00,186.0,179.26032190569424,175.82568335040932,175.6748825631653,175.81104559476375,1,1,종일 가동,1
2021-07-08 10:00:00,201.0,178.12660326783148,176.37866770966843,176.10665953870497,168.60971796057146,1,1,종일 가동,1
2021-07-08 11:00:00,192.0,179.2940903938872,175.61530290244892,173.84124669200614,175.10384383717582,1,1,종일 가동,1
2021-07-08 12:00:00,131.0,116.49539124674962,121.93082064462004,116.92814132105521,112.4513066549642,1,1,종일 가동,0
2021-07-08 13:00:00,201.0,172.98656422597753,180.27971518429976,171.4410144020872,174.51315201114645,1,1,종일 가동,1
2021-07-08 14:00:00,200.0,175.3342847545869,174.28032587748925,171.37643833613768,173.6925559683275,1,1,종일 가동,1
2021-07-08 15:00:00,184.0,168.31729732832068,167.7645926536679,168.5586385277908,172.5369459698717,1,1,종일 가동,1
2021-07-08 16:00:00,186.0,172.7946563411313,169.95152089192095,168.16858788395203,172.57607793544892,1,1,종일 가동,1
2021-07-08 17:00:00,155.0,165.4887932154103,166.20505343377923,164.315025413009,162.98371082286118,1,1,종일 가동,0
2021-07-08 18:00:00,155.0,165.2728626822696,167.6304412212341,165.84911299145207,171.05345457000635,1,1,종일 가동,0
2021-07-08 19:00:00,153.0,164.37693185903078,164.5310846410686,164.13114410854976,167.13134535592758,1,1,종일 가동,0
2021-07-08 20:00:00,132.0,136.41335091614198,139.02271389081892,148.0822544919488,143.16158653047455,1,1,종일 가동,0
2021-07-08 21:00:00,128.0,128.61696659814692,131.5179853887665,138.05613703782157,132.74716799767867,1,1,종일 가동,0
2021-07-08 22:00:00,118.0,118.77115056386548,116.19680625404166,114.12976286682898,116.27205067313453,1,1,종일 가동,0
2021-07-08 23:00:00,119.0,105.10731008634033,116.19066787806611,112.68226750621054,112.17010240298993,1,1,종일 가동,0
2021-07-09 00:00:00,78.0,79.82832010556388,75.07703439784308,79.53590356407706,65.6154365035995,1,1,종일 가동,0
2021-07-09 01:00:00,105.0,112.22961195798146,111.13029429408348,112.28979925185075,113.28476167162003,1,1,종일 가동,0
2021-07-09 02:00:00,114.0,114.76562653830412,113.97912067952689,112.82435534533943,115.7195087306577,1,1,종일 가동,0
2021-07-09 03:00:00,109.0,115.40160133985445,117.1376396608567,115.00286774799794,111.84704550713222,1,1,종일 가동,0
2021-07-09 04:00:00,106.0,113.87760727694022,112.11185227495494,113.63814209335668,114.21218815240462,1,1,종일 가동,0
2021-07-09 05:00:00,105.0,115.04320532968826,112.8183593792462,116.2774221763292,115.62256163538088,1,1,종일 가동,0
2021-07-09 06:00:00,125.0,118.16041485703072,119.39811736610906,118.04917538215675,116.90629272183868,1,1,종일 가동,0
2021-07-09 07:00:00,156.0,149.79428622040263,146.04941489280571,148.09081337947973,152.6453781502647,1,1,종일 가동,0
2021-07-09 08:00:00,188.0,179.06791889767973,175.24909162931652,178.96854629610053,179.697358000534,1,1,종일 가동,1
2021-07-09 09:00:00,168.0,179.31520587069937,175.3723672117506,177.5109701264292,176.02603587080998,1,1,종일 가동,0
2021-07-09 10:00:00,176.0,181.7491776371852,179.68058434048143,181.4531647107639,181.79948044673623,1,1,종일 가동,0
2021-07-09 11:00:00,176.0,180.9847891218306,182.5814867148655,177.6041656748045,179.62525822810557,1,1,종일 가동,0
2021-07-09 12:00:00,112.0,121.52668152975946,119.44244933518434,122.4174557419879,120.73771050324878,1,1,종일 가동,0
2021-07-09 13:00:00,186.0,181.2718682855566,181.6322372053645,177.26394949835915,181.38483311565412,1,1,종일 가동,1
2021-07-09 14:00:00,192.0,175.75220376877618,178.27380707564487,178.6501129959016,180.66076016575866,1,1,종일 가동,1
2021-07-09 15:00:00,188.0,172.04455762267682,177.30401975871126,174.41763569409832,175.2098203081032,1,1,종일 가동,1
2021-07-09 16:00:00,176.0,177.55475536570543,176.98290091137554,174.38834024030174,176.37139038463613,1,1,종일 가동,0
2021-07-09 17:00:00,165.0,166.3423187223573,172.73418454263376,169.4601669300566,171.67686430082932,1,1,종일 가동,0
2021-07-09 18:00:00,174.0,164.09945506215183,164.86428400012812,165.07730208950588,166.02870386431943,1,1,종일 가동,0
2021-07-09 19:00:00,140.0,150.70611331347374,150.90512085604172,151.97666991019574,149.8974746565626,1,1,종일 가동,0
2021-07-09 20:00:00,111.0,118.65003437913268,120.29833840737103,118.25902724784291,119.61895625923938,1,1,종일 가동,0
2021-07-09 21:00:00,109.0,115.71073700880522,116.24128493396759,116.41730934869572,118.60092707412181,1,1,종일 가동,0
2021-07-09 22:00:00,111.0,112.55335210496465,114.86683601753057,111.90203545488438,114.12090182589115,1,1,종일 가동,0
2021-07-09 23:00:00,106.0,115.67484631628298,114.60356208694654,111.61975442003597,111.12901206814064,1,1,종일 가동,0
2021-07-10 00:00:00,70.0,74.52469366386039,72.61556114672004,68.39917797755845,53.230337610895184,1,1,가동 종료일,0
2021-07-10 01:00:00,102.0,112.32738245296761,111.86698430167449,108.60161638353037,102.16127632707239,1,1,가동 종료일,0
2021-07-10 02:00:00,100.0,116.82076337690205,113.80130316048773,109.70332094895397,102.23035587759792,1,1,가동 종료일,0
2021-07-10 03:00:00,106.0,114.25498293545793,110.31248022788049,111.96941588500115,105.7522769315686,1,1,가동 종료일,0
2021-07-10 04:00:00,106.0,115.60781542891084,110.25673889467289,107.62802117356455,101.91731258408133,1,1,가동 종료일,0
2021-07-10 05:00:00,97.0,114.31986197671918,108.14464029966324,111.69198053642188,105.21367480187719,1,1,가동 종료일,0
2021-07-10 06:00:00,104.0,114.89842181816296,112.79798721966179,112.50184644338432,104.27185663522911,1,1,가동 종료일,0
2021-07-10 07:00:00,105.0,86.83173200100805,91.86907770368836,81.05193596798755,86.52762357213557,1,1,가동 종료일,0
2021-07-10 08:00:00,27.0,36.3377809280914,25.708763322072777,45.64572745083039,31.618143225391673,0,0,가동 종료일,0
2021-07-10 09:00:00,27.0,36.94682872786566,22.611335375540556,46.039290354781954,32.077680692859765,0,0,가동 종료일,0
2021-07-10 10:00:00,32.0,38.27465017618946,23.356073117520875,47.68545081355004,32.24376515886389,0,0,가동 종료일,0
2021-07-10 11:00:00,31.0,35.54006036673022,24.53671424328143,45.736639493829344,32.295963262746575,0,0,가동 종료일,0
2021-07-10 12:00:00,26.0,33.527696522934036,23.764719459103908,45.700005351851686,31.86270891736393,0,0,가동 종료일,0
2021-07-10 13:00:00,28.0,36.835639650167025,25.22281676083781,46.06981026524471,31.972597678577014,0,0,가동 종료일,0
2021-07-10 14:00:00,23.0,30.622861730168232,23.3512116793887,46.78905412782059,33.55687235250635,0,0,가동 종료일,0
2021-07-10 15:00:00,25.0,30.259614712096862,24.283266647978916,46.72845393058071,31.000775982744447,0,0,가동 종료일,0
2021-07-10 16:00:00,27.0,31.048035102983565,23.740300657683214,47.38861230983075,31.804671644427014,0,0,가동 종료일,0
2021-07-10 17:00:00,23.0,31.190592080695936,24.551670389415666,46.898023131365306,30.338985630279893,0,0,가동 종료일,0
2021-07-10 18:00:00,22.0,29.897279814850297,24.03743298685614,46.56485235994994,30.974888114906747,0,0,가동 종료일,0
2021-07-10 19:00:00,26.0,29.997416045608425,23.824579406217133,46.31348065809449,31.59691670741646,0,0,가동 종료일,0
2021-07-10 20:00:00,23.0,29.118962176767862,24.878826942713516,46.898023131365306,30.167748940184932,0,0,가동 종료일,0
2021-07-10 21:00:00,23.0,28.312759806860743,23.784592205267902,46.56485235994994,31.02979363816979,0,0,가동 종료일,0
2021-07-10 22:00:00,26.0,28.757590211937732,23.78229785708255,46.96984583446637,31.869796796432507,0,0,가동 종료일,0
2021-07-10 23:00:00,23.0,29.073038769934342,24.848829853953696,47.017892463687545,29.9723904112869,0,0,가동 종료일,0
2021-07-11 00:00:00,23.0,26.748402678480023,23.19456075476015,45.89814789134918,29.844441939108762,0,0,비가동,0
2021-07-11 01:00:00,27.0,24.639818529393796,23.235555332000043,46.377067647847014,29.964483483093336,0,0,비가동,0
2021-07-11 02:00:00,23.0,27.47290264563897,23.5713108416156,46.14173971220687,29.798675010085137,0,0,비가동,0
2021-07-11 03:00:00,24.0,26.419197744554697,24.404353524764367,46.47491048362224,28.21211660279964,0,0,비가동,0
2021-07-11 04:00:00,24.0,27.206920953312803,23.354055553710833,45.873791261336436,29.554073153465847,0,0,비가동,0
2021-07-11 05:00:00,27.0,24.964895424759266,22.934311946620713,46.377067647847014,30.027495019062005,0,0,비가동,0
2021-07-11 06:00:00,22.0,25.870281546578653,24.234407638679958,46.26490466412248,28.4642521908407,0,0,비가동,0
2021-07-11 07:00:00,22.0,27.65946967110056,23.877768055952753,45.869780719895275,30.01220938640952,0,0,비가동,0
2021-07-11 08:00:00,27.0,32.58619370886381,24.64476796304815,49.33342819837744,30.536075034871317,0,0,비가동,0
2021-07-11 09:00:00,22.0,28.243148365077,23.780226438006377,47.170588949441495,28.760538706647967,0,0,비가동,0
2021-07-11 10:00:00,23.0,27.07091916776167,23.4959671706458,46.81955108632539,30.004047959778088,0,0,비가동,0
2021-07-11 11:00:00,28.0,28.94903809789075,24.27725124198872,49.12835402977623,29.763606495881238,0,0,비가동,0
2021-07-11 12:00:00,24.0,30.428748828573692,24.197547734319564,49.27551441932242,27.423508373464347,0,0,비가동,0
2021-07-11 13:00:00,24.0,28.02336537318605,24.431538429117342,47.3230123826821,32.48475687159136,0,0,비가동,0
2021-07-11 14:00:00,28.0,25.826308517167007,25.74697207700624,25.744936135415013,27.79404610744133,0,0,비가동,0
2021-07-11 15:00:00,24.0,29.93515046908349,24.490053232662127,28.46449877006978,27.595965537759152,0,0,비가동,0
2021-07-11 16:00:00,26.0,24.027949087787796,24.15118908423121,24.47816544200123,25.708353129568803,0,0,비가동,0
2021-07-11 17:00:00,26.0,23.885137823136827,23.649962136456924,24.2038296407548,25.41060317956157,0,0,비가동,0
2021-07-11 18:00:00,26.0,26.76000287781064,23.936921715070536,26.423769279575115,24.0155664853474,0,0,비가동,0
2021-07-11 19:00:00,23.0,24.75106081670433,23.67409423445605,23.878616064223362,24.462452528420794,0,0,비가동,0
2021-07-11 20:00:00,23.0,23.652372358426426,23.482781441145285,23.19916914522361,23.507254501676773,0,0,비가동,0
2021-07-11 21:00:00,28.0,23.96524899103024,23.83473792067825,24.824004534731873,22.937129163818685,0,0,비가동,0
2021-07-11 22:00:00,24.0,22.834022124871066,23.593733695317226,25.15470542677726,20.018866903511743,0,0,비가동,0
2021-07-11 23:00:00,23.0,21.92396184176086,23.62125329326222,23.19916914522361,23.09906410247855,0,0,비가동,0
2021-07-12 00:00:00,26.0,31.379524961785116,23.443681092576508,30.096547347263225,28.032647123033264,1,0,가동 시작일,0
2021-07-12 01:00:00,23.0,52.88706702507317,23.674664583268168,27.280352308945176,25.648812116055947,1,0,가동 시작일,0
2021-07-12 02:00:00,23.0,45.57547591715394,22.937255293771535,26.85954128155882,25.28675192666249,1,0,가동 시작일,0
2021-07-12 03:00:00,27.0,45.34052679458339,22.9014651285321,27.022739352365406,25.23117791417821,1,0,가동 시작일,0
2021-07-12 04:00:00,23.0,56.573731166837106,23.414184785644814,44.58406649196591,28.767409203413415,1,0,가동 시작일,0
2021-07-12 05:00:00,23.0,52.459607559563906,23.875990172613943,26.85954128155882,25.354149431468198,1,0,가동 시작일,0
2021-07-12 06:00:00,25.0,49.234805268137904,24.576667791382473,27.373469863089085,29.29872191347116,1,0,가동 시작일,0
2021-07-12 07:00:00,123.0,113.87042404274241,103.62605224729764,114.02248673470375,109.83990869033676,1,1,가동 시작일,0
2021-07-12 08:00:00,198.0,187.00830741439103,189.14661168713548,181.55969884990657,179.79025028297866,1,1,가동 시작일,1
2021-07-12 09:00:00,195.0,179.15027466495607,177.55699156235653,178.15813343353565,177.09365073678916,1,1,가동 시작일,1
2021-07-12 10:00:00,186.0,182.67153630680224,181.8644038691663,183.66351967747582,179.7906585757016,1,1,가동 시작일,1
2021-07-12 11:00:00,188.0,182.65724232109324,183.6807162291849,178.38984139924443,178.32789614339404,1,1,가동 시작일,1
2021-07-12 12:00:00,134.0,121.40846552904291,125.44089946079161,123.21492344459432,118.39919912118906,1,1,가동 시작일,0
2021-07-12 13:00:00,178.0,180.4450176546921,185.16399002445138,180.85843347693248,178.01702023973849,1,1,가동 시작일,0
2021-07-12 14:00:00,190.0,176.09711559379048,178.77558875859714,176.92293487487044,176.78067485706597,1,1,가동 시작일,1
2021-07-12 15:00:00,188.0,183.0660749742545,185.681069721465,180.28390282850006,179.0284084792741,1,1,가동 시작일,1
2021-07-12 16:00:00,177.0,173.68522179045974,171.595323221421,171.57451765723997,171.44525979764182,1,1,가동 시작일,0
2021-07-12 17:00:00,173.0,159.55118122348918,160.64695053091899,158.51264141363666,156.25821089784813,1,1,가동 시작일,0
2021-07-12 18:00:00,164.0,176.9930464876524,176.15190276552704,175.02432757574306,176.36984985198924,1,1,가동 시작일,0
2021-07-12 19:00:00,175.0,165.44472461366755,160.77754588775832,162.0518727244905,161.07541208543802,1,1,가동 시작일,0
2021-07-12 20:00:00,136.0,128.38285376596423,126.27347914356731,123.52760384826061,120.56112670278011,1,1,가동 시작일,0
2021-07-12 21:00:00,133.0,125.68728616510685,122.93816015365452,120.40490287083242,124.23932133780076,1,1,가동 시작일,0
2021-07-12 22:00:00,125.0,115.54065775966629,121.01445541457541,120.57236139139556,116.73810167716925,1,1,가동 시작일,0
2021-07-12 23:00:00,115.0,114.98061725719599,121.29107463182986,118.18091167298458,115.85452819189527,1,1,가동 시작일,0
2021-07-13 00:00:00,70.0,73.2196946030295,73.77694001503203,72.35207717971988,46.982776329777664,1,1,종일 가동,0
2021-07-13 01:00:00,119.0,112.0837698850085,112.95452201764684,117.11723247425442,105.60941537893744,1,1,종일 가동,0
2021-07-13 02:00:00,117.0,112.5033886243723,115.20167911152802,115.46769754272094,102.4542456317919,1,1,종일 가동,0
2021-07-13 03:00:00,115.0,115.97452664226984,114.5919589244394,118.52980401678847,108.83519378510476,1,1,종일 가동,0
2021-07-13 04:00:00,112.0,111.49853868172343,114.02224010853998,117.36887916920422,105.90886916575585,1,1,종일 가동,0
2021-07-13 05:00:00,162.0,112.40264388772427,114.33589425803264,115.62661255598132,103.38081885674106,1,1,종일 가동,0
2021-07-13 06:00:00,125.0,113.64283439238731,116.51502586193338,117.94449610639195,106.8771408712373,1,1,종일 가동,0
2021-07-13 07:00:00,113.0,155.8310246305303,148.61292780358448,158.26206602151538,138.2988077221956,1,1,종일 가동,0
2021-07-13 08:00:00,112.0,184.51630275203857,183.34277779283943,186.8534765212117,146.2622765360865,1,1,종일 가동,0
2021-07-13 09:00:00,118.0,185.0901181621573,183.10919415703128,184.4985922488265,145.799575426815,1,1,종일 가동,0
2021-07-13 10:00:00,138.0,180.70910251366226,175.3376927880213,181.62838819266912,138.04181373665966,1,1,종일 가동,0
2021-07-13 11:00:00,167.0,182.37202130868747,183.0952559359471,184.83192389435158,125.03423631761372,1,1,종일 가동,0
2021-07-13 12:00:00,129.0,132.5080340148442,131.08037823402142,129.64489127186116,109.39631685377925,1,1,종일 가동,0
2021-07-13 13:00:00,112.0,180.07128698911407,176.65300266764277,180.23192256714023,111.01841587458395,1,1,종일 가동,0
2021-07-13 14:00:00,174.0,178.97317328831207,179.3289510184802,182.44462125766418,116.16412419003642,1,1,종일 가동,0
2021-07-13 15:00:00,186.0,175.30054118745977,174.2084126330056,176.4056121585139,109.41384853663997,1,1,종일 가동,1
2021-07-13 16:00:00,181.0,174.46213428236996,170.4259800317624,173.50309369878337,105.85442331897524,1,1,종일 가동,1
2021-07-13 17:00:00,147.0,155.40044423428432,151.30801370099,159.65295190732692,89.61526105907208,1,1,종일 가동,0
2021-07-13 18:00:00,160.0,169.2528167491057,169.8135618220648,170.10467532135058,111.05970811831669,1,1,종일 가동,0
2021-07-13 19:00:00,187.0,168.95258064838026,167.25903084535736,173.18002324196866,102.46998761547171,1,1,종일 가동,1
2021-07-13 20:00:00,189.0,134.45254013334468,133.57037708719665,131.3558193592692,107.39040432293733,1,1,종일 가동,1
2021-07-13 21:00:00,179.0,128.51438512096095,124.95079678433879,122.66714417520643,101.63514764402011,1,1,종일 가동,1
2021-07-13 22:00:00,187.0,119.29224158559657,119.79878247951754,120.14178879686234,100.22205277760169,1,1,종일 가동,1
2021-07-13 23:00:00,190.0,117.73418350558215,118.14856167228515,119.21000396738494,103.61730517383765,1,1,종일 가동,1
2021-07-14 00:00:00,75.0,72.56725916440192,71.28839302086105,77.08711392966384,90.51713827421673,1,1,종일 가동,0
2021-07-14 01:00:00,112.0,117.68877121945599,117.02440476761136,117.60072801917684,117.46644778430999,1,1,종일 가동,0
2021-07-14 02:00:00,109.0,116.12628097903685,119.49227847192186,115.97526216176303,115.4674165344438,1,1,종일 가동,0
2021-07-14 03:00:00,114.0,114.38375772401142,114.50570864815518,114.89794825896362,114.84828218017715,1,1,종일 가동,0
2021-07-14 04:00:00,107.0,115.2712338138388,116.24436540326471,112.83662904410242,112.75764426800902,1,1,종일 가동,0
2021-07-14 05:00:00,115.0,126.75404430906696,122.87981769742964,120.39619882597205,118.72626187065734,1,1,종일 가동,0
2021-07-14 06:00:00,112.0,120.67540481366132,120.33086304725052,119.81164395905537,121.00282249854445,1,1,종일 가동,0
2021-07-14 07:00:00,154.0,150.21871016887422,143.56481409628697,148.2945844438054,148.95006115301777,1,1,종일 가동,0
2021-07-14 08:00:00,186.0,178.29326603455252,187.81377453006493,175.2681837839061,174.6355966936886,1,1,종일 가동,1
2021-07-14 09:00:00,195.0,177.3695928952943,184.97963157857407,172.2738076962968,172.399496416936,1,1,종일 가동,1
2021-07-14 10:00:00,185.0,177.48171921994546,173.3024013172059,173.55273808543555,173.4442452282551,1,1,종일 가동,1
2021-07-14 11:00:00,193.0,174.04771493398204,170.04541305066437,171.31747663023597,172.43395370116417,1,1,종일 가동,1
2021-07-14 12:00:00,110.0,121.70126582574025,124.68659815433227,123.43113420177457,122.92803884628961,1,1,종일 가동,0
2021-07-14 13:00:00,179.0,169.88007618736,175.52492760519712,172.31325873040382,173.4427400950925,1,1,종일 가동,1
2021-07-14 14:00:00,186.0,169.2845188140175,168.38293780698405,174.79648759047697,175.78354215006854,1,1,종일 가동,1
2021-07-14 15:00:00,141.0,169.26272651313622,169.53508223233263,174.68784642691182,175.08408392363913,1,1,종일 가동,0
2021-07-14 16:00:00,156.0,168.11261557950158,169.56958382170745,170.62062658212452,174.0643728290649,1,1,종일 가동,0
2021-07-14 17:00:00,179.0,157.50188247534248,167.1395397339542,166.63980578814935,167.77588999784783,1,1,종일 가동,1
2021-07-14 18:00:00,169.0,163.00703133700478,167.53265141622487,163.37125868558317,164.09917032616605,1,1,종일 가동,0
2021-07-14 19:00:00,148.0,165.49812417567668,168.14180725324968,171.12325940536843,173.77550585101807,1,1,종일 가동,0
2021-07-14 20:00:00,120.0,128.47635146116235,138.65294179322265,132.63137423725962,135.13043356145576,1,1,종일 가동,0
2021-07-14 21:00:00,113.0,124.95695706249593,135.49167802333707,128.45092477414298,123.65657593107747,1,1,종일 가동,0
2021-07-14 22:00:00,115.0,125.69993280151708,135.76880830922292,130.18970419355665,124.77350967410058,1,1,종일 가동,0
2021-07-14 23:00:00,112.0,125.40966505931576,135.62169393704158,131.04293702432756,135.89237518396163,1,1,종일 가동,0
2021-07-15 00:00:00,70.0,60.916558575906166,73.33854075806745,76.35178029552189,49.524150724178064,0,1,종일 가동,0
2021-07-15 01:00:00,106.0,118.32210256160951,118.97679501992917,117.26995390818594,105.53074539471429,0,1,종일 가동,0
2021-07-15 02:00:00,119.0,109.06267104264447,117.0852378031047,116.9035412131009,103.82444568705263,0,1,종일 가동,0
2021-07-15 03:00:00,111.0,112.463014287212,118.3940614637157,118.66627043681846,107.0607390341712,0,1,종일 가동,0
2021-07-15 04:00:00,121.0,105.71171936561734,114.57056534117936,113.63792345610045,103.65856061309533,0,1,종일 가동,0
2021-07-15 05:00:00,96.0,109.86990175452068,135.43425712121777,118.24032043373688,105.24833456996112,0,1,종일 가동,0
2021-07-15 06:00:00,108.0,104.96485329855038,119.32904993327347,117.60554481546,103.23674693900108,0,1,종일 가동,0
2021-07-15 07:00:00,110.0,149.58967513872574,144.06846049134904,149.57877810705818,91.48111312578897,1,1,종일 가동,0
2021-07-15 08:00:00,144.0,176.30617854640553,173.45830543005633,178.20164266065143,90.56553738580955,1,1,종일 가동,0
2021-07-15 09:00:00,120.0,178.2904921800333,179.6139629330981,180.45739183947816,94.95248927817164,1,1,종일 가동,0
2021-07-15 10:00:00,110.0,176.97422339798774,180.19527477180458,178.11590147251857,55.06991462530768,1,1,종일 가동,0
2021-07-15 11:00:00,168.0,179.79614075361977,185.7396312737247,178.87423967856424,46.02605392307938,1,1,종일 가동,0
2021-07-15 12:00:00,123.0,119.11287584337609,119.142491211241,118.75290962076912,104.2651687494394,1,1,종일 가동,0
2021-07-15 13:00:00,130.0,173.40982779219024,180.14179326475593,177.29890856013202,90.04749868865862,1,1,종일 가동,0
2021-07-15 14:00:00,169.0,171.10131534890084,180.02466542714058,175.7737683252412,41.575166471287595,1,1,종일 가동,0
2021-07-15 15:00:00,159.0,169.3664345715167,178.55674962613153,171.59525983136527,61.65245038887125,1,1,종일 가동,0
2021-07-15 16:00:00,193.0,168.014713500039,171.47730014817688,171.43454803740318,62.85051488017239,1,1,종일 가동,1
2021-07-15 17:00:00,174.0,167.79432963637038,158.911531854158,166.36905025564724,45.7844854363983,1,1,종일 가동,0
2021-07-15 18:00:00,202.0,167.34160988982921,164.93288419570644,166.07284418738763,53.91709607489003,1,1,종일 가동,1
2021-07-15 19:00:00,162.0,166.08372763252348,163.37253788669773,162.5930739795137,67.54572404466981,1,1,종일 가동,0
2021-07-15 20:00:00,166.0,142.80928739919503,151.7510269019402,144.09149293212835,91.62487538676434,1,1,종일 가동,0
2021-07-15 21:00:00,190.0,141.95806963361386,151.2299572426439,138.84909685141594,89.8421609727122,1,1,종일 가동,1
2021-07-15 22:00:00,202.0,119.34124789478655,136.7093783628633,121.17337899779848,106.64939914268163,1,1,종일 가동,1
2021-07-15 23:00:00,193.0,121.40358770964876,134.7117358121475,121.94165545974843,98.99520623596598,1,1,종일 가동,1
2021-07-16 00:00:00,67.0,68.5935079853569,72.99335097957699,72.92857458850423,82.34788446570774,1,1,종일 가동,0
2021-07-16 01:00:00,100.0,113.49869762218353,113.36155735549681,112.65168604202479,112.10039487802135,1,1,종일 가동,0
2021-07-16 02:00:00,103.0,118.21911036179341,116.98557252669292,114.9598094332997,116.43472837384272,1,1,종일 가동,0
2021-07-16 03:00:00,114.0,112.9038173274699,115.31481078285631,112.53485425655388,111.88977344638666,1,1,종일 가동,0
2021-07-16 04:00:00,109.0,117.27454496597629,116.65675402976564,117.18568520970469,117.28028068851121,1,1,종일 가동,0
2021-07-16 05:00:00,107.0,110.87693818799274,109.77823413225714,112.61845446911165,112.17504798835742,1,1,종일 가동,0
2021-07-16 06:00:00,109.0,116.0918039103734,115.88945498758807,116.12882214835253,120.97136616705997,1,1,종일 가동,0
2021-07-16 07:00:00,157.0,148.73633015232238,157.20837379823823,152.13716230887164,150.77995681022375,1,1,종일 가동,0
2021-07-16 08:00:00,194.0,174.5319069264282,177.8515000764493,173.48333144607224,171.73222361965102,1,1,종일 가동,1
2021-07-16 09:00:00,190.0,174.06621373247955,178.22353962032983,170.93827652468084,170.76162215838872,1,1,종일 가동,1
2021-07-16 10:00:00,187.0,171.6162254262744,176.1413355005764,171.9398799952501,170.87660185901274,1,1,종일 가동,1
2021-07-16 11:00:00,197.0,174.7778385490848,171.80103293873614,168.94847585566887,171.60248108850647,1,1,종일 가동,1
2021-07-16 12:00:00,128.0,120.69585453988013,121.49361131114792,121.44475170764262,119.10283756174353,1,1,종일 가동,0
2021-07-16 13:00:00,181.0,173.71070195715498,173.00467090884985,172.79813027531353,171.07193060896688,1,1,종일 가동,1
2021-07-16 14:00:00,181.0,169.57676992933472,170.15693166981637,170.73923332068048,171.9797395265572,1,1,종일 가동,1
2021-07-16 15:00:00,189.0,167.34151582906836,169.85318252901249,165.412124538259,166.8171108848474,1,1,종일 가동,1
2021-07-16 16:00:00,178.0,173.31391316515078,177.95501841593492,175.50550463876485,178.30243936476543,1,1,종일 가동,0
2021-07-16 17:00:00,176.0,163.37716307939755,169.11886477059815,172.50925523426335,172.69502053778373,1,1,종일 가동,0
2021-07-16 18:00:00,168.0,170.2343675078384,173.65053739988758,175.71379683481277,179.19779132242397,1,1,종일 가동,0
2021-07-16 19:00:00,146.0,143.8357001936306,144.07068769390142,141.3294433030819,144.22402383015756,1,1,종일 가동,0
2021-07-16 20:00:00,123.0,123.91541238754127,124.78081440000668,120.96370915711589,120.15825562790079,1,1,종일 가동,0
2021-07-16 21:00:00,120.0,124.80998986962162,136.4865573449392,128.99447380793137,127.53126832684028,1,1,종일 가동,0
2021-07-16 22:00:00,112.0,124.81852848133983,138.02521709199527,130.21624331548168,128.0274227661687,1,1,종일 가동,0
2021-07-16 23:00:00,118.0,120.02513729551184,135.2310801855291,123.4571618522303,130.19524607316598,1,1,종일 가동,0
2021-07-17 00:00:00,66.0,68.37476839522907,68.32467600614356,67.91149252696471,69.73787016984717,1,1,가동 종료일,0
2021-07-17 01:00:00,110.0,114.54312480134791,112.95138215070577,111.00648432033788,109.68723019497962,1,1,가동 종료일,0
2021-07-17 02:00:00,105.0,115.0630462523723,111.6037567072612,114.4820043745203,110.82095166050796,1,1,가동 종료일,0
2021-07-17 03:00:00,102.0,117.0295843586881,114.18323315378376,112.54202111839994,110.71908344860694,1,1,가동 종료일,0
2021-07-17 04:00:00,103.0,112.34437146159082,111.78967621793167,111.91749782875466,110.84627218562957,1,1,가동 종료일,0
2021-07-17 05:00:00,108.0,110.21376215577085,107.10272190579616,98.20125778722482,104.70196618104558,1,1,가동 종료일,0
2021-07-17 06:00:00,96.0,112.88453525848104,110.4938804317347,106.49213984123168,107.45236736000756,1,1,가동 종료일,0
2021-07-17 07:00:00,88.0,110.80703113701007,96.67900674367012,110.65048842192697,112.9560626193165,1,1,가동 종료일,0
2021-07-17 08:00:00,27.0,42.71469879489215,25.814243365368537,46.77689303278825,35.18329073055097,0,0,가동 종료일,0
2021-07-17 09:00:00,24.0,36.56831470375319,25.573574806639286,30.240649774281017,33.52268244727762,0,0,가동 종료일,0
2021-07-17 10:00:00,24.0,36.361051581154385,24.248271472564483,30.382247789902955,29.677529855035605,0,0,가동 종료일,0
2021-07-17 11:00:00,27.0,36.617177889605586,24.344255971533865,29.47786526681572,33.70518348127794,0,0,가동 종료일,0
2021-07-17 12:00:00,26.0,32.09114654299773,24.660188222886593,24.962445550427354,28.298409965104934,0,0,가동 종료일,0
2021-07-17 13:00:00,24.0,33.400543588589656,23.637570426611543,24.684958661457898,27.39101238609025,0,0,가동 종료일,0
2021-07-17 14:00:00,24.0,32.65551833488678,23.731744916407102,23.64319281042154,26.291759202225354,0,0,가동 종료일,0
2021-07-17 15:00:00,28.0,33.454494485503666,25.845577717026746,24.95340706640456,27.424076874849675,0,0,가동 종료일,0
2021-07-17 16:00:00,24.0,34.24829966507836,24.893380440746505,26.552117720348914,29.09548637803504,0,0,가동 종료일,0
2021-07-17 17:00:00,23.0,31.970883609125284,23.922845764357223,22.3278030197823,25.734236011675698,0,0,가동 종료일,0
2021-07-17 18:00:00,27.0,32.79751186073645,24.303113950247017,22.5383017572175,26.987796700303573,0,0,가동 종료일,0
2021-07-17 19:00:00,23.0,32.31002129575632,24.53727108123622,25.67237433072774,28.331325784229172,0,0,가동 종료일,0
2021-07-17 20:00:00,23.0,32.779731198708646,24.38440461486483,23.383697733475238,26.055076441973966,0,0,가동 종료일,0
2021-07-17 21:00:00,24.0,33.19462229476818,24.412005537154307,23.504690063251314,25.772118184548017,0,0,가동 종료일,0
2021-07-17 22:00:00,28.0,34.76529011957683,24.300074425485906,49.08285292363212,35.158406297432855,0,0,가동 종료일,0
2021-07-17 23:00:00,24.0,31.1824715360159,25.231837907429487,46.72710095500874,32.24385050586807,0,0,가동 종료일,0
2021-07-18 00:00:00,24.0,29.155314875665358,23.289717295592816,46.10414316940776,29.98833410624868,0,0,비가동,0
2021-07-18 01:00:00,28.0,29.91774168090932,24.527350735831977,48.29040846582778,29.57012431626925,0,0,비가동,0
2021-07-18 02:00:00,24.0,29.241438775567673,23.72700421860145,46.34773499026545,30.243899983267557,0,0,비가동,0
2021-07-18 03:00:00,24.0,29.91839451953515,23.438865888655698,46.41042199964309,29.812957381690758,0,0,비가동,0
2021-07-18 04:00:00,28.0,29.873973294933894,23.277899305546853,46.41042199964309,29.695766226051255,0,0,비가동,0
2021-07-18 05:00:00,22.0,28.805030568549093,24.065504649973466,48.29040846582778,28.97988740831585,0,0,비가동,0
2021-07-18 06:00:00,23.0,29.43810021235712,23.464160164604884,45.89348529699994,30.169544272860822,0,0,비가동,0
2021-07-18 07:00:00,28.0,29.50142159575151,23.795768509949777,45.882054726435086,30.146875478392186,0,0,비가동,0
2021-07-18 08:00:00,24.0,36.67802231147935,24.953741664677867,48.92686944394338,32.5356043164337,0,0,비가동,0
2021-07-18 09:00:00,23.0,30.580274894293204,24.53606657377249,46.105658948493684,30.38086746966923,0,0,비가동,0
2021-07-18 10:00:00,23.0,30.739491122028994,24.317528378947074,46.77892749722352,30.416441268082778,0,0,비가동,0
2021-07-18 11:00:00,27.0,33.26257550127949,26.7579487072561,27.789111638768777,28.426817200743827,0,0,비가동,0
2021-07-18 12:00:00,23.0,26.723984935877414,23.661044015590385,24.26823852407128,24.70973827449959,0,0,비가동,0
2021-07-18 13:00:00,23.0,27.312781602869606,24.342622050051467,24.577443240224433,24.609629581217746,0,0,비가동,0
2021-07-18 14:00:00,27.0,32.495549557926715,25.031371374360173,28.106441128564853,26.946138065534058,0,0,비가동,0
2021-07-18 15:00:00,26.0,25.399856240243146,24.86041622507358,24.165975614361734,22.39801736921018,0,0,비가동,0
2021-07-18 16:00:00,23.0,24.375022642632054,24.8139254346394,24.12870573110889,24.813499831596967,0,0,비가동,0
2021-07-18 17:00:00,27.0,24.61273583783271,24.46599152413985,23.723895643735137,24.325105787319387,0,0,비가동,0
2021-07-18 18:00:00,25.0,24.935090264287993,23.80919098911466,25.30990686667801,24.063930572297227,0,0,비가동,0
2021-07-18 19:00:00,23.0,24.561125002147893,24.08474619275744,23.591524081434816,23.96535362228117,0,0,비가동,0
2021-07-18 20:00:00,23.0,23.748118015635992,23.560381843345333,23.573656989734072,23.89491243162184,0,0,비가동,0
2021-07-18 21:00:00,28.0,25.200636249276158,24.550019444358295,26.54676170579528,24.228123072565836,0,0,비가동,0
2021-07-18 22:00:00,24.0,23.689851656673195,24.21106471496044,23.40516442328219,24.034410661376246,0,0,비가동,0
2021-07-18 23:00:00,23.0,24.986570439610446,23.645898891894692,26.352889992177328,24.25402625285673,0,0,비가동,0
2021-07-19 00:00:00,28.0,35.10636180732991,24.31205738875905,30.750115253645305,29.26295184338048,1,0,가동 시작일,0
2021-07-19 01:00:00,24.0,52.7049067836842,23.972086423744944,27.11297432905662,25.77632536626939,1,0,가동 시작일,0
2021-07-19 02:00:00,24.0,44.826673164047165,23.18563149963825,27.11297432905662,25.683222968026246,1,0,가동 시작일,0
2021-07-19 03:00:00,24.0,51.59487821249827,23.449852735303992,30.247479919864375,27.839414559175825,1,0,가동 시작일,0
2021-07-19 04:00:00,27.0,48.855948613949295,23.674664583268168,27.486347587003763,25.71450583623791,1,0,가동 시작일,0
2021-07-19 05:00:00,23.0,48.322529322443856,23.22681358067788,27.11297432905662,25.62110129354076,1,0,가동 시작일,0
2021-07-19 06:00:00,23.0,57.546465741290085,24.311227033588413,28.523936101331564,29.764315760159263,1,0,가동 시작일,0
2021-07-19 07:00:00,119.0,120.36225353446709,104.02562515313632,123.13749693049286,117.71721119532494,1,1,가동 시작일,0
2021-07-19 08:00:00,200.0,186.81136222100744,187.45403394670646,182.53161747290454,182.57786247922485,1,1,가동 시작일,1
2021-07-19 09:00:00,185.0,182.76117311010617,183.13287028626684,178.38148007912665,180.61228906166582,1,1,가동 시작일,1
2021-07-19 10:00:00,209.0,186.08294431029444,183.61403325592957,180.54193402923843,179.98270935927366,1,1,가동 시작일,1
2021-07-19 11:00:00,222.0,185.4969903020369,184.74585074444082,179.31775122636608,179.94863514246532,1,1,가동 시작일,1
2021-07-19 12:00:00,134.0,125.27114135151098,127.16310742651511,125.3144343029361,122.27763659477054,1,1,가동 시작일,0
2021-07-19 13:00:00,193.0,180.307250276701,178.68424149532376,176.5661092802154,175.54311828465598,1,1,가동 시작일,1
2021-07-19 14:00:00,190.0,180.5711756744496,179.92753155175677,175.9714959481835,177.99145581645814,1,1,가동 시작일,1
2021-07-19 15:00:00,201.0,182.91599804162084,179.62491867627793,179.9205155327917,178.95052583860902,1,1,가동 시작일,1
2021-07-19 16:00:00,187.0,175.81926431085049,171.50867292031538,173.4085789735798,172.55176469355243,1,1,가동 시작일,1
2021-07-19 17:00:00,190.0,166.37661634423517,167.92081330123995,169.5287745400232,166.62834901863314,1,1,가동 시작일,1
2021-07-19 18:00:00,188.0,166.47362049420923,167.03453206806964,166.7813947724131,166.74853004953673,1,1,가동 시작일,1
2021-07-19 19:00:00,162.0,167.19033091218347,167.054704341867,169.51602204515697,168.36897646583864,1,1,가동 시작일,0
2021-07-19 20:00:00,136.0,132.79521781142944,126.92222861323884,127.7501617735954,126.25516987156753,1,1,가동 시작일,0
2021-07-19 21:00:00,129.0,130.72778597654678,126.48681743451499,122.45016177359538,123.44363888629782,1,1,가동 시작일,0
2021-07-19 22:00:00,114.0,124.70314241795973,123.72944986615488,124.34383299956994,120.26297516880562,1,1,가동 시작일,0
2021-07-19 23:00:00,120.0,113.95525668772649,119.15859255479323,120.57193926730193,116.23513881752656,1,1,가동 시작일,0
2021-07-20 00:00:00,76.0,76.66110784422813,69.67678810881284,72.31961322719579,84.89377725538627,1,1,종일 가동,0
2021-07-20 01:00:00,112.0,115.17021120578042,116.18473109092014,119.15629387651585,120.4869481837073,1,1,종일 가동,0
2021-07-20 02:00:00,106.0,117.9129949145798,117.49219580433694,118.80840126505164,119.90872318072856,1,1,종일 가동,0
2021-07-20 03:00:00,116.0,114.22177017860558,115.92013774554451,117.90593480576281,112.60152562427214,1,1,종일 가동,0
2021-07-20 04:00:00,110.0,112.45415152259369,115.8890300959735,119.46305564829345,113.6553496081237,1,1,종일 가동,0
2021-07-20 05:00:00,106.0,158.9709214786488,157.5922532915725,165.0449623761136,157.10902929673907,1,1,종일 가동,0
2021-07-20 06:00:00,117.0,123.50504889241111,120.84731970441119,121.06823557964323,118.29008401498682,1,1,종일 가동,0
2021-07-20 07:00:00,148.0,135.43640708533349,147.31411813976806,132.2952316731656,128.14117215870422,1,1,종일 가동,0
2021-07-20 08:00:00,201.0,161.00483169927463,178.70536814600524,162.25297950090462,157.16996568131142,1,1,종일 가동,1
2021-07-20 09:00:00,200.0,157.94725411660303,175.81816964400224,163.5121795558649,160.83430744990181,1,1,종일 가동,1
2021-07-20 10:00:00,197.0,164.5824166154174,175.53249520989957,163.8728597325244,167.38363895865436,1,1,종일 가동,1
2021-07-20 11:00:00,192.0,184.6419019915342,184.0607214606916,183.89753613954426,183.9600945596887,1,1,종일 가동,1
2021-07-20 12:00:00,142.0,128.84072865138535,129.1555627032928,121.90491546567357,122.89973101335191,1,1,종일 가동,0
2021-07-20 13:00:00,194.0,157.90339420640012,170.73834088594668,160.3320106377665,154.32680950534325,1,1,종일 가동,1
2021-07-20 14:00:00,192.0,181.4974200338722,180.59012178500734,182.5683244379035,183.87031002512254,1,1,종일 가동,1
2021-07-20 15:00:00,199.0,177.48942843524148,176.58905755911684,180.7214500963846,180.92883407837587,1,1,종일 가동,1
2021-07-20 16:00:00,201.0,173.80345156359022,173.5421422574617,176.0180934666632,175.70206623638123,1,1,종일 가동,1
2021-07-20 17:00:00,159.0,161.32628575876274,159.63668137522782,164.526546648947,164.9078943714183,1,1,종일 가동,0
2021-07-20 18:00:00,182.0,170.00582486561345,168.31701337244195,171.8494140990787,172.23291903712928,1,1,종일 가동,1
2021-07-20 19:00:00,176.0,169.2931699714226,164.76704774408267,168.51385222770054,167.97827280717254,1,1,종일 가동,0
2021-07-20 20:00:00,132.0,161.3589991740111,161.1266979799624,165.73206865959904,158.80855494034378,1,1,종일 가동,0
2021-07-20 21:00:00,137.0,158.00274789695615,158.35270760454907,164.6121525395802,163.21102540317742,1,1,종일 가동,0
2021-07-20 22:00:00,121.0,156.7808000168061,158.13278904259883,168.65077823564278,158.66995491206663,1,1,종일 가동,0
2021-07-20 23:00:00,117.0,157.11629032381128,157.4451329152986,165.70442951670674,155.8254652014026,1,1,종일 가동,0
2021-07-21 00:00:00,85.0,71.49210313061455,69.79724168927932,87.76648777414269,86.67876553991421,1,1,종일 가동,0
2021-07-21 01:00:00,113.0,114.02979336177772,114.04045003242739,113.80032790072829,112.541177481682,1,1,종일 가동,0
2021-07-21 02:00:00,108.0,112.7489226790658,112.17628405104912,114.475280078264,111.85385152638001,1,1,종일 가동,0
2021-07-21 03:00:00,111.0,116.5021690522386,118.5286523082481,116.6655697609753,116.38840639692305,1,1,종일 가동,0
2021-07-21 04:00:00,117.0,115.0427157954997,113.50645180685072,119.20022676160787,112.29043181586849,1,1,종일 가동,0
2021-07-21 05:00:00,111.0,114.70429135736094,111.37865584513565,108.52073878117409,113.71923797345782,1,1,종일 가동,0
2021-07-21 06:00:00,110.0,115.53247107311529,120.46122740800527,110.71001053798197,118.06197340283988,1,1,종일 가동,0
2021-07-21 07:00:00,149.0,152.13104184666423,148.5038365648473,150.8540825261837,152.2712648176979,1,1,종일 가동,0
2021-07-21 08:00:00,209.0,181.47039547075696,184.95200346867333,180.88079727847824,181.22712738538385,1,1,종일 가동,1
2021-07-21 09:00:00,214.0,178.02136631997485,180.25652268870664,179.0158146511769,179.5649945544368,1,1,종일 가동,1
2021-07-21 10:00:00,197.0,178.7134838088764,178.47474063819607,179.82903012479878,179.78062684664522,1,1,종일 가동,1
2021-07-21 11:00:00,206.0,180.93858468907374,178.72048296983354,175.2686365836949,179.73789817735468,1,1,종일 가동,1
2021-07-21 12:00:00,150.0,120.84206238197416,118.6017468278764,120.18864807293771,121.71189638241772,1,1,종일 가동,0
2021-07-21 13:00:00,204.0,183.15752345151046,182.3145095263396,178.19482436302056,181.86268497282964,1,1,종일 가동,1
2021-07-21 14:00:00,203.0,178.55074379691928,181.52305469475974,177.72837757246776,180.1612202362269,1,1,종일 가동,1
2021-07-21 15:00:00,199.0,169.00103240437588,175.54359823634155,166.5745066712328,170.78854586573968,1,1,종일 가동,1
2021-07-21 16:00:00,189.0,178.90713662715152,182.45466127207916,176.9472167815758,180.06427574473062,1,1,종일 가동,1
2021-07-21 17:00:00,153.0,172.8731832878487,172.62810384834413,170.77810572148812,171.96198304556734,1,1,종일 가동,0
2021-07-21 18:00:00,168.0,177.40240308013094,175.3886751582635,176.2877366819288,176.04604948629202,1,1,종일 가동,0
2021-07-21 19:00:00,174.0,167.89191140384887,161.39165203659016,164.72582251072834,168.14614735885442,1,1,종일 가동,0
2021-07-21 20:00:00,138.0,119.49920670511068,120.18989620178563,119.46861225033301,119.05059220202197,1,1,종일 가동,0
2021-07-21 21:00:00,118.0,117.81116910411623,119.24890426925768,118.24081265943971,120.24679970865247,1,1,종일 가동,0
2021-07-21 22:00:00,114.0,116.7290019477653,120.14255835545173,119.16831462128907,119.77114244283965,1,1,종일 가동,0
2021-07-21 23:00:00,111.0,115.56678386649605,119.79799448929663,115.75932356885005,117.46410588616094,1,1,종일 가동,0
2021-07-22 00:00:00,73.0,61.5159555372635,74.96718564996246,70.47221204030403,81.86006743559477,0,1,종일 가동,0
2021-07-22 01:00:00,106.0,108.7150153140312,116.32417071676973,106.46350894885438,111.24050572113629,0,1,종일 가동,0
2021-07-22 02:00:00,111.0,99.74889790171933,117.76540515019806,113.47972859934904,115.84457782807381,0,1,종일 가동,0
2021-07-22 03:00:00,105.0,107.74995955292954,118.67561125307599,113.06459770836939,113.98444154235025,0,1,종일 가동,0
2021-07-22 04:00:00,108.0,100.16743503649205,118.205181965593,114.59095495421816,116.78109521638129,0,1,종일 가동,0
2021-07-22 05:00:00,103.0,95.1660130919391,110.58367715857227,114.12432745899352,104.41881153137196,0,1,종일 가동,0
2021-07-22 06:00:00,109.0,110.46343173029,115.2868084592831,112.15685109433979,113.95536191525319,0,1,종일 가동,0
2021-07-22 07:00:00,146.0,124.82645676013414,148.55221706837148,137.6300456365727,132.2197874195792,1,1,종일 가동,0
2021-07-22 08:00:00,213.0,181.3923595655203,181.794025237443,167.6739032682362,175.62407685089386,1,1,종일 가동,1
2021-07-22 09:00:00,197.0,161.7831960970433,179.00372851026782,161.10252756772928,167.15875909313704,1,1,종일 가동,1
2021-07-22 10:00:00,192.0,162.18712154454394,185.0495484420795,162.69101780832833,159.60889977618203,1,1,종일 가동,1
2021-07-22 11:00:00,192.0,181.67073909758005,185.70283736116104,178.74310364470722,180.14833293714497,1,1,종일 가동,1
2021-07-22 12:00:00,119.0,119.96749178319271,129.3649427386572,121.74735311418642,122.36828552500717,1,1,종일 가동,0
2021-07-22 13:00:00,177.0,165.6040430472687,181.27038565647507,165.298382052402,170.08931125655937,1,1,종일 가동,0
2021-07-22 14:00:00,189.0,177.74593176616517,183.8014877913028,180.31032230595773,180.8149682878465,1,1,종일 가동,1
2021-07-22 15:00:00,182.0,177.64567393763681,181.85520221223965,178.2332553287408,180.2742289493214,1,1,종일 가동,1
2021-07-22 16:00:00,172.0,171.08400355387607,178.2748769854346,175.9420014649577,174.55121699785283,1,1,종일 가동,0
2021-07-22 17:00:00,155.0,164.9007616604122,165.53209022216586,163.7042819071073,165.81379207021766,1,1,종일 가동,0
2021-07-22 18:00:00,169.0,176.75500888851695,174.5584667628498,173.67808325820116,173.70470217478146,1,1,종일 가동,0
2021-07-22 19:00:00,163.0,174.0219056430338,170.74403987789765,170.99560879761387,173.0813098770468,1,1,종일 가동,0
2021-07-22 20:00:00,138.0,150.62824914098408,153.17038448596307,160.05877554892592,161.51358340971595,1,1,종일 가동,0
2021-07-22 21:00:00,123.0,160.1542232043227,160.7297636727471,164.36449058269662,151.26583897270186,1,1,종일 가동,0
2021-07-22 22:00:00,122.0,163.0096221549498,163.75254900155082,164.04179771846592,163.8591262504718,1,1,종일 가동,0
2021-07-22 23:00:00,114.0,164.31900019585726,163.01776134510519,161.2090028549519,156.43828015194583,1,1,종일 가동,0
2021-07-23 00:00:00,87.0,67.14272238441896,72.2148272596851,70.84324476061855,80.69524665975509,1,1,종일 가동,0
2021-07-23 01:00:00,111.0,112.64205947072219,109.54144568086262,105.52222197995405,110.21736698490706,1,1,종일 가동,0
2021-07-23 02:00:00,110.0,112.19378846602065,116.6246915457703,111.83815081654683,113.27079948276513,1,1,종일 가동,0
2021-07-23 03:00:00,109.0,111.71622708407453,111.67462911640973,112.34142296820553,113.37179066816154,1,1,종일 가동,0
2021-07-23 04:00:00,101.0,113.12338059818012,114.96606733679931,106.70171940589262,113.72533806779909,1,1,종일 가동,0
2021-07-23 05:00:00,99.0,112.29078307583015,109.81989632129655,106.53200433219212,109.47985351409989,1,1,종일 가동,0
2021-07-23 06:00:00,105.0,115.22940737546573,117.21616600236307,114.3153110856267,111.04078271063914,1,1,종일 가동,0
2021-07-23 07:00:00,144.0,160.89064516437634,152.8886680283931,154.3778910483035,158.28907821312438,1,1,종일 가동,0
2021-07-23 08:00:00,202.0,180.4769633916819,183.35133815523645,180.60210942590393,180.43705118066578,1,1,종일 가동,1
2021-07-23 09:00:00,190.0,184.2110616760448,176.58507533987037,179.55309162299963,181.93728513713498,1,1,종일 가동,1
2021-07-23 10:00:00,189.0,182.88161767960432,178.58582604205802,180.37178632092477,180.8843658121058,1,1,종일 가동,1
2021-07-23 11:00:00,199.0,182.00175376890806,174.12044891798314,180.08900763452004,180.18839268920107,1,1,종일 가동,1
2021-07-23 12:00:00,125.0,127.6851712199087,130.70446441171853,123.22907129776294,122.2936919980966,1,1,종일 가동,0
2021-07-23 13:00:00,192.0,176.02361427508524,171.91403803268688,175.0801514529139,174.3921676998448,1,1,종일 가동,1
2021-07-23 14:00:00,190.0,172.9418570882238,170.24528858085145,176.80913796026013,175.59228405849197,1,1,종일 가동,1
2021-07-23 15:00:00,206.0,168.11715235779513,169.80588354049453,177.04768194764185,174.7083223386819,1,1,종일 가동,1
2021-07-23 16:00:00,197.0,172.32253931869556,169.0415369015595,171.66636337671022,172.2990872215934,1,1,종일 가동,1
2021-07-23 17:00:00,178.0,163.39560485773717,167.77852757133965,163.8788973108669,166.74123565931302,1,1,종일 가동,0
2021-07-23 18:00:00,176.0,166.63825012102467,170.46623663293158,168.61426854837336,170.04108651966777,1,1,종일 가동,0
2021-07-23 19:00:00,165.0,154.18462225414598,157.23128892269722,150.50099695747926,152.30671262563268,1,1,종일 가동,0
2021-07-23 20:00:00,115.0,123.1028732559724,125.07305606397907,123.47386933424312,122.86321124592064,1,1,종일 가동,0
2021-07-23 21:00:00,110.0,121.74670526792583,123.48622135633858,121.81988442948833,121.76991320520106,1,1,종일 가동,0
2021-07-23 22:00:00,107.0,117.67874632603943,119.1082900619885,120.23237398368299,119.64559019152898,1,1,종일 가동,0
2021-07-23 23:00:00,111.0,112.67227265944656,119.37236002168854,119.09438064626676,118.966870119581,1,1,종일 가동,0
2021-07-24 00:00:00,72.0,78.30869621802745,70.68403548205585,71.21957251827376,54.58690481016273,1,1,가동 종료일,0
2021-07-24 01:00:00,101.0,115.92420893442375,114.86891289878388,109.39932697856139,111.94179172567988,1,1,가동 종료일,0
2021-07-24 02:00:00,100.0,116.28462387013799,111.32821426763005,109.35059232312209,109.1381392205134,1,1,가동 종료일,0
2021-07-24 03:00:00,104.0,115.6972277109555,109.60861949881685,108.73362445019207,108.75292207346897,1,1,가동 종료일,0
2021-07-24 04:00:00,100.0,116.22587571388301,109.13653529138058,110.24934682904421,109.81762604788608,1,1,가동 종료일,0
2021-07-24 05:00:00,91.0,114.88950582722903,108.78296617312725,109.26045774101283,111.86174349425023,1,1,가동 종료일,0
2021-07-24 06:00:00,98.0,112.11444163290373,107.83641633921636,101.78280773137892,110.79989805351599,1,1,가동 종료일,0
2021-07-24 07:00:00,81.0,93.19875229262084,90.02986246056732,91.37628669099901,100.3981216305559,1,1,가동 종료일,0
2021-07-24 08:00:00,28.0,37.19786716039239,25.42826554122913,49.73878436616157,39.600666472518476,0,0,가동 종료일,0
2021-07-24 09:00:00,24.0,34.68541313274138,25.656618764894674,45.94561064155146,34.83340762366978,0,0,가동 종료일,0
2021-07-24 10:00:00,24.0,38.514065494906184,26.435264266115325,49.38794371469064,34.821147614759404,0,0,가동 종료일,0
2021-07-24 11:00:00,29.0,39.846458283385395,26.466848692448853,51.87245987312888,42.15051067975006,0,0,가동 종료일,0
2021-07-24 12:00:00,24.0,33.457496229170104,24.814033962507352,47.20671847057952,33.9050801448682,0,0,가동 종료일,0
2021-07-24 13:00:00,24.0,38.70809036036909,25.362826573790436,50.70760073213039,36.32012826343739,0,0,가동 종료일,0
2021-07-24 14:00:00,24.0,35.31954401747596,24.25967715090536,47.6570546246128,34.40358775865513,0,0,가동 종료일,0
2021-07-24 15:00:00,28.0,40.11902469553737,25.7202727859594,50.78278673887016,36.66507957415145,0,0,가동 종료일,0
2021-07-24 16:00:00,25.0,37.27230367890518,24.362603432023676,46.15474866387662,32.790539602676944,0,0,가동 종료일,0
2021-07-24 17:00:00,24.0,35.71645742763326,23.78773588090172,46.676503715494164,30.926398055015554,0,0,가동 종료일,0
2021-07-24 18:00:00,29.0,36.39148157969182,23.52158692771525,46.84179001869711,30.069270458377574,0,0,가동 종료일,0
2021-07-24 19:00:00,28.0,36.18492488386316,23.980445273376716,46.39939892386968,29.868272291153815,0,0,가동 종료일,0
2021-07-24 20:00:00,25.0,35.91881624255154,24.25020191078491,46.56259588754608,31.369702487763973,0,0,가동 종료일,0
2021-07-24 21:00:00,25.0,35.120139187800135,23.794464983563156,46.893231347794156,31.417531676196383,0,0,가동 종료일,0
2021-07-24 22:00:00,28.0,39.49051675059327,25.139560814311242,48.93145278229028,34.433429922885736,0,0,가동 종료일,0
2021-07-24 23:00:00,24.0,35.225169588474294,23.64056109567459,46.64481226254924,31.352775645712995,0,0,가동 종료일,0
2021-07-25 00:00:00,24.0,34.461137173940855,23.598799387773354,47.34470259616785,30.39055125088629,0,0,비가동,0
2021-07-25 01:00:00,26.0,39.090951349986405,24.41573095513606,49.756431535098486,31.035312807452303,0,0,비가동,0
2021-07-25 02:00:00,29.0,35.04175497139967,23.769061775194388,48.283003823347855,31.216533999563456,0,0,비가동,0
2021-07-25 03:00:00,26.0,34.41209937726262,23.46213717498995,48.220316813970214,31.0830682110759,0,0,비가동,0
2021-07-25 04:00:00,24.0,34.01479084305176,23.532549832904838,49.71541766120906,30.137722159710776,0,0,비가동,0
2021-07-25 05:00:00,28.0,34.20676045366519,23.760769637927343,46.60467626566489,30.061027002708993,0,0,비가동,0
2021-07-25 06:00:00,24.0,33.53901156644866,23.66567252105734,46.078787256441004,30.17206937602713,0,0,비가동,0
2021-07-25 07:00:00,24.0,33.069986882318034,23.568644991027984,46.87914972303865,30.45832209990135,0,0,비가동,0
2021-07-25 08:00:00,24.0,36.37281374239926,23.888041065326675,47.400369112830184,29.65719543704513,0,0,비가동,0
2021-07-25 09:00:00,29.0,34.23670812707409,24.00123560109845,46.2412878324712,30.034796428905246,0,0,비가동,0
2021-07-25 10:00:00,24.0,34.9999829944193,23.81329403352724,46.929536240630455,30.12067127222908,0,0,비가동,0
2021-07-25 11:00:00,24.0,41.29349556873157,24.777801066916204,49.6713298349506,34.12489015987976,0,0,비가동,0
2021-07-25 12:00:00,28.0,34.1442416272425,23.313639789646437,47.1497566121523,31.155971354066505,0,0,비가동,0
2021-07-25 13:00:00,24.0,35.21122522015749,24.643624612317524,47.579953658081536,32.760597036156305,0,0,비가동,0
2021-07-25 14:00:00,25.0,41.18368951758425,25.088298812099037,49.83722486364541,33.165155353429455,0,0,비가동,0
2021-07-25 15:00:00,25.0,31.484200427039315,24.564428200807885,48.109558283295385,34.260346621729916,0,0,비가동,0
2021-07-25 16:00:00,29.0,24.739722298729024,25.011511376222398,23.726472310953866,24.858165986505103,0,0,비가동,0
2021-07-25 17:00:00,24.0,24.806183079049294,24.254584264627358,25.83909913862004,24.278037244171642,0,0,비가동,0
2021-07-25 18:00:00,24.0,24.26089012968822,23.866041738010374,23.995632163115854,24.545715958182434,0,0,비가동,0
2021-07-25 19:00:00,28.0,24.662065452853298,24.087175981550423,26.968780736930352,25.41325975801631,0,0,비가동,0
2021-07-25 20:00:00,24.0,23.31887283975145,23.488141937297954,23.496622120007178,24.03327226641137,0,0,비가동,0
2021-07-25 21:00:00,24.0,26.171821879703142,24.28397571471668,26.14386222568756,24.866249673701116,0,0,비가동,0
2021-07-25 22:00:00,24.0,22.930047140818445,23.990288966632523,23.298831891289698,23.862560879903846,0,0,비가동,0
2021-07-25 23:00:00,28.0,22.77907408378509,23.409939122233745,24.272089710615294,23.668742377312572,0,0,비가동,0
2021-07-26 00:00:00,24.0,33.63606493211279,24.060660781159925,30.750115253645305,29.134667257747587,1,0,가동 시작일,0
2021-07-26 01:00:00,24.0,45.48734333401881,23.752359397897134,27.128223568995033,25.71496211417048,1,0,가동 시작일,0
2021-07-26 02:00:00,27.0,45.965968184938916,23.362082502845848,27.128223568995033,25.64756460936477,1,0,가동 시작일,0
2021-07-26 03:00:00,27.0,48.629047019713816,23.81741874401276,27.486347587003763,25.94705070597055,1,0,가동 시작일,0
2021-07-26 04:00:00,24.0,48.06203191926843,22.979194234220376,27.64954565781035,26.639694868709846,1,0,가동 시작일,0
2021-07-26 05:00:00,24.0,54.236337528248654,24.015707441178527,27.11297432905662,25.69542114358308,1,0,가동 시작일,0
2021-07-26 06:00:00,27.0,56.668591348975525,23.84843573461442,27.86438828380085,29.50613899273152,1,0,가동 시작일,0
2021-07-26 07:00:00,127.0,120.51752166068582,103.04197924951495,122.72774650063054,119.12239105431323,1,1,가동 시작일,0
2021-07-26 08:00:00,217.0,186.8258849005222,190.46723335512272,181.37830519509288,181.60196430144615,1,1,가동 시작일,1
2021-07-26 09:00:00,189.0,185.6138678195501,189.4737079508744,181.66067633008086,181.0564560077794,1,1,가동 시작일,1
2021-07-26 10:00:00,207.0,184.64358428815316,188.43605512262465,181.66067633008086,183.0124903266833,1,1,가동 시작일,1
2021-07-26 11:00:00,202.0,184.78986147859075,192.90183772491403,180.61553062394572,182.01348592172084,1,1,가동 시작일,1
2021-07-26 12:00:00,130.0,127.67188603392238,130.78823128597944,129.0531584134301,125.63675317426505,1,1,가동 시작일,0
2021-07-26 13:00:00,180.0,179.20178369427938,183.17588492379485,178.07780515626092,180.15627047890166,1,1,가동 시작일,1
2021-07-26 14:00:00,199.0,180.31279962683297,183.34763648450817,180.39560281029347,181.22941412859757,1,1,가동 시작일,1
2021-07-26 15:00:00,180.0,176.45330005523306,182.97723603665222,179.19312189649625,181.5039918514526,1,1,가동 시작일,1
2021-07-26 16:00:00,177.0,175.84742592451704,177.13596184429284,173.71454662032673,176.51508414502356,1,1,가동 시작일,0
2021-07-26 17:00:00,169.0,172.41279874318047,169.10240507830864,173.71454662032673,177.80977170607642,1,1,가동 시작일,0
2021-07-26 18:00:00,186.0,173.6508466872116,168.95708528181606,176.16022021079695,174.59201754428145,1,1,가동 시작일,1
2021-07-26 19:00:00,177.0,167.62309438205702,165.90763661361416,170.37675576552297,169.6338693597673,1,1,가동 시작일,0
2021-07-26 20:00:00,103.0,132.01348279036858,126.88984533547985,127.08421079734428,126.16798494377123,1,1,가동 시작일,0
2021-07-26 21:00:00,116.0,129.2899182921954,126.28208895723111,119.9301088231349,122.81949344768871,1,1,가동 시작일,0
2021-07-26 22:00:00,116.0,114.7944543853767,120.72425618771392,119.09167957557806,117.13188004962058,1,1,가동 시작일,0
2021-07-26 23:00:00,107.0,116.3811330255509,121.89932357815493,121.26684766558594,118.46522926164413,1,1,가동 시작일,0
2021-07-27 00:00:00,70.0,69.52014638797883,72.84187032339386,71.68612620346877,81.33224986439171,1,1,종일 가동,0
2021-07-27 01:00:00,110.0,110.03018673417476,111.69088200820372,115.19660365938903,111.34237510737721,1,1,종일 가동,0
2021-07-27 02:00:00,119.0,110.46922070216682,112.87052053672039,116.02295849366676,109.75085713555288,1,1,종일 가동,0
2021-07-27 03:00:00,111.0,114.48839773957386,115.19688945700379,117.86385304053736,111.96894795247695,1,1,종일 가동,0
2021-07-27 04:00:00,114.0,110.52040146783645,113.0282520850178,115.58453079075588,111.60720889431501,1,1,종일 가동,0
2021-07-27 05:00:00,106.0,128.55777328671525,141.6641580750181,137.8469283151882,124.22238471929593,1,1,종일 가동,0
2021-07-27 06:00:00,111.0,116.82582583697615,119.64873246376034,118.90703663619234,118.68623276340898,1,1,종일 가동,0
2021-07-27 07:00:00,161.0,153.1007238210782,147.78877607508466,150.86932812740562,147.3656024631031,1,1,종일 가동,0
2021-07-27 08:00:00,207.0,181.78058220429278,182.748285879471,182.27345692603419,181.10673437276105,1,1,종일 가동,1
2021-07-27 09:00:00,192.0,180.45708866454777,182.55046040920092,177.52304946681463,176.7610696890407,1,1,종일 가동,1
2021-07-27 10:00:00,206.0,182.23097060249216,183.11402768403045,179.26390093594378,179.7044097754607,1,1,종일 가동,1
2021-07-27 11:00:00,211.0,180.28450485398017,179.24743824725883,181.61381200333292,180.60701828461262,1,1,종일 가동,1
2021-07-27 12:00:00,124.0,142.07344345417752,138.05441331039324,144.44589082929886,136.67900785836204,1,1,종일 가동,0
2021-07-27 13:00:00,198.0,178.75392397098005,174.94169857002035,176.15741353934524,174.62538482530235,1,1,종일 가동,1
2021-07-27 14:00:00,199.0,179.16216206942846,175.40573099520068,179.58485106869725,179.55546266174719,1,1,종일 가동,1
2021-07-27 15:00:00,201.0,171.19440551466138,171.65264664562994,177.7774824737139,176.86254244560516,1,1,종일 가동,1
2021-07-27 16:00:00,187.0,170.1188010398675,170.3096273785187,175.663802411322,174.15462800723012,1,1,종일 가동,1
2021-07-27 17:00:00,184.0,161.1436467954155,160.7062092152756,162.27909813496322,163.17477938354207,1,1,종일 가동,1
2021-07-27 18:00:00,174.0,172.69292498876257,172.31192875904014,177.5329022112675,174.59503033823097,1,1,종일 가동,0
2021-07-27 19:00:00,180.0,165.84132619614996,162.52088917279391,176.26042567056643,175.30340222465293,1,1,종일 가동,1
2021-07-27 20:00:00,147.0,147.28984623708473,150.10448676534148,150.59749394129963,144.1621115865664,1,1,종일 가동,0
2021-07-27 21:00:00,148.0,147.46842353365062,152.00235827756697,149.5099623744492,143.86111109452793,1,1,종일 가동,0
2021-07-27 22:00:00,132.0,141.94174773054198,147.7320961783839,151.1365441050314,143.29625145529525,1,1,종일 가동,0
2021-07-27 23:00:00,139.0,136.6419755652198,141.4450581367386,146.6823496666251,143.38051211850703,1,1,종일 가동,0
2021-07-28 00:00:00,91.0,74.42236209774221,71.12131113752797,92.3865021493212,93.72826668113595,1,1,종일 가동,0
2021-07-28 01:00:00,130.0,111.92406064297936,111.7122836117647,113.55260514167792,111.61510361926055,1,1,종일 가동,0
2021-07-28 02:00:00,130.0,117.07206509488617,116.80251923491615,116.93582871304572,114.72383693019745,1,1,종일 가동,0
2021-07-28 03:00:00,128.0,110.72371322640181,112.9609004104561,113.1536269606366,111.70579642861385,1,1,종일 가동,0
2021-07-28 04:00:00,123.0,116.84168496709852,117.35559407469785,116.69195304763511,116.47271037037935,1,1,종일 가동,0
2021-07-28 05:00:00,119.0,114.63612385718321,112.06483913819326,113.59327597456995,111.9757345971404,1,1,종일 가동,0
2021-07-28 06:00:00,127.0,117.27958891898513,115.83993038456805,115.45938056602739,115.20275162718156,1,1,종일 가동,0
2021-07-28 07:00:00,174.0,152.07198498584478,143.36720010278538,150.81745817369622,153.03657504391646,1,1,종일 가동,0
2021-07-28 08:00:00,204.0,180.2596091856981,178.63397510501858,180.6127903562714,180.14895451933248,1,1,종일 가동,1
2021-07-28 09:00:00,204.0,178.54099092760345,181.87751064791595,180.07825946527456,179.04382844721155,1,1,종일 가동,1
2021-07-28 10:00:00,202.0,180.5345761604755,177.31540268547775,179.59089816371406,179.08721141019112,1,1,종일 가동,1
2021-07-28 11:00:00,212.0,178.57911119168597,177.57386828923856,180.71078952000065,178.5062778336616,1,1,종일 가동,1
2021-07-28 12:00:00,145.0,147.86309746361582,145.64471093146733,149.24660533163436,148.92393392350655,1,1,종일 가동,0
2021-07-28 13:00:00,200.0,179.7623483977018,178.3648816427336,181.3174032099393,180.06527044180768,1,1,종일 가동,1
2021-07-28 14:00:00,203.0,173.42646324673095,178.7545022057182,179.22142082535484,177.94582990677486,1,1,종일 가동,1
2021-07-28 15:00:00,187.0,181.86640688893607,181.97596914857013,177.1785988275888,177.0033872168324,1,1,종일 가동,1
2021-07-28 16:00:00,181.0,181.05625558998545,174.33700770058127,175.71336153659317,174.57990938380982,1,1,종일 가동,1
2021-07-28 17:00:00,190.0,175.20711455801646,171.27804828383367,169.99701879149004,170.4376761280485,1,1,종일 가동,1
2021-07-28 18:00:00,190.0,176.17565149368423,169.63910599553842,170.43442676311886,172.55859221121284,1,1,종일 가동,1
2021-07-28 19:00:00,175.0,175.91146159775354,168.22810205788593,172.2487552173073,173.4342932420685,1,1,종일 가동,0
2021-07-28 20:00:00,113.0,130.81608774327037,132.22617103440504,122.1090475324195,129.57860633398317,1,1,종일 가동,0
2021-07-28 21:00:00,115.0,124.812082126063,128.06518371147772,121.26149822556607,120.72317812746321,1,1,종일 가동,0
2021-07-28 22:00:00,109.0,120.19990997425873,120.77349819232049,119.61348072904701,119.76828685054811,1,1,종일 가동,0
2021-07-28 23:00:00,116.0,118.40718910662376,116.17852381620676,117.98653631577811,118.76518795364939,1,1,종일 가동,0
2021-07-29 00:00:00,70.0,60.17242759747415,71.55313945966931,76.29782433390531,64.62426864915976,0,1,종일 가동,0
2021-07-29 01:00:00,118.0,108.97796750326337,118.30357041762363,109.99569217599793,116.6667258847849,0,1,종일 가동,0
2021-07-29 02:00:00,118.0,111.3848993286421,118.1529830882264,117.65252229940242,119.46834925500605,0,1,종일 가동,0
2021-07-29 03:00:00,117.0,111.69367344618686,116.48913260593125,116.93958820572914,119.65382478797841,0,1,종일 가동,0
2021-07-29 04:00:00,116.0,108.60409165448172,116.14636762086676,116.31333375179105,118.95883940860357,0,1,종일 가동,0
2021-07-29 05:00:00,119.0,102.86353152909577,116.14806804472593,101.29945908745093,115.88062730709787,0,1,종일 가동,0
2021-07-29 06:00:00,121.0,111.29797108931142,121.59886790683521,120.21612289406922,121.11039432098869,0,1,종일 가동,0
2021-07-29 07:00:00,159.0,156.95263643531288,169.30064818145883,155.6910693930799,157.30307998976014,1,1,종일 가동,0
2021-07-29 08:00:00,204.0,185.41331312408883,183.60584835947733,180.85367166813128,181.86225858332898,1,1,종일 가동,1
2021-07-29 09:00:00,205.0,183.58374798581465,183.5220684211699,179.07597758348996,180.83819035232344,1,1,종일 가동,1
2021-07-29 10:00:00,203.0,180.83387623202012,178.9613799462083,180.48961407705266,180.36609070998202,1,1,종일 가동,1
2021-07-29 11:00:00,211.0,182.26745552088053,179.16286047443913,176.88873812548798,180.4676065273225,1,1,종일 가동,1
2021-07-29 12:00:00,133.0,119.93553047523991,124.07387663077758,122.02144827500292,125.81206856568903,1,1,종일 가동,0
2021-07-29 13:00:00,206.0,183.8424286905662,185.08661712878086,179.18669799663414,181.671125595797,1,1,종일 가동,1
2021-07-29 14:00:00,201.0,180.54664980072758,178.56269127350632,179.72882610600473,181.68538511293085,1,1,종일 가동,1
2021-07-29 15:00:00,186.0,179.92611005141276,176.7676392546568,175.7681466460762,177.13330440998175,1,1,종일 가동,1
2021-07-29 16:00:00,172.0,168.8146039578212,175.23414629321073,174.9753055488924,173.18523838030637,1,1,종일 가동,0
2021-07-29 17:00:00,152.0,179.11380511245926,175.82068953626646,176.18438815514222,177.89530750030482,1,1,종일 가동,0
2021-07-29 18:00:00,180.0,170.46841462699567,177.00518691605023,178.8364804990021,180.18144741480438,1,1,종일 가동,1
2021-07-29 19:00:00,181.0,175.2819272385369,169.35628960748508,170.57332546564118,173.15141089981685,1,1,종일 가동,1
2021-07-29 20:00:00,134.0,139.66099908302633,145.9740362350868,144.52104924473826,143.35427634503392,1,1,종일 가동,0
2021-07-29 21:00:00,131.0,141.3336028471864,149.3979407198419,149.33517659581014,144.5020362592497,1,1,종일 가동,0
2021-07-29 22:00:00,130.0,141.11310294036448,146.65464498440738,147.73992750805434,147.22844952013278,1,1,종일 가동,0
2021-07-29 23:00:00,127.0,135.0193371937129,142.22034276960667,140.84802408539863,139.32549298394093,1,1,종일 가동,0
2021-07-31 00:00:00,24.0,66.57232454125668,23.83771992298647,66.81378102343359,45.51634413494951,1,0,비가동,0
2021-07-31 01:00:00,21.0,113.33096586176511,21.136273310332623,116.12294679661527,106.11884648454102,1,0,비가동,0
2021-07-31 02:00:00,21.0,107.75766798239826,21.385856611239113,109.09462584419502,103.32884648454103,1,0,비가동,0
2021-07-31 03:00:00,21.0,109.15402795517826,21.156380985871543,108.95575660664646,103.43206469534486,1,0,비가동,0
2021-07-31 04:00:00,26.0,106.79427788972876,21.4139751737895,108.95575660664646,103.43206469534486,1,0,비가동,0
2021-07-31 05:00:00,21.0,104.17690263841766,23.6757461798398,100.19075915717632,88.89713738640137,1,0,비가동,0
2021-07-31 06:00:00,21.0,96.0060776510403,21.156380985871543,101.65240605471928,98.73020881956349,1,0,비가동,0
2021-07-31 07:00:00,23.0,81.75641890087567,23.779399421402555,93.90485978385308,45.77116667393224,1,0,비가동,0
2021-07-31 08:00:00,21.0,39.4798602855764,25.390404462252086,31.063907332944158,32.86667151550994,0,0,비가동,0
2021-07-31 09:00:00,21.0,32.90949639520803,23.75192001036942,25.2794798665325,27.60812187001517,0,0,비가동,0
2021-07-31 10:00:00,23.0,33.10172400211205,24.11132208059403,25.2794798665325,27.474656081527616,0,0,비가동,0
2021-07-31 11:00:00,26.0,39.90746950137453,25.85558011488451,31.478330671512754,33.38928741538868,0,0,비가동,0
2021-07-31 12:00:00,21.0,33.13113772458373,24.401126451231864,24.218038163021006,23.820700807355284,0,0,비가동,0
2021-07-31 13:00:00,21.0,33.00707813661924,23.902249289110042,25.60498489474008,27.762000415653425,0,0,비가동,0
2021-07-31 14:00:00,25.0,32.71789396954974,24.095695736804668,25.2794798665325,27.543941226017605,0,0,비가동,0
2021-07-31 15:00:00,23.0,38.891562162695955,26.464256770760336,29.424593466231,25.59270165711098,0,0,비가동,0
2021-07-31 16:00:00,21.0,32.43817159211112,24.075379965054466,25.27525762652085,25.027934656719676,0,0,비가동,0
2021-07-31 17:00:00,21.0,32.48383177538436,24.172263280574892,25.327257749040896,26.793289942601554,0,0,비가동,0
2021-07-31 18:00:00,28.0,39.69985286630813,26.04045378024372,31.35733834173668,32.35390007488652,0,0,비가동,0
2021-07-31 19:00:00,21.0,34.77538495421608,23.894674189007844,25.552050440708,25.26741439565506,0,0,비가동,0
2021-07-31 20:00:00,21.0,32.45592687546349,24.011991613059603,23.945259524141832,24.82042544211237,0,0,비가동,0
2021-07-31 21:00:00,25.0,32.49634136011288,23.94138452107917,23.945259524141832,24.73081605600336,0,0,비가동,0
2021-07-31 22:00:00,21.0,36.117203855598255,24.203155429151273,27.07861343086151,25.57455839031606,0,0,비가동,0
2021-07-31 23:00:00,21.0,32.523928813370446,23.285932938764073,23.88486739160563,25.028145266894633,0,0,비가동,0
2021-08-01 00:00:00,21.0,24.54955084249901,24.46893383009667,25.188688252630254,23.942996421876128,0,0,비가동,0
2021-08-01 01:00:00,26.0,25.6253391025248,24.580652623066147,26.742938972874924,23.511615461805256,0,0,비가동,0
2021-08-01 02:00:00,21.0,25.722517903031378,24.09953316619235,25.51436063453919,24.310597929975156,0,0,비가동,0
2021-08-01 03:00:00,21.0,25.261295452725236,24.146012687281342,25.188688252630254,24.565832266344575,0,0,비가동,0
2021-08-01 04:00:00,25.0,25.454306462939737,24.263389208727148,25.51436063453919,21.514667434324018,0,0,비가동,0
2021-08-01 05:00:00,24.0,25.188405546036712,23.64612998406148,25.188688252630254,24.465567909178883,0,0,비가동,0
2021-08-01 06:00:00,21.0,24.42297260518004,23.676905139769328,25.188688252630254,23.941495557461494,0,0,비가동,0
2021-08-01 07:00:00,21.0,25.2503472864729,25.067233970049006,25.869363268821488,23.009883723866412,0,0,비가동,0
2021-08-01 08:00:00,28.0,24.615003805219814,24.12972586534439,25.188688252630254,24.076811121706466,0,0,비가동,0
2021-08-01 09:00:00,24.0,25.60015350111561,24.72730005420418,25.869363268821488,26.74259307466037,0,0,비가동,0
2021-08-01 10:00:00,21.0,24.61438452991711,24.010840460862653,25.188688252630254,24.076811121706466,0,0,비가동,0
2021-08-01 11:00:00,21.0,25.325952432481127,26.23874449444526,25.188688252630254,23.009590105607042,0,0,비가동,0
2021-08-01 12:00:00,25.0,25.273786968370274,24.915915307592055,25.188688252630254,25.19329765609726,0,0,비가동,0
2021-08-01 13:00:00,21.0,24.57954340222113,23.82990814313415,25.188688252630254,24.076811121706466,0,0,비가동,0
2021-08-01 14:00:00,21.0,25.71506721294908,26.35633204261117,25.769363268821486,26.970007645272233,0,0,비가동,0
2021-08-01 15:00:00,23.0,25.398495309332585,24.533250803520808,25.088688252630252,25.569310076177228,0,0,비가동,0
2021-08-01 16:00:00,25.0,25.654948565527302,24.236146475757,25.769363268821486,26.135583306049284,0,0,비가동,0
2021-08-01 17:00:00,21.0,25.117786222149704,24.18584448733017,25.088688252630252,23.009590105607042,0,0,비가동,0
2021-08-01 18:00:00,21.0,25.014102849903598,24.60382295822738,25.088688252630252,24.15026768514479,0,0,비가동,0
2021-08-01 19:00:00,22.0,25.061564896678526,24.88611837286889,25.088688252630252,24.91353227387462,0,0,비가동,0
2021-08-01 20:00:00,26.0,24.381349079083996,23.70761988964859,25.088688252630252,24.15026768514479,0,0,비가동,0
2021-08-01 21:00:00,22.0,24.958899966795705,25.20861043363128,25.323973265968853,21.629153338869514,0,0,비가동,0
2021-08-01 22:00:00,23.0,24.52968557071293,24.00743761185883,25.088688252630252,24.15026768514479,0,0,비가동,0
2021-08-01 23:00:00,24.0,25.02264359584669,24.592531047662316,25.088688252630252,24.91353227387462,0,0,비가동,0
2021-08-02 00:00:00,23.0,25.67084107192926,24.088751684190527,55.63827976094937,25.803793168925605,0,0,비가동,0
2021-08-02 01:00:00,21.0,30.836960130898778,24.098813379506435,87.86453400893751,62.57829139797065,0,0,비가동,0
2021-08-02 02:00:00,21.0,31.693803915486285,24.981756946359962,87.86453400893751,63.23039853348034,0,0,비가동,0
2021-08-02 03:00:00,26.0,31.526027030945375,24.339652571429966,87.86453400893751,63.23039853348034,0,0,비가동,0
2021-08-02 04:00:00,21.0,27.723624593685283,24.147170354791633,59.15726044253565,41.28865697054834,0,0,비가동,0
2021-08-02 05:00:00,21.0,30.893031070721406,23.857414327897303,79.04723544253565,59.25082077938625,0,0,비가동,0
2021-08-02 06:00:00,25.0,35.91714350650603,24.47925251497588,79.04723544253565,69.85506663376492,0,0,비가동,0
2021-08-02 07:00:00,24.0,113.8304156727872,23.558730133781804,122.80292338614731,126.62176729357978,0,0,비가동,0
2021-08-02 08:00:00,21.0,169.22954640243603,27.569405784284893,178.49000204831844,173.45313148222925,0,0,비가동,0
2021-08-02 09:00:00,21.0,174.18541252635538,24.75978451087864,178.49000204831844,172.92825232954382,0,0,비가동,0
2021-08-02 10:00:00,25.0,168.5181920898501,27.569405784284893,178.49000204831844,173.7539669665411,0,0,비가동,0
2021-08-02 11:00:00,21.0,170.4269470407867,25.307455511054577,177.03238314306026,171.73330642608656,0,0,비가동,0
2021-08-02 12:00:00,21.0,125.92776651547304,23.312233849941773,128.07430821922497,131.33746916913887,0,0,비가동,0
2021-08-02 13:00:00,23.0,169.40072448792904,25.500051899154535,178.49000204831844,171.4317297935211,0,0,비가동,0
2021-08-02 14:00:00,25.0,170.45526208850086,25.88498147285088,178.49000204831844,172.92908660443675,0,0,비가동,0
2021-08-02 15:00:00,21.0,166.72714801848994,25.500051899154535,178.49000204831844,171.85789736845817,0,0,비가동,0
2021-08-02 16:00:00,21.0,162.88308960267366,24.885316065942767,178.49000204831844,169.8763318251996,0,0,비가동,0
2021-08-02 17:00:00,24.0,162.77065033273252,25.500051899154535,177.40810030979068,169.21699850993997,0,0,비가동,0
2021-08-02 18:00:00,26.0,167.9091815152678,24.729675841054238,178.49000204831844,170.5108039364846,0,0,비가동,0
2021-08-02 19:00:00,21.0,161.13188864212313,23.14472078497859,169.77671650396314,157.49476866060277,0,0,비가동,0
2021-08-02 20:00:00,24.0,104.98258448105861,23.379336241190153,117.21064949779638,114.16460899543746,0,0,비가동,0
2021-08-02 21:00:00,24.0,107.19481605073305,23.4444814443452,115.5989575711111,113.15205078527902,0,0,비가동,0
2021-08-02 22:00:00,24.0,105.5710918285681,23.379336241190153,115.95144885662967,111.14257824835596,0,0,비가동,0
2021-08-02 23:00:00,21.0,96.5480562455653,23.961834105540472,116.4073284977964,109.91432172895017,0,0,비가동,0
2021-08-03 00:00:00,22.0,69.95235519486735,23.88871103650788,80.87978655069487,73.3765054610429,0,0,비가동,0
2021-08-03 01:00:00,26.0,93.1569073396209,23.686675199819117,114.28746984444116,111.31765376451781,0,0,비가동,0
2021-08-03 02:00:00,21.0,100.89808374300317,23.62152999666407,116.1580672491174,114.59683215635383,0,0,비가동,0
2021-08-03 03:00:00,22.0,104.79451114756873,23.62152999666407,114.28746984444116,111.65910359296244,0,0,비가동,0
2021-08-03 04:00:00,21.0,98.64274832586541,23.62152999666407,114.69746984444119,110.98424496396423,0,0,비가동,0
2021-08-03 05:00:00,24.0,94.28636752449708,23.62152999666407,107.25806724911739,108.06122507992049,0,0,비가동,0
2021-08-03 06:00:00,21.0,102.6177526989096,23.62152999666407,117.814761744557,113.95242909893602,0,0,비가동,0
2021-08-03 07:00:00,21.0,150.63995480159136,23.20035120014497,161.81083991133525,156.0725246318461,0,0,비가동,0
2021-08-03 08:00:00,25.0,169.37600103333037,26.799029726184596,179.3607124015292,174.24214623274133,0,0,비가동,0
2021-08-03 09:00:00,21.0,169.61827820719714,25.138474317293056,179.3607124015292,173.4817791257618,0,0,비가동,0
2021-08-03 10:00:00,21.0,171.71097952750003,27.569405784284893,179.3607124015292,174.90899064635647,0,0,비가동,0
2021-08-03 11:00:00,24.0,171.5270106643835,27.569405784284893,177.90309349627103,171.08348842533775,0,0,비가동,0
2021-08-03 12:00:00,25.0,121.3692209035436,23.12865836873808,139.48259185186268,127.24463860403552,0,0,비가동,0
2021-08-03 13:00:00,21.0,168.81052569492704,25.88498147285088,179.3607124015292,173.21278029691283,0,0,비가동,0
2021-08-03 14:00:00,22.0,171.42576717138874,25.88498147285088,179.3607124015292,174.27263367607708,0,0,비가동,0
2021-08-03 15:00:00,26.0,169.75077081209585,26.12319166586523,179.3607124015292,174.81663227067435,0,0,비가동,0
2021-08-03 16:00:00,24.0,169.14179071355338,24.923888361512912,179.3607124015292,172.51624137550112,0,0,비가동,0
2021-08-03 17:00:00,21.0,165.41460078705452,23.99766681120471,173.92576866115897,166.0413206203541,0,0,비가동,0
2021-08-03 18:00:00,24.0,163.89382264229025,25.31647641795084,175.16494264763344,166.96300087037875,0,0,비가동,0
2021-08-03 19:00:00,25.0,164.38943018959148,23.877397929314405,173.7142245361898,165.43796595292704,0,0,비가동,0
2021-08-03 20:00:00,22.0,135.50080308759001,23.379336241190153,151.34652443746427,139.07730476923032,0,0,비가동,0
2021-08-03 21:00:00,22.0,132.61463477446625,23.379336241190153,149.08190617603609,137.0506891048083,0,0,비가동,0
2021-08-03 22:00:00,21.0,107.31198183169276,23.379336241190153,118.27219554603616,125.09403002344902,0,0,비가동,0
2021-08-03 23:00:00,26.0,102.47128172639714,24.094688290005916,125.27912255117852,121.25033974004268,0,0,비가동,0
2021-08-04 00:00:00,21.0,85.25623455985343,23.88871103650788,103.98940741105139,88.2632600114538,0,0,비가동,0
2021-08-04 01:00:00,21.0,109.22192625438618,23.686675199819117,116.6757114729997,123.10941430256659,0,0,비가동,0
2021-08-04 02:00:00,21.0,104.64830420897592,23.62152999666407,117.4790324729997,123.36938742941929,0,0,비가동,0
2021-08-04 03:00:00,25.0,110.95090370194858,23.62152999666407,116.80895909099058,120.79357072480606,0,0,비가동,0
2021-08-04 04:00:00,21.0,103.97768893957144,23.62152999666407,116.45646780547202,115.11018207994358,0,0,비가동,0
2021-08-04 05:00:00,21.0,107.73237068871975,23.62152999666407,117.08571147299969,114.81484426218078,0,0,비가동,0
2021-08-04 06:00:00,26.0,102.00181620132594,23.62152999666407,119.01733037825787,119.5973601015349,0,0,비가동,0
2021-08-04 07:00:00,21.0,152.11536923492915,23.20035120014497,162.88236413417317,158.23588217333477,0,0,비가동,0
2021-08-04 08:00:00,23.0,169.64672939590494,27.569405784284893,177.4175595685312,170.85734060338208,0,0,비가동,0
2021-08-04 09:00:00,21.0,169.89300205347834,27.569405784284893,178.42815205409957,172.74199342730378,0,0,비가동,0
2021-08-04 10:00:00,25.0,172.24871935992118,25.88498147285088,179.3607124015292,173.86562384561236,0,0,비가동,0
2021-08-04 11:00:00,21.0,168.6159813608276,27.569405784284893,178.22455892470117,175.46158070644586,0,0,비가동,0
2021-08-04 12:00:00,21.0,138.76066864878413,23.20035120014497,149.49446596525212,142.14540793491508,0,0,비가동,0
2021-08-04 13:00:00,25.0,169.60021308405368,25.88498147285088,179.3607124015292,174.38494576856397,0,0,비가동,0
2021-08-04 14:00:00,24.0,170.3353735644778,27.569405784284893,179.3607124015292,174.81111334350103,0,0,비가동,0
2021-08-04 15:00:00,24.0,170.58448793360722,25.686363477369547,179.3607124015292,173.80758312623607,0,0,비가동,0
2021-08-04 16:00:00,22.0,170.35182578489523,25.123526258957114,179.3607124015292,171.90458407308168,0,0,비가동,0
2021-08-04 17:00:00,26.0,165.4144047930766,23.94303209939405,174.70286198349532,166.22747544619477,0,0,비가동,0
2021-08-04 18:00:00,22.0,167.25466545335928,23.94303209939405,179.3607124015292,170.3277190627551,0,0,비가동,0
2021-08-04 19:00:00,21.0,160.26952414577082,23.716197911545663,169.91086402669683,161.02374329723355,0,0,비가동,0
2021-08-04 20:00:00,21.0,106.9146809618476,23.562911722393846,125.71173002939196,115.27606823722918,0,0,비가동,0
2021-08-04 21:00:00,26.0,103.26432633429741,23.562911722393846,117.03144237159441,110.78783502616022,0,0,비가동,0
2021-08-04 22:00:00,21.0,90.33935894609598,23.562911722393846,114.53898553286606,110.78295365561216,0,0,비가동,0
2021-08-04 23:00:00,22.0,101.62401417005381,24.145409586744165,116.06462308449059,111.76558658984465,0,0,비가동,0
2021-08-05 00:00:00,21.0,58.947257675538204,23.88871103650788,69.36956724561975,57.79829320994476,0,0,비가동,0
2021-08-05 01:00:00,25.0,101.17007426358313,23.686675199819117,116.3869974969109,114.35479442071087,0,0,비가동,0
2021-08-05 02:00:00,21.0,101.62823994061802,23.62152999666407,116.41563809099057,114.35479442071087,0,0,비가동,0
2021-08-05 03:00:00,21.0,107.19773157120616,23.62152999666407,116.05098531261261,114.6962442491555,0,0,비가동,0
2021-08-05 04:00:00,25.0,102.4279740547123,23.62152999666407,115.61563809099059,111.11403960787472,0,0,비가동,0
2021-08-05 05:00:00,22.0,95.24515791614752,23.62152999666407,116.05098531261261,113.79566573611353,0,0,비가동,0
2021-08-05 06:00:00,22.0,110.50709205309029,23.62152999666407,119.94292999110641,117.71373711822116,0,0,비가동,0
2021-08-05 07:00:00,20.0,144.64203581301885,23.20035120014497,161.99876751375947,155.75114143931015,0,0,비가동,0
2021-08-05 08:00:00,24.0,169.3787368994676,27.569405784284893,179.3607124015292,174.90899064635647,0,0,비가동,0
2021-08-05 09:00:00,21.0,169.02050798111412,27.569405784284893,179.3607124015292,175.45298924095374,0,0,비가동,0
2021-08-05 10:00:00,21.0,170.74408311403675,27.569405784284893,178.21828877991078,175.3595774331256,0,0,비가동,0
2021-08-05 11:00:00,25.0,168.7425984949743,27.569405784284893,177.90309349627103,175.00215996931442,0,0,비가동,0
2021-08-05 12:00:00,24.0,110.81648138384776,23.493584930626756,121.56219626525214,130.31715464714503,0,0,비가동,0
2021-08-05 13:00:00,24.0,173.94023217356906,26.745063128860224,179.3607124015292,174.36243725743344,0,0,비가동,0
2021-08-05 14:00:00,22.0,169.56881440896842,25.88498147285088,179.3607124015292,175.29495329246453,0,0,비가동,0
2021-08-05 15:00:00,25.0,170.38254736452382,24.729675841054238,179.3607124015292,173.5592311315667,0,0,비가동,0
2021-08-05 16:00:00,22.0,162.3581465628872,23.306825143587957,170.94404574541898,165.00697848921047,0,0,비가동,0
2021-08-05 17:00:00,22.0,150.5534172619885,23.94303209939405,154.81108045435806,147.7696501657393,0,0,비가동,0
2021-08-05 18:00:00,21.0,163.4751659459557,23.921560976799725,174.7794113910558,167.1515041126871,0,0,비가동,0
2021-08-05 19:00:00,25.0,161.4430391976856,23.32829626618228,170.30801568237322,163.6268720110224,0,0,비가동,0
2021-08-05 20:00:00,22.0,113.99545092828147,23.562911722393846,133.63159244499388,128.1497958586639,0,0,비가동,0
2021-08-05 21:00:00,22.0,107.62840822577579,23.562911722393846,117.68583961199596,123.49805225174836,0,0,비가동,0
2021-08-05 22:00:00,23.0,100.81307743996699,23.562911722393846,117.68583961199596,121.46135961851908,0,0,비가동,0
2021-08-05 23:00:00,26.0,104.75784208625393,24.27826377120961,117.25794408449059,118.64386575658068,0,0,비가동,0
2021-08-06 00:00:00,21.0,76.39536522945535,23.88871103650788,95.49608641105138,90.84188330121681,0,0,비가동,0
2021-08-06 01:00:00,21.0,112.7918224081181,23.686675199819117,116.43076846384969,123.05473518104174,0,0,비가동,0
2021-08-06 02:00:00,21.0,107.0374155451013,23.62152999666407,116.8240894638497,123.31470830789443,0,0,비가동,0
2021-08-06 03:00:00,25.0,101.5859519102684,23.62152999666407,116.15401608184058,120.39744177483658,0,0,비가동,0
2021-08-06 04:00:00,23.0,110.81947959926161,23.62152999666407,116.78031849691088,117.35950936513836,0,0,비가동,0
2021-08-06 05:00:00,21.0,105.9851736697997,23.62152999666407,116.72105869462173,114.76016514065593,0,0,비가동,0
2021-08-06 06:00:00,25.0,110.87036823629347,23.62152999666407,120.92488188259507,121.30795014248574,0,0,비가동,0
2021-08-06 07:00:00,21.0,145.9604595462589,23.13738472912891,164.2775430764422,161.68984792023193,0,0,비가동,0
2021-08-06 08:00:00,21.0,168.35502929416393,27.569405784284893,179.3607124015292,174.90899064635647,0,0,비가동,0
2021-08-06 09:00:00,21.0,173.3574654844914,27.569405784284893,179.3607124015292,175.45298924095374,0,0,비가동,0
2021-08-06 10:00:00,25.0,173.28440386506446,25.88498147285088,179.3607124015292,175.45298924095374,0,0,비가동,0
2021-08-06 11:00:00,25.0,167.05677392540548,27.569405784284893,178.22455892470117,175.46158070644586,0,0,비가동,0
2021-08-06 12:00:00,24.0,135.00862152028404,23.20035120014497,148.83952295610214,142.0230924065963,0,0,비가동,0
2021-08-06 13:00:00,24.0,172.78709751740817,26.07129305106589,179.3607124015292,174.5679502332156,0,0,비가동,0
2021-08-06 14:00:00,27.0,172.3291807455438,27.569405784284893,179.3607124015292,175.01853701998473,0,0,비가동,0
2021-08-06 15:00:00,22.0,170.4493890903579,25.500051899154535,179.3607124015292,173.9503463023665,0,0,비가동,0
2021-08-06 16:00:00,22.0,170.21180757859412,24.885316065942767,179.3607124015292,172.2956992438815,0,0,비가동,0
2021-08-06 17:00:00,25.0,166.9061207429485,24.675709243729866,179.3607124015292,172.08691776561173,0,0,비가동,0
2021-08-06 18:00:00,22.0,165.69304101142825,24.675709243729866,179.3607124015292,171.90391330096008,0,0,비가동,0
2021-08-06 19:00:00,21.0,152.39682416110185,23.737669034139987,169.22611394384546,160.61190300212203,0,0,비가동,0
2021-08-06 20:00:00,21.0,101.83975777305349,23.562911722393846,118.11238070987403,114.58037118923002,0,0,비가동,0
2021-08-06 21:00:00,26.0,101.51542033263404,23.562911722393846,117.71905970987405,114.12040870573321,0,0,비가동,0
2021-08-06 22:00:00,21.0,97.16360672345411,23.562911722393846,115.9383005774649,111.90922534313574,0,0,비가동,0
2021-08-06 23:00:00,21.0,93.49162975139966,24.145409586744165,116.55479771526322,105.11641589836916,0,0,비가동,0
2021-08-07 00:00:00,24.0,46.776644330018975,23.760761272641698,80.557173622461,46.41800166455139,0,0,비가동,0
2021-08-07 01:00:00,25.0,44.30389169010553,24.718740764514052,57.408768622460975,59.514238454752736,0,0,비가동,0
2021-08-07 02:00:00,21.0,47.04510639690755,24.857344693240442,66.85122362246099,61.75976294857046,0,0,비가동,0
2021-08-07 03:00:00,21.0,51.78503262618348,24.803955542689778,66.85122362246099,61.918208312363426,0,0,비가동,0
2021-08-07 04:00:00,21.0,44.14545340268751,24.815014918043286,57.408768622460975,62.96875013599459,0,0,비가동,0
2021-08-07 05:00:00,24.0,43.299300597581905,23.825906475796753,57.408768622460975,48.32139291349485,0,0,비가동,0
2021-08-07 06:00:00,21.0,44.159370972953965,24.8531005934759,58.55388626238361,58.355540320319115,0,0,비가동,0
2021-08-07 07:00:00,21.0,44.539960513977825,24.798926022639336,83.48305039479277,54.15762769433336,0,0,비가동,0
2021-08-07 08:00:00,25.0,24.829176413778395,25.22945253709694,54.735525442535625,26.797188686735122,0,0,비가동,0
2021-08-07 09:00:00,24.0,29.646525379747455,23.546179360904663,74.62550044253562,44.22208393692696,0,0,비가동,0
2021-08-07 10:00:00,21.0,29.75265920252989,23.934724669008045,74.62550044253562,44.22208393692696,0,0,비가동,0
2021-08-07 11:00:00,21.0,26.065807517776012,25.278477232112227,54.979402362440716,29.99480727900313,0,0,비가동,0
2021-08-07 12:00:00,26.0,24.440496083008146,23.736604903825768,54.735525442535625,26.753976319349714,0,0,비가동,0
2021-08-07 13:00:00,21.0,24.39556923495348,23.64611167863317,54.735525442535625,26.753976319349714,0,0,비가동,0
2021-08-07 14:00:00,21.0,24.852447336567018,24.553056876135,54.735525442535625,30.419599226438248,0,0,비가동,0
2021-08-07 15:00:00,22.0,25.04410781370045,23.854755128314647,54.735525442535625,25.558718889997103,0,0,비가동,0
2021-08-07 16:00:00,25.0,24.34757986427091,23.826473902207837,54.735525442535625,28.99005924991635,0,0,비가동,0
2021-08-07 17:00:00,21.0,24.43254821812914,23.835995091368105,54.735525442535625,28.99005924991635,0,0,비가동,0
2021-08-07 18:00:00,21.0,31.603867243789825,25.092165653897222,71.93763209488144,46.03194457874014,0,0,비가동,0
2021-08-07 19:00:00,24.0,24.991125160913338,24.244791199281984,54.735525442535625,26.797188686735122,0,0,비가동,0
2021-08-07 20:00:00,26.0,24.70140899357182,23.844864089750175,54.735525442535625,28.99005924991635,0,0,비가동,0
2021-08-07 21:00:00,22.0,25.529134253964262,25.025397806384294,54.735525442535625,30.338390201617138,0,0,비가동,0
2021-08-07 22:00:00,21.0,24.96543092557369,24.244791199281984,54.735525442535625,26.797188686735122,0,0,비가동,0
2021-08-07 23:00:00,25.0,24.699315666671545,23.826555998832198,54.735525442535625,26.753976319349714,0,0,비가동,0
2021-08-08 00:00:00,21.0,29.97838614887119,23.835995091368105,45.831141298854256,42.476136792988086,0,0,비가동,0
2021-08-08 01:00:00,21.0,31.631073443027923,24.96076097781119,46.06642631219286,42.91834485073908,0,0,비가동,0
2021-08-08 02:00:00,21.0,30.35307935407618,23.998869478519833,45.831141298854256,40.906939026872195,0,0,비가동,0
2021-08-08 03:00:00,24.0,24.911367182098015,24.18832198655284,25.941166298854263,25.05124154279624,0,0,비가동,0
2021-08-08 04:00:00,21.0,25.101553878126307,24.152154636099468,25.941166298854263,24.881950248487403,0,0,비가동,0
2021-08-08 05:00:00,21.0,31.039033883012568,24.044638541049583,46.06642631219286,39.558483143414776,0,0,비가동,0
2021-08-08 06:00:00,23.0,24.74699593718068,23.826555998832198,25.941166298854263,25.008029175410833,0,0,비가동,0
2021-08-08 07:00:00,25.0,29.891723391734324,23.6550627736396,45.831141298854256,42.476136792988086,0,0,비가동,0
2021-08-08 08:00:00,21.0,31.98013856510431,25.536147427932764,46.06642631219286,44.06774194395042,0,0,비가동,0
2021-08-08 09:00:00,21.0,30.61319703225396,24.044638541049583,46.06642631219286,40.14729467747276,0,0,비가동,0
2021-08-08 10:00:00,25.0,24.3948580473143,23.826555998832198,25.941166298854263,25.008029175410833,0,0,비가동,0
2021-08-08 11:00:00,21.0,24.60174029270931,23.6550627736396,25.941166298854263,25.008029175410833,0,0,비가동,0
2021-08-08 12:00:00,21.0,25.85261414704573,25.270610684429467,26.176451312192864,27.43758961273209,0,0,비가동,0
2021-08-08 13:00:00,23.0,24.3948580473143,23.826555998832198,25.941166298854263,25.008029175410833,0,0,비가동,0
2021-08-08 14:00:00,25.0,24.12722293323371,23.925864089750174,25.088688252630252,23.90391323377657,0,0,비가동,0
2021-08-08 15:00:00,21.0,24.62115796365638,24.107682377888505,25.941166298854263,27.244112105977475,0,0,비가동,0
2021-08-08 16:00:00,21.0,26.10885938149719,25.08594081916428,28.66157674726338,29.519410524486325,0,0,비가동,0
2021-08-08 17:00:00,25.0,24.44677909587388,23.636672586097262,25.941166298854263,25.008029175410833,0,0,비가동,0
2021-08-08 18:00:00,24.0,24.7278171923393,23.546179360904663,25.941166298854263,27.244112105977475,0,0,비가동,0
2021-08-08 19:00:00,21.0,30.843493556237508,25.245907891993788,45.831141298854256,40.906939026872195,0,0,비가동,0
2021-08-08 20:00:00,22.0,30.71582754132729,24.82838819622249,45.831141298854256,43.90633008070226,0,0,비가동,0
2021-08-08 21:00:00,26.0,24.752298885393937,23.6550627736396,25.941166298854263,25.008029175410833,0,0,비가동,0
2021-08-08 22:00:00,22.0,30.12410089574165,23.75379235127954,45.831141298854256,42.476136792988086,0,0,비가동,0
2021-08-08 23:00:00,21.0,31.53091160733419,25.227447726646265,46.06642631219286,39.79600486299506,0,0,비가동,0
2021-08-09 00:00:00,21.0,24.870420461354914,24.007121282269186,55.20552544253564,30.876897097644445,0,0,가동 시작일,0
2021-08-09 01:00:00,25.0,24.63037924811633,23.908391704629246,55.20552544253564,30.876897097644445,0,0,가동 시작일,0
2021-08-09 02:00:00,21.0,36.41965943904081,24.646420315493106,75.09550044253564,48.38821708260711,0,0,가동 시작일,0
2021-08-09 03:00:00,23.0,37.04778159468723,25.37920159002064,75.52825476094937,49.566391258915026,0,0,가동 시작일,0
2021-08-09 04:00:00,22.0,29.8190409764112,23.884408904145364,75.09550044253564,48.345004715221705,0,0,가동 시작일,0
2021-08-09 05:00:00,25.0,30.526379795455483,23.898580255826353,55.20552544253564,30.876897097644445,0,0,가동 시작일,0
2021-08-09 06:00:00,20.0,39.09497018815574,26.37123915325683,75.52825476094937,49.6432781113783,0,0,가동 시작일,0
2021-08-09 07:00:00,112.0,91.8165591960313,87.56038451919828,107.66641458424463,100.22246771212349,1,1,가동 시작일,0
2021-08-09 08:00:00,215.0,110.5689214159897,164.7650541917265,100.13274492455146,120.56674168881328,1,1,가동 시작일,1
2021-08-09 09:00:00,197.0,110.43598056208641,164.74426224365195,102.41264447078682,122.48975683473432,1,1,가동 시작일,1
2021-08-09 10:00:00,201.0,111.51454017124279,166.78331562466076,111.85509947078681,117.73381697574762,1,1,가동 시작일,1
2021-08-09 11:00:00,192.0,111.62876577672318,164.69983417287747,110.58579241011982,122.14625711602363,1,1,가동 시작일,1
2021-08-09 12:00:00,144.0,103.07595211695286,121.14386880159758,98.22395958424464,104.7520570530538,1,1,가동 시작일,0
2021-08-09 13:00:00,200.0,104.38080510253683,156.92759288145007,107.66641458424463,117.43186833161532,1,1,가동 시작일,1
2021-08-09 14:00:00,191.0,110.83449277789643,160.86989003048228,108.43008228462882,116.18823512666182,1,1,가동 시작일,1
2021-08-09 15:00:00,183.0,116.89417360778138,153.61522813580905,98.22395958424464,118.54818213029698,1,1,가동 시작일,1
2021-08-09 16:00:00,191.0,117.54530024997499,152.75643471790283,98.22395958424464,118.30738169028805,1,1,가동 시작일,1
2021-08-09 17:00:00,169.0,113.7260624058528,148.206718296967,107.66641458424463,116.96221560811571,1,1,가동 시작일,0
2021-08-09 18:00:00,103.0,114.3467836190985,154.14867366073707,108.43008228462882,88.71125817587081,1,1,가동 시작일,0
2021-08-09 19:00:00,95.0,115.69852256514518,148.98270104390284,98.22395958424464,88.54438838109684,1,1,가동 시작일,0
2021-08-09 20:00:00,113.0,102.21242640288658,114.08798755115096,90.78455698892084,96.61090514642571,1,1,가동 시작일,0
2021-08-09 21:00:00,119.0,97.24383914787742,114.32577873546201,98.22395958424464,99.51209229810333,1,1,가동 시작일,0
2021-08-09 22:00:00,112.0,97.76141033488759,112.11709635352811,107.66641458424463,101.75761679192108,1,1,가동 시작일,0
2021-08-09 23:00:00,108.0,107.04462337871983,111.76555644024617,98.72309999807085,100.08173048650745,1,1,가동 시작일,0
2021-08-10 00:00:00,71.0,74.5680532841997,72.36463129507437,85.35653346898827,70.08179078110845,1,1,종일 가동,0
2021-08-10 01:00:00,104.0,102.13837604447802,110.47437573203938,107.14065856431206,111.05226774364935,1,1,종일 가동,0
2021-08-10 02:00:00,97.0,92.9061513548543,107.70626009534318,107.14065856431206,113.28567056830195,1,1,종일 가동,0
2021-08-10 03:00:00,104.0,100.02115868909347,111.34039621057981,97.69820356431207,107.22508609028048,1,1,종일 가동,0
2021-08-10 04:00:00,103.0,99.82132937130162,109.88490529952095,107.14065856431206,112.64582314101315,1,1,종일 가동,0
2021-08-10 05:00:00,99.0,101.7112642488096,110.8251511307336,99.70125596898829,103.40700045300731,1,1,종일 가동,0
2021-08-10 06:00:00,105.0,98.51765873261645,108.46917992481694,97.69820356431207,110.37952838957207,1,1,종일 가동,0
2021-08-10 07:00:00,138.0,107.93184173636202,140.58309822919801,105.09539406538146,131.05814032958085,1,1,종일 가동,0
2021-08-10 08:00:00,195.0,151.7752118794583,175.07335137945043,139.26892081005576,146.62557312511768,1,1,종일 가동,1
2021-08-10 09:00:00,193.0,154.50511706744655,173.5763450788873,139.26892081005576,148.55849370659942,1,1,종일 가동,1
2021-08-10 10:00:00,192.0,152.59481243936335,175.41057159912918,133.38937474683505,148.90102364006512,1,1,종일 가동,1
2021-08-10 11:00:00,191.0,151.63230960506988,176.1739286566774,140.41403844997842,145.34932208552718,1,1,종일 가동,1
2021-08-10 12:00:00,119.0,123.17488283496469,124.16769342999399,124.29780497451297,100.84593299744898,1,1,종일 가동,0
2021-08-10 13:00:00,190.0,155.12152673783328,176.16306420120742,135.66927429307037,151.22567191430724,1,1,종일 가동,1
2021-08-10 14:00:00,180.0,151.80727248687126,176.95067114987293,135.66927429307037,147.70792942392666,1,1,종일 가동,1
2021-08-10 15:00:00,181.0,151.296984965628,174.09412840131685,136.5297240194693,146.1371830174614,1,1,종일 가동,1
2021-08-10 16:00:00,182.0,150.70549729621953,173.8912784880935,138.44442404307034,147.72994444207296,1,1,종일 가동,1
2021-08-10 17:00:00,156.0,144.6708155721326,159.71808865348135,129.3186423417293,142.97110796013106,1,1,종일 가동,0
2021-08-10 18:00:00,168.0,113.5481076122203,153.44707752525534,102.11297395165873,128.2917114158795,1,1,종일 가동,0
2021-08-10 19:00:00,163.0,113.51231805235292,150.59706208634825,104.88812370165876,125.9653361425262,1,1,종일 가동,0
2021-08-10 20:00:00,135.0,117.39035951191698,136.25496983303563,115.23675096603323,122.44213347529961,1,1,종일 가동,0
2021-08-10 21:00:00,127.0,124.52467207963234,131.15625843789445,116.76950046145824,125.96663901180406,1,1,종일 가동,0
2021-08-10 22:00:00,114.0,110.78336477532496,111.16583668575556,115.23675096603323,116.76409494594051,1,1,종일 가동,0
2021-08-10 23:00:00,109.0,109.93683098577743,113.79987588014876,116.85717535231053,93.61862768463166,1,1,종일 가동,0
2021-08-11 00:00:00,83.0,89.1946089349758,72.5940558680377,93.82761914612516,80.16432843195099,1,1,종일 가동,0
2021-08-11 01:00:00,108.0,101.96397653707166,105.25265586873674,113.4956696682703,116.58316926770397,1,1,종일 가동,0
2021-08-11 02:00:00,114.0,103.31630198481524,104.44151546885958,116.52078873150248,115.69402480368183,1,1,종일 가동,0
2021-08-11 03:00:00,113.0,101.64733759148805,104.59891743593836,110.02161801761852,111.84016200816852,1,1,종일 가동,0
2021-08-11 04:00:00,116.0,98.67370956901223,104.7832515593066,113.4956696682703,113.0093568672241,1,1,종일 가동,0
2021-08-11 05:00:00,105.0,93.22734379427749,105.19589459100918,110.02161801761852,116.57422698970939,1,1,종일 가동,0
2021-08-11 06:00:00,129.0,102.47240986013891,107.86971886100078,116.27081941827032,114.0761682618889,1,1,종일 가동,0
2021-08-11 07:00:00,150.0,126.17999490077833,143.23381635575953,118.26076537069032,137.90006912658387,1,1,종일 가동,0
2021-08-11 08:00:00,218.0,155.02036087142443,186.96490838481657,129.42619327383483,148.18296585212406,1,1,종일 가동,1
2021-08-11 09:00:00,189.0,159.99273627742485,188.13225298288157,133.67570722697823,151.59578990828302,1,1,종일 가동,1
2021-08-11 10:00:00,192.0,157.856381024233,187.42672189720193,133.67570722697823,147.9686403290994,1,1,종일 가동,1
2021-08-11 11:00:00,192.0,159.32296793629192,184.12169433622995,134.82082486690086,151.59578990828302,1,1,종일 가동,1
2021-08-11 12:00:00,132.0,134.3552646643489,148.91120471850508,101.60921051668888,130.7553259406711,1,1,종일 가동,0
2021-08-11 13:00:00,205.0,156.3180905813072,185.97563134914787,134.82082486690086,147.8787873989654,1,1,종일 가동,1
2021-08-11 14:00:00,207.0,153.45773590003284,179.64823144768016,129.43649507719076,145.82008032471893,1,1,종일 가동,1
2021-08-11 15:00:00,177.0,152.37339619993418,179.1976341522051,129.43649507719076,145.82008032471893,1,1,종일 가동,0
2021-08-11 16:00:00,187.0,152.89465180526744,179.19687816679533,130.99733950299296,143.41618416116,1,1,종일 가동,1
2021-08-11 17:00:00,177.0,142.81776454424988,166.31946428618846,117.50116506183613,133.26108724734328,1,1,종일 가동,0
2021-08-11 18:00:00,194.0,137.30757800938923,150.66414455761563,122.82657628219808,136.6263310826012,1,1,종일 가동,1
2021-08-11 19:00:00,163.0,138.3580475525618,147.82976849207316,120.80465880259023,138.78133946917714,1,1,종일 가동,0
2021-08-11 20:00:00,128.0,115.85625423623627,114.86304026757055,114.47105041696798,112.95047214853808,1,1,종일 가동,0
2021-08-11 21:00:00,115.0,113.99888291679768,117.70372210600327,114.56143778553833,114.28055685503344,1,1,종일 가동,0
2021-08-11 22:00:00,116.0,112.91465703964825,111.65042907243075,108.13611169399445,112.47046617957918,1,1,종일 가동,0
2021-08-11 23:00:00,109.0,101.25758279775327,112.08213862107759,98.48638633027173,107.6797050088081,1,1,종일 가동,0
2021-08-12 00:00:00,81.0,66.53951236660144,73.16251310149276,75.53782607981324,51.587605477241986,1,1,종일 가동,0
2021-08-12 01:00:00,115.0,98.93153545853433,106.5610393444055,110.4554379809235,101.16827088132355,1,1,종일 가동,0
2021-08-12 02:00:00,110.0,101.39985118652628,109.49679286792255,111.61016334464622,105.46890494536505,1,1,종일 가동,0
2021-08-12 03:00:00,110.0,95.08331117031109,109.64174534184309,108.13611169399445,105.07707022537612,1,1,종일 가동,0
2021-08-12 04:00:00,114.0,98.76175968484533,113.3466790456439,112.92112222243135,105.02666426886707,1,1,종일 가동,0
2021-08-12 05:00:00,103.0,92.93880565420183,105.6507246566751,114.77699349611908,104.17120284508336,1,1,종일 가동,0
2021-08-12 06:00:00,117.0,105.45463345437858,116.16246850000411,114.293122665788,107.2779527907135,1,1,종일 가동,0
2021-08-12 07:00:00,149.0,123.7042827218842,142.27966542906958,110.87904032836839,126.75608565939989,1,1,종일 가동,0
2021-08-12 08:00:00,196.0,157.2773709666349,189.08897991546317,129.85610704008644,138.60412465789432,1,1,종일 가동,1
2021-08-12 09:00:00,189.0,161.30661839280924,187.56794542141057,130.25266567821637,141.08139411002,1,1,종일 가동,1
2021-08-12 10:00:00,186.0,162.07533152403946,190.36408347309995,129.18715880934104,143.7429732948491,1,1,종일 가동,1
2021-08-12 11:00:00,199.0,158.82081326187057,187.01899719024766,129.18715880934104,138.99179153058526,1,1,종일 가동,1
2021-08-12 12:00:00,133.0,121.22514075369173,127.19065845090542,113.73320651760609,115.27707855118499,1,1,종일 가동,0
2021-08-12 13:00:00,191.0,155.71307725872018,190.4022627049506,129.18715880934104,141.09044810713095,1,1,종일 가동,1
2021-08-12 14:00:00,193.0,157.179649473136,187.2532826771395,129.18715880934104,140.3153637399102,1,1,종일 가동,1
2021-08-12 15:00:00,197.0,153.42646885331345,180.2537916710014,124.94794665955357,136.9402046608592,1,1,종일 가동,1
2021-08-12 16:00:00,176.0,150.10874097490984,181.84169643236484,124.03433256743337,136.47657653342753,1,1,종일 가동,0
2021-08-12 17:00:00,160.0,144.3429616054919,160.36339544757314,119.04641070036173,129.24863773722535,1,1,종일 가동,0
2021-08-12 18:00:00,177.0,155.90381513400328,176.34549091452615,128.46912158566965,139.5197923333232,1,1,종일 가동,0
2021-08-12 19:00:00,182.0,142.98974153997705,164.19667360546487,117.88003296262843,125.23408833307575,1,1,종일 가동,1
2021-08-12 20:00:00,127.0,117.57288526507101,118.09744417894771,110.15264079520811,111.87429254096654,1,1,종일 가동,0
2021-08-12 21:00:00,114.0,111.1352755974748,117.04690437205994,108.39175372288638,87.59433602598614,1,1,종일 가동,0
2021-08-12 22:00:00,122.0,109.75102459123269,113.06810149448103,108.39175372288638,87.48638544950049,1,1,종일 가동,0
2021-08-12 23:00:00,118.0,105.81986855237503,111.52231770778913,106.13702835916364,104.35115475854836,1,1,종일 가동,0
2021-08-13 00:00:00,79.0,82.28617480229755,76.19765768298183,64.14415473767025,87.37577446010312,1,1,종일 가동,0
2021-08-13 01:00:00,105.0,90.67295152745373,112.00318117705694,84.71308571373636,105.74876586491915,1,1,종일 가동,0
2021-08-13 02:00:00,117.0,86.73036626560658,108.64231199426959,82.45836035001362,103.02730418615437,1,1,종일 가동,0
2021-08-13 03:00:00,120.0,86.86882008510774,109.4945685722038,82.45836035001362,100.4839349555496,1,1,종일 가동,0
2021-08-13 04:00:00,116.0,86.85462901465806,111.98135935942466,83.61308571373634,97.90100706294,1,1,종일 가동,0
2021-08-13 05:00:00,108.0,81.27695127781683,105.97096734480104,82.70832966324578,80.02253051817719,1,1,종일 가동,0
2021-08-13 06:00:00,116.0,87.40446955918902,116.39180677876237,84.96305502696852,106.35345064469065,1,1,종일 가동,0
2021-08-13 07:00:00,166.0,113.6840442701089,155.14635191831195,91.62839906158365,119.22675484864605,1,1,종일 가동,0
2021-08-13 08:00:00,207.0,142.66762268992863,186.61154098513808,106.83238204008643,136.54366093129337,1,1,종일 가동,1
2021-08-13 09:00:00,191.0,143.65501659460475,186.16350461163717,104.24873378573994,137.90349867318568,1,1,종일 가동,1
2021-08-13 10:00:00,201.0,141.56902398622586,187.3058328574454,104.24873378573994,134.66718636446396,1,1,종일 가동,1
2021-08-13 11:00:00,204.0,142.14812278568158,189.3226381437204,106.16343380934102,137.77586644273077,1,1,종일 가동,1
2021-08-13 12:00:00,134.0,116.93213529216122,148.15326770455886,90.70948151760608,113.6147361425971,1,1,종일 가동,0
2021-08-13 13:00:00,195.0,140.7127115244716,189.97184866672882,106.16343380934102,135.98018365774286,1,1,종일 가동,1
2021-08-13 14:00:00,200.0,138.17021732838083,187.45394178992083,106.16343380934102,133.23706340220994,1,1,종일 가동,1
2021-08-13 15:00:00,195.0,134.82068756176432,180.34396543720996,109.14364070181742,131.36153160801794,1,1,종일 가동,1
2021-08-13 16:00:00,186.0,133.0403731045507,175.81003750588076,103.66200892755063,131.27460293437008,1,1,종일 가동,1
2021-08-13 17:00:00,176.0,126.56843012540378,168.2696428935602,96.78025042115921,122.67747120446515,1,1,종일 가동,0
2021-08-13 18:00:00,177.0,131.78608736143354,169.71113771439897,103.06960011022709,131.19346206494123,1,1,종일 가동,0
2021-08-13 19:00:00,168.0,133.8118319054247,167.01908708201586,104.00712678199667,132.82677479080738,1,1,종일 가동,0
2021-08-13 20:00:00,125.0,101.09078707137215,120.09524181798943,88.08462001267165,88.4483226807779,1,1,종일 가동,0
2021-08-13 21:00:00,119.0,96.3215319509659,114.47576188408986,75.98340256262954,98.44274049026549,1,1,종일 가동,0
2021-08-13 22:00:00,118.0,100.68401353070566,115.17220510230112,79.58962001267165,109.43351830593572,1,1,종일 가동,0
2021-08-13 23:00:00,116.0,96.20528327532443,113.65932409463193,85.57840256262956,102.03885910102615,1,1,종일 가동,0
2021-08-14 00:00:00,67.0,23.930872713901866,67.82453296711509,25.188688252630254,23.894094610251194,1,1,가동 종료일,0
2021-08-14 01:00:00,106.0,38.17874192842252,108.2049030908498,25.188688252630254,43.588412966416804,1,1,가동 종료일,0
2021-08-14 02:00:00,108.0,40.198884296790666,112.13742982208119,25.188688252630254,46.25956206743564,1,1,가동 종료일,0
2021-08-14 03:00:00,98.0,40.10113114982542,110.51784829376204,25.188688252630254,46.25956206743564,1,1,가동 종료일,0
2021-08-14 04:00:00,100.0,31.127335163143346,109.44052780339521,25.188688252630254,44.99915234545415,1,1,가동 종료일,0
2021-08-14 05:00:00,91.0,40.02867495315015,107.61848798145991,25.188688252630254,45.24008468743854,1,1,가동 종료일,0
2021-08-14 06:00:00,91.0,43.376593572347446,110.83556347678216,25.188688252630254,46.25956206743564,1,1,가동 종료일,0
2021-08-14 07:00:00,75.0,40.40184579231141,98.08332328469169,25.188688252630254,50.767477623030494,1,1,가동 종료일,0
2021-08-14 08:00:00,26.0,24.566418697186837,25.63256706347832,25.188688252630254,25.427712206732046,0,0,가동 종료일,0
2021-08-14 09:00:00,23.0,24.895815548643363,24.840853038119114,25.188688252630254,24.027909310081533,0,0,가동 종료일,0
2021-08-14 10:00:00,21.0,24.909305909108642,24.516753075913808,25.188688252630254,23.996712883141704,0,0,가동 종료일,0
2021-08-14 11:00:00,26.0,25.228527375353348,26.883913011285873,25.188688252630254,24.0334465037829,0,0,가동 종료일,0
2021-08-14 12:00:00,23.0,25.163502330236646,24.178321372246305,25.188688252630254,24.5357483886254,0,0,가동 종료일,0
2021-08-14 13:00:00,21.0,23.92402678988316,24.195498186292863,25.188688252630254,23.996712883141704,0,0,가동 종료일,0
2021-08-14 14:00:00,22.0,24.451807574608562,24.722440016427928,25.188688252630254,23.996712883141704,0,0,가동 종료일,0
2021-08-14 15:00:00,26.0,24.66397881622158,24.918479520621926,25.188688252630254,23.996712883141704,0,0,가동 종료일,0
2021-08-14 16:00:00,22.0,24.477830937438508,24.701843807104066,25.188688252630254,24.375788456536444,0,0,가동 종료일,0
2021-08-14 17:00:00,22.0,24.126345854537426,24.195498186292863,25.188688252630254,23.996712883141704,0,0,가동 종료일,0
2021-08-14 18:00:00,24.0,25.432608525962962,26.07291620685527,25.188688252630254,24.0334465037829,0,0,가동 종료일,0
2021-08-14 19:00:00,26.0,24.963656497826165,25.262620622819163,25.188688252630254,24.027909310081533,0,0,가동 종료일,0
2021-08-14 20:00:00,22.0,24.916490902517705,24.178321372246305,25.188688252630254,24.495264237889753,0,0,가동 종료일,0
2021-08-14 21:00:00,23.0,24.701706488209922,24.23619307424816,25.188688252630254,23.996712883141704,0,0,가동 종료일,0
2021-08-14 22:00:00,25.0,23.96987504366939,24.195498186292863,25.188688252630254,23.996712883141704,0,0,가동 종료일,0
2021-08-14 23:00:00,22.0,24.572301625852877,24.421420090634104,25.188688252630254,24.375788456536444,0,0,가동 종료일,0
2021-08-15 00:00:00,22.0,23.996859127340425,23.83097399867136,25.188688252630254,23.952604412630965,0,0,비가동,0
2021-08-15 01:00:00,28.0,24.98488773055545,24.629215854548804,25.188688252630254,24.007778755814936,0,0,비가동,0
2021-08-15 02:00:00,24.0,23.996859127340425,23.92053054875226,25.188688252630254,23.97104513517374,0,0,비가동,0
2021-08-15 03:00:00,22.0,24.763927860204785,24.3413729925924,25.188688252630254,23.893301212320225,0,0,비가동,0
2021-08-15 04:00:00,22.0,24.575775847022847,24.347056137540516,25.188688252630254,23.97104513517374,0,0,비가동,0
2021-08-15 05:00:00,25.0,24.490210503485027,24.15725482142994,25.188688252630254,23.97104513517374,0,0,비가동,0
2021-08-15 06:00:00,22.0,24.74867325401024,24.260372992592398,25.188688252630254,23.97104513517374,0,0,비가동,0
2021-08-15 07:00:00,21.0,24.756528265295614,24.48426718131443,25.188688252630254,24.182126005938038,0,0,비가동,0
2021-08-15 08:00:00,26.0,25.34584714287743,25.52795816114193,25.188688252630254,24.07688092830856,0,0,비가동,0
2021-08-15 09:00:00,24.0,24.81458466977871,24.13406494271721,25.188688252630254,23.97104513517374,0,0,비가동,0
2021-08-15 10:00:00,21.0,24.791369392991594,24.316856467790227,25.188688252630254,24.030687845666026,0,0,비가동,0
2021-08-15 11:00:00,22.0,24.10958146039093,23.820530548752263,25.188688252630254,23.97104513517374,0,0,비가동,0
2021-08-15 12:00:00,26.0,24.649138963532746,23.989550818629624,25.188688252630254,23.97104513517374,0,0,비가동,0
2021-08-15 13:00:00,22.0,25.09329554957858,24.179060895397665,25.188688252630254,23.97104513517374,0,0,비가동,0
2021-08-15 14:00:00,22.0,24.89302358670662,24.611749776146006,25.188688252630254,24.123999939400015,0,0,비가동,0
2021-08-15 15:00:00,21.0,24.673662136718637,24.429628308175612,25.088688252630252,23.97104513517374,0,0,비가동,0
2021-08-15 16:00:00,25.0,24.326024164224354,24.126715087163763,25.088688252630252,23.97104513517374,0,0,비가동,0
2021-08-15 17:00:00,22.0,24.678234036783213,24.55197130083267,25.088688252630252,24.123999939400015,0,0,비가동,0
2021-08-15 18:00:00,21.0,24.903472526577364,24.581201188198026,25.088688252630252,23.978200904432796,0,0,비가동,0
2021-08-15 19:00:00,25.0,24.844947082492293,24.373254106328982,25.088688252630252,23.922353956319345,0,0,비가동,0
2021-08-15 20:00:00,22.0,24.937713926733107,24.54404763162084,25.088688252630252,23.965566323704753,0,0,비가동,0
2021-08-15 21:00:00,22.0,25.15240288383185,24.483713943909564,25.088688252630252,24.201263288643137,0,0,비가동,0
2021-08-15 22:00:00,24.0,24.617191881316167,23.95533631060947,25.088688252630252,23.922353956319345,0,0,비가동,0
2021-08-15 23:00:00,25.0,24.575692730606907,23.77440399288097,25.088688252630252,23.922353956319345,0,0,비가동,0
2021-08-16 00:00:00,22.0,29.9196122710774,23.636898479436645,25.558688252630265,27.9968340120713,0,0,가동 시작일,0
2021-08-16 01:00:00,23.0,27.638683474935068,24.061397865066525,25.558688252630265,27.903203022414424,0,0,가동 시작일,0
2021-08-16 02:00:00,26.0,28.303509073724467,24.20832785339827,25.558688252630265,28.015274734614074,0,0,가동 시작일,0
2021-08-16 03:00:00,21.0,31.465690182995367,25.111881021823123,25.558688252630265,28.040046379456708,0,0,가동 시작일,0
2021-08-16 04:00:00,22.0,28.168814427687042,24.68124892548467,25.558688252630265,27.9968340120713,0,0,가동 시작일,0
2021-08-16 05:00:00,22.0,21.89238791959732,24.21515570847015,25.558688252630265,27.88476229987165,0,0,가동 시작일,0
2021-08-16 06:00:00,26.0,28.54856587658873,25.535372947003978,25.558688252630265,33.41150864829846,0,0,가동 시작일,0
2021-08-16 07:00:00,122.0,108.06156600561305,104.24347447545927,110.36050054981727,110.03279591188142,1,1,가동 시작일,0
2021-08-16 08:00:00,183.0,159.46136680716543,180.0680037696245,158.38766694544307,166.13718896079752,1,1,가동 시작일,1
2021-08-16 09:00:00,190.0,161.86394912316658,177.8539973213448,158.38766694544307,166.4952229312106,1,1,가동 시작일,1
2021-08-16 10:00:00,157.0,159.9249560554863,177.98137363625236,158.38766694544307,166.48662342268133,1,1,가동 시작일,0
2021-08-16 11:00:00,157.0,154.78249042380776,177.6362777574596,157.25151346861503,165.25703827597457,1,1,가동 시작일,0
2021-08-16 12:00:00,107.0,137.00978652639222,148.09403812379333,139.65714454981725,135.07081829069838,1,1,가동 시작일,0
2021-08-16 13:00:00,157.0,155.3518939662325,176.64623098594342,158.38766694544307,166.48703283798508,1,1,가동 시작일,0
2021-08-16 14:00:00,153.0,154.6884214291211,177.6270455116964,158.38766694544307,165.17570603900697,1,1,가동 시작일,0
2021-08-16 15:00:00,146.0,149.9018372777667,171.04243861622672,156.84690592272256,162.54196768012363,1,1,가동 시작일,0
2021-08-16 16:00:00,125.0,150.43074339150502,171.8462248114093,158.38766694544307,164.07067533986788,1,1,가동 시작일,0
2021-08-16 17:00:00,105.0,143.43996671614468,159.22945263987566,154.08786725186246,148.07538793230074,1,1,가동 시작일,0
2021-08-16 18:00:00,94.0,113.99153095093718,121.76027491955168,108.62612926254998,107.16420343022537,1,1,가동 시작일,0
2021-08-16 19:00:00,95.0,114.19386728020747,119.11763611030302,103.97280826254998,97.43479743319149,1,1,가동 시작일,0
2021-08-16 20:00:00,102.0,107.49004580246354,119.94957505629725,108.23280826254997,109.1489896405922,1,1,가동 시작일,0
2021-08-16 21:00:00,116.0,113.65149410358127,118.32392351410581,117.13280826254997,111.36200716742822,1,1,가동 시작일,0
2021-08-16 22:00:00,102.0,107.15134244096097,118.39940810302824,108.23280826254997,109.1489896405922,1,1,가동 시작일,0
2021-08-16 23:00:00,102.0,106.0754981151834,117.72018001195558,108.23280826254997,109.1489896405922,1,1,가동 시작일,0
2021-08-17 00:00:00,71.0,65.91526414534884,72.69456768205644,65.33653655069487,79.77557386091543,1,1,종일 가동,0
2021-08-17 01:00:00,100.0,103.32054484300646,109.45268020571623,106.7824823341174,104.33439158098614,1,1,종일 가동,0
2021-08-17 02:00:00,101.0,104.25007629956295,109.33296650226175,102.52248233411738,99.47563606388746,1,1,종일 가동,0
2021-08-17 03:00:00,99.0,104.48073655974171,108.78492894526109,106.7824823341174,103.92480582044284,1,1,종일 가동,0
2021-08-17 04:00:00,98.0,105.29138346869787,109.52846364534217,106.7824823341174,104.26625564888747,1,1,종일 가동,0
2021-08-17 05:00:00,103.0,103.18486728234761,109.15581975274677,102.52248233411738,99.58425614672178,1,1,종일 가동,0
2021-08-17 06:00:00,96.0,108.0970958549129,112.77528333249079,107.92655571612651,106.8107338144607,1,1,종일 가동,0
2021-08-17 07:00:00,146.0,123.55632952774017,129.092358378262,129.94175511242582,134.00910830784093,1,1,종일 가동,0
2021-08-17 08:00:00,171.0,160.19996633342302,176.026466309905,168.22447227752775,172.73042994175893,1,1,종일 가동,0
2021-08-17 09:00:00,170.0,168.3652492866593,176.05661238079418,169.99827833167961,174.90669513650073,1,1,종일 가동,0
2021-08-17 10:00:00,165.0,165.06497991011784,171.62496097978521,161.01088793738586,164.8626824112004,1,1,종일 가동,0
2021-08-17 11:00:00,173.0,163.5061122298328,173.47113082257388,159.86817355400933,162.69607265336634,1,1,종일 가동,0
2021-08-17 12:00:00,134.0,119.31067871863782,119.28364407868294,120.11514021591209,112.35073176739024,1,1,종일 가동,0
2021-08-17 13:00:00,164.0,161.78677563420652,169.73008609301866,161.01088793738586,163.22295092907348,1,1,종일 가동,0
2021-08-17 14:00:00,164.0,162.35232850568954,167.19250962941334,157.62942161873661,162.36489463823546,1,1,종일 가동,0
2021-08-17 15:00:00,168.0,158.07863294011517,165.4629811123359,157.62942161873661,162.36489463823546,1,1,종일 가동,0
2021-08-17 16:00:00,158.0,152.77135497114566,165.1271657898888,157.51058401130683,161.89774917619945,1,1,종일 가동,0
2021-08-17 17:00:00,135.0,144.9449006336155,151.05259747478976,149.93332979327198,152.17748557270363,1,1,종일 가동,0
2021-08-17 18:00:00,158.0,141.93716509954274,159.90658743597731,154.66797178445472,159.84380601112775,1,1,종일 가동,0
2021-08-17 19:00:00,143.0,141.1208820518774,157.274228576851,153.23240924121598,158.67296062859322,1,1,종일 가동,0
2021-08-17 20:00:00,128.0,124.14510126444867,121.47102257642818,117.1212266068385,120.86762858358517,1,1,종일 가동,0
2021-08-17 21:00:00,121.0,122.84775695660532,123.65938418005182,117.90781075558353,123.43302782057646,1,1,종일 가동,0
2021-08-17 22:00:00,118.0,107.40126160311594,115.07445828662931,107.15783222482939,107.94305474331249,1,1,종일 가동,0
2021-08-17 23:00:00,118.0,107.40477785748844,114.36165583760841,107.15783222482939,107.58367641704713,1,1,종일 가동,0
2021-08-18 00:00:00,66.0,71.63343595828741,72.95255487054256,81.97613301125426,78.0154182390663,1,1,종일 가동,0
2021-08-18 01:00:00,105.0,102.9937250950009,107.58491933830963,106.03579301125427,106.42812177395875,1,1,종일 가동,0
2021-08-18 02:00:00,105.0,103.08643318080604,108.1320649316478,106.03579301125427,106.3876376232231,1,1,종일 가동,0
2021-08-18 03:00:00,101.0,105.39000572979897,109.12414088320615,106.03579301125427,108.8270773768889,1,1,종일 가동,0
2021-08-18 04:00:00,99.0,103.56426058121725,107.78001829878896,106.03579301125427,106.52217000277653,1,1,종일 가동,0
2021-08-18 05:00:00,98.0,105.09884840156963,107.35970362800886,106.70586639326339,104.6716578502018,1,1,종일 가동,0
2021-08-18 06:00:00,107.0,109.88128393408095,111.63933863792705,117.01202691266039,118.30740277029777,1,1,종일 가동,0
2021-08-18 07:00:00,146.0,133.83183273173344,148.8806867003006,146.01025844390153,149.31115698042845,1,1,종일 가동,0
2021-08-18 08:00:00,174.0,155.83626435686182,179.30223415482672,167.0227749354162,174.7932083565138,1,1,종일 가동,0
2021-08-18 09:00:00,172.0,159.7235268794371,178.36102647308107,166.41207984444938,172.67949329495795,1,1,종일 가동,0
2021-08-18 10:00:00,176.0,152.16346143764656,171.82944112676483,162.25454882510903,163.4958131601705,1,1,종일 가동,0
2021-08-18 11:00:00,183.0,153.61898134600958,174.849680411935,164.5481942887503,168.62055313502267,1,1,종일 가동,1
2021-08-18 12:00:00,120.0,118.81086423907972,121.98174648843165,121.4922553543644,131.2358554047516,1,1,종일 가동,0
2021-08-18 13:00:00,177.0,148.33503714969407,175.9692097581302,162.59056100940734,165.43649490055623,1,1,종일 가동,0
2021-08-18 14:00:00,185.0,149.33771557561346,177.35527056708014,162.59056100940734,166.24879313681888,1,1,종일 가동,1
2021-08-18 15:00:00,184.0,150.4644121989985,163.87222135275402,160.71378780238848,161.8802760213198,1,1,종일 가동,1
2021-08-18 16:00:00,188.0,146.58374593301656,166.26953468896957,159.66035945692786,161.48908166271025,1,1,종일 가동,1
2021-08-18 17:00:00,186.0,134.41877953985644,156.51412263690966,156.82125722269458,158.9966372987193,1,1,종일 가동,1
2021-08-18 18:00:00,174.0,145.67262749843366,157.77770896977694,159.56997208835753,161.2037831136058,1,1,종일 가동,0
2021-08-18 19:00:00,158.0,134.16510631604694,150.98502968987978,154.91448803189496,157.1332940125888,1,1,종일 가동,0
2021-08-18 20:00:00,124.0,118.10546690170943,115.70865756822165,119.99731452008342,118.85407486558869,1,1,종일 가동,0
2021-08-18 21:00:00,123.0,113.5912728711764,115.88052738110058,110.08770188865377,112.91476996133171,1,1,종일 가동,0
2021-08-18 22:00:00,125.0,105.26628730282472,111.91535957688838,108.4170204505084,110.43342116803258,1,1,종일 가동,0
2021-08-18 23:00:00,112.0,101.57444453513737,111.72935130141384,108.4170204505084,110.29888878847915,1,1,종일 가동,0
2021-08-19 00:00:00,77.0,69.8070901609866,72.51473796426693,63.666939471254274,78.86518930742885,1,1,종일 가동,0
2021-08-19 01:00:00,114.0,101.40219415158674,107.34165678895414,106.03579301125427,106.2146076081639,1,1,종일 가동,0
2021-08-19 02:00:00,116.0,100.24102840222963,107.19630688469492,106.03579301125427,105.92664411949808,1,1,종일 가동,0
2021-08-19 03:00:00,119.0,99.72385472964092,106.82812634510275,106.03579301125427,105.72123490577326,1,1,종일 가동,0
2021-08-19 04:00:00,108.0,102.21239612541635,105.88356499619373,106.03579301125427,105.78937083787193,1,1,종일 가동,0
2021-08-19 05:00:00,106.0,102.08334259171066,105.87080054144103,106.03579301125427,103.38701423352262,1,1,종일 가동,0
2021-08-19 06:00:00,119.0,104.5361085752593,109.46402732643064,116.4013318216935,112.37347412261076,1,1,종일 가동,0
2021-08-19 07:00:00,143.0,138.25907329074727,146.7869960976858,145.39956335293465,148.3658362199646,1,1,종일 가동,0
2021-08-19 08:00:00,185.0,164.42781549550236,175.87628754128343,167.6656110202172,171.91066544496525,1,1,종일 가동,1
2021-08-19 09:00:00,182.0,163.97888939173538,174.31240275685371,166.41207984444938,170.8054578860535,1,1,종일 가동,1
2021-08-19 10:00:00,177.0,157.95170353011008,174.99134468637877,167.3106083859349,171.26925071037138,1,1,종일 가동,0
2021-08-19 11:00:00,188.0,161.46624001400232,179.80412590318275,168.08335395560397,175.80630383262965,1,1,종일 가동,1
2021-08-19 12:00:00,120.0,126.70508708770582,123.1284466944321,121.70767707293474,133.9804832834467,1,1,종일 가동,0
2021-08-19 13:00:00,172.0,164.11919632546568,174.92751508678043,167.3106083859349,171.51760270504076,1,1,종일 가동,0
2021-08-19 14:00:00,184.0,166.88768859189224,177.27818798587276,168.16865435718157,173.83483327857252,1,1,종일 가동,1
2021-08-19 15:00:00,185.0,162.53366511687545,175.9892058924113,168.16865435718157,175.05848456666314,1,1,종일 가동,1
2021-08-19 16:00:00,171.0,156.1886363948307,173.8101134329943,166.55457295628298,170.65219428276538,1,1,종일 가동,0
2021-08-19 17:00:00,155.0,156.5811074450325,160.7970216012403,166.031022624174,169.40230187348786,1,1,종일 가동,0
2021-08-19 18:00:00,161.0,155.292763785494,160.7470830807282,165.69652698503631,168.4296851921359,1,1,종일 가동,0
2021-08-19 19:00:00,153.0,150.02295443311738,154.05322032628382,157.29473098193546,160.24891043440155,1,1,종일 가동,0
2021-08-19 20:00:00,134.0,121.90368628508979,120.0650293203784,120.56328680365375,120.62869443460676,1,1,종일 가동,0
2021-08-19 21:00:00,123.0,117.08830943090337,120.97423128932068,110.16996580365377,114.75138082585349,1,1,종일 가동,0
2021-08-19 22:00:00,125.0,118.84189080426118,117.19838803607797,120.01526257234188,117.01574524605569,1,1,종일 가동,0
2021-08-19 23:00:00,117.0,115.74359473258934,115.85005824290845,116.37974781907873,112.4978533731778,1,1,종일 가동,0
2021-08-20 00:00:00,80.0,68.848876255632,74.15087685428647,63.887821154942394,79.4252255806103,1,1,종일 가동,0
2021-08-20 01:00:00,109.0,106.8947710151335,111.3738426140754,106.78567222569652,105.7958989383399,1,1,종일 가동,0
2021-08-20 02:00:00,110.0,110.83993617262793,115.35907611877347,116.71333222569652,111.52189953743131,1,1,종일 가동,0
2021-08-20 03:00:00,107.0,114.65779885967656,115.90452937347557,118.64975473027152,115.61356451994195,1,1,종일 가동,0
2021-08-20 04:00:00,106.0,106.97835206195299,109.9703956476556,106.3566746949424,106.67584282465796,1,1,종일 가동,0
2021-08-20 05:00:00,104.0,101.19132136234407,107.97528109434104,106.3566746949424,106.36963815073342,1,1,종일 가동,0
2021-08-20 06:00:00,115.0,113.9164976523548,116.72717901485568,111.4403495333045,113.94916499990023,1,1,종일 가동,0
2021-08-20 07:00:00,146.0,150.89691793398748,154.6815886014154,156.97227850517726,160.25541892710393,1,1,종일 가동,0
2021-08-20 08:00:00,179.0,168.4378122477778,184.74481983370077,169.45523376611882,176.75402454629133,1,1,종일 가동,1
2021-08-20 09:00:00,175.0,170.01424406660666,179.09739373642788,169.45523376611882,174.5422902697079,1,1,종일 가동,0
2021-08-20 10:00:00,168.0,168.64085746835823,175.07868987080013,168.5971877948722,175.38599656267914,1,1,종일 가동,0
2021-08-20 11:00:00,193.0,166.85232599582528,180.95748697568814,168.4042356392921,178.5092799022443,1,1,종일 가동,1
2021-08-20 12:00:00,134.0,123.76828770971572,122.35896846960854,122.85021272537485,134.46004557348996,1,1,종일 가동,0
2021-08-20 13:00:00,180.0,168.1250972959715,173.23924085092315,167.34365661910434,172.21204802099768,1,1,종일 가동,1
2021-08-20 14:00:00,184.0,166.6404604475284,175.5914101292249,169.45523376611882,177.99840307834376,1,1,종일 가동,1
2021-08-20 15:00:00,176.0,163.1741286901688,175.1372767581171,169.45523376611882,176.46337746935887,1,1,종일 가동,0
2021-08-20 16:00:00,177.0,162.42769798998606,171.8236094143924,167.34365661910434,172.44920650499918,1,1,종일 가동,0
2021-08-20 17:00:00,164.0,156.78515615592215,165.19122187536362,160.27870584249047,162.25223479141818,1,1,종일 가동,0
2021-08-20 18:00:00,158.0,161.42753406597515,164.2966513983073,161.426132901247,164.48112945779891,1,1,종일 가동,0
2021-08-20 19:00:00,146.0,143.97900533141447,153.0646946354579,155.32575708415342,159.4621793626254,1,1,종일 가동,0
2021-08-20 20:00:00,125.0,121.53806255749018,120.8658852712707,120.88416848734188,125.69766030882684,1,1,종일 가동,0
2021-08-20 21:00:00,121.0,119.68965941245453,120.35238889098711,120.4908474873419,114.77261779785731,1,1,종일 가동,0
2021-08-20 22:00:00,113.0,119.55018507573635,120.54600354689289,120.4908474873419,114.50499526860565,1,1,종일 가동,0
2021-08-20 23:00:00,106.0,111.21279069769822,112.83284037424524,108.73790213419653,111.28975422662816,1,1,종일 가동,0
2021-08-21 00:00:00,64.0,63.99623438385582,69.64369916330695,63.57738849082903,61.551115267327276,1,1,가동 종료일,0
2021-08-21 01:00:00,99.0,106.87209488026417,110.93178742362123,105.9173440190498,102.42659463628573,1,1,가동 종료일,0
2021-08-21 02:00:00,109.0,106.3899235956731,109.85247817599803,106.00773138762015,105.07517298270471,1,1,가동 종료일,0
2021-08-21 03:00:00,102.0,101.3167122394899,111.9683050768728,98.47331630262015,98.77873881485905,1,1,가동 종료일,0
2021-08-21 04:00:00,107.0,101.42808345784378,106.64440933669961,105.9173440190498,102.31256573756532,1,1,가동 종료일,0
2021-08-21 05:00:00,110.0,95.73202008110317,106.70665737264129,90.40834401904979,87.4321730513386,1,1,가동 종료일,0
2021-08-21 06:00:00,103.0,94.41845825769762,112.53847834833998,91.87731383337426,91.77591669857323,1,1,가동 종료일,0
2021-08-21 07:00:00,94.0,74.79942389602107,94.61295796516639,62.12819611302673,60.149796609685716,1,1,가동 종료일,0
2021-08-21 08:00:00,26.0,25.155593316534713,24.55707557106949,25.088688252630252,26.655881827203764,0,0,가동 종료일,0
2021-08-21 09:00:00,21.0,24.4087273426758,24.22906569406922,25.088688252630252,23.996712883141704,0,0,가동 종료일,0
2021-08-21 10:00:00,22.0,23.968248877731913,24.005498186292865,25.088688252630252,23.996712883141704,0,0,가동 종료일,0
2021-08-21 11:00:00,26.0,25.43177353809535,24.758290234280004,25.188688252630254,24.798916700016967,0,0,가동 종료일,0
2021-08-21 12:00:00,22.0,25.267316900425804,24.338836936217955,25.188688252630254,24.102548676276527,0,0,가동 종료일,0
2021-08-21 13:00:00,21.0,24.087170274959607,24.005498186292865,25.188688252630254,23.996712883141704,0,0,가동 종료일,0
2021-08-21 14:00:00,26.0,24.630813766433636,24.731831222428823,25.188688252630254,23.996712883141704,0,0,가동 종료일,0
2021-08-21 15:00:00,23.0,25.44816195257279,24.606809901197504,25.188688252630254,24.604850561119022,0,0,가동 종료일,0
2021-08-21 16:00:00,22.0,24.483221966389163,24.162778147752785,25.188688252630254,23.996712883141704,0,0,가동 종료일,0
2021-08-21 17:00:00,22.0,24.542184094248363,24.56181137913981,25.188688252630254,23.996712883141704,0,0,가동 종료일,0
2021-08-21 18:00:00,27.0,24.96740753818065,24.415986484662323,25.188688252630254,24.027909310081533,0,0,가동 종료일,0
2021-08-21 19:00:00,21.0,25.851015904239123,24.495262134062056,25.188688252630254,25.019753846420045,0,0,가동 종료일,0
2021-08-21 20:00:00,22.0,25.196924570087994,23.86840756172779,25.188688252630254,24.102548676276527,0,0,가동 종료일,0
2021-08-21 21:00:00,23.0,24.71177340134859,23.8494334812975,25.188688252630254,23.996712883141704,0,0,가동 종료일,0
2021-08-21 22:00:00,27.0,24.70836728466745,24.03946650176455,25.188688252630254,24.375788456536444,0,0,가동 종료일,0
2021-08-21 23:00:00,23.0,24.838959117137072,23.939939759793727,25.188688252630254,23.996712883141704,0,0,가동 종료일,0
2021-08-22 00:00:00,23.0,24.621788419036495,24.646354939592307,25.188688252630254,23.952604412630965,0,0,비가동,0
2021-08-22 01:00:00,26.0,24.91169715896351,23.661451685455642,25.188688252630254,23.980856233273173,0,0,비가동,0
2021-08-22 02:00:00,27.0,24.7506177222356,24.102994900314744,25.188688252630254,23.893301212320225,0,0,비가동,0
2021-08-22 03:00:00,24.0,24.722346677008083,23.843703927778794,25.188688252630254,23.97104513517374,0,0,비가동,0
2021-08-22 04:00:00,22.0,24.80435363615817,24.646354939592307,25.188688252630254,23.97104513517374,0,0,비가동,0
2021-08-22 05:00:00,26.0,24.604802817428897,24.03013356093791,25.188688252630254,23.773837556883464,0,0,비가동,0
2021-08-22 06:00:00,22.0,24.733455483337345,24.02375370305229,25.188688252630254,23.97104513517374,0,0,비가동,0
2021-08-22 07:00:00,22.0,24.76204956879417,24.289990482096194,25.188688252630254,23.97104513517374,0,0,비가동,0
2021-08-22 08:00:00,22.0,25.529410052407393,25.182195756067273,25.188688252630254,24.46893105119975,0,0,비가동,0
2021-08-22 09:00:00,27.0,25.069117607715974,24.650363123613207,25.188688252630254,24.076811121706466,0,0,비가동,0
2021-08-22 10:00:00,22.0,24.805581441004854,24.20370480027017,25.188688252630254,23.97104513517374,0,0,비가동,0
2021-08-22 11:00:00,23.0,25.02537606610883,24.64180410632898,25.088688252630252,23.97104513517374,0,0,비가동,0
2021-08-22 12:00:00,24.0,25.285269241973918,24.36962929902326,25.088688252630252,24.312577893246946,0,0,비가동,0
2021-08-22 13:00:00,26.0,24.81652265768006,23.836913771053194,25.088688252630252,23.97104513517374,0,0,비가동,0
2021-08-22 14:00:00,23.0,24.869461158497465,24.396870207724806,25.088688252630252,23.97104513517374,0,0,비가동,0
2021-08-22 15:00:00,23.0,23.99518051823885,24.016861997920802,25.088688252630252,23.97104513517374,0,0,비가동,0
2021-08-22 16:00:00,27.0,24.82687227666876,24.749651425172644,25.088688252630252,24.123999939400015,0,0,비가동,0
2021-08-22 17:00:00,22.0,24.914219089896896,24.07971379518898,25.088688252630252,23.97104513517374,0,0,비가동,0
2021-08-22 18:00:00,22.0,24.731021981013992,24.017846088781695,25.088688252630252,23.97104513517374,0,0,비가동,0
2021-08-22 19:00:00,22.0,24.725190718804228,24.075845761388013,25.088688252630252,23.941512516075985,0,0,비가동,0
2021-08-22 20:00:00,26.0,24.744401111552918,24.07182649895793,25.088688252630252,23.922353956319345,0,0,비가동,0
2021-08-22 21:00:00,23.0,24.89502552694565,24.411513395046267,25.088688252630252,23.965566323704753,0,0,비가동,0
2021-08-22 22:00:00,24.0,24.798464305493276,24.32669324393448,25.088688252630252,23.929509725578402,0,0,비가동,0
2021-08-22 23:00:00,26.0,25.411364668237244,24.722825381499366,25.088688252630252,24.07530876054562,0,0,비가동,0
2021-08-23 00:00:00,25.0,29.089047112188453,25.043181243213173,25.558688252630265,27.9968340120713,0,0,가동 시작일,0
2021-08-23 01:00:00,23.0,27.129399502611953,24.08999294873858,25.558688252630265,27.9968340120713,0,0,가동 시작일,0
2021-08-23 02:00:00,23.0,22.10716031596135,23.94867014987165,25.558688252630265,28.029157550511943,0,0,가동 시작일,0
2021-08-23 03:00:00,27.0,25.66322471792679,23.917830797165145,25.558688252630265,27.9968340120713,0,0,가동 시작일,0
2021-08-23 04:00:00,22.0,28.75192238121464,24.39822347913113,25.558688252630265,28.015274734614074,0,0,가동 시작일,0
2021-08-23 05:00:00,22.0,22.58897770878705,24.19591824099656,25.558688252630265,28.015274734614074,0,0,가동 시작일,0
2021-08-23 06:00:00,22.0,24.924475555842513,23.80209298083893,25.558688252630265,33.506595995472075,0,0,가동 시작일,0
2021-08-23 07:00:00,92.0,119.00689192961264,105.28870346045161,118.87914114389696,116.74763215826597,1,1,가동 시작일,0
2021-08-23 08:00:00,181.0,186.2313360950045,187.55764482498353,176.29892851754292,177.72753233292056,1,1,가동 시작일,1
2021-08-23 09:00:00,187.0,186.28967159357433,186.96749272098057,177.4904922901249,181.33170317730813,1,1,가동 시작일,1
2021-08-23 10:00:00,182.0,176.94117988481358,181.57135584821964,175.8850402194882,179.00753989359924,1,1,가동 시작일,1
2021-08-23 11:00:00,191.0,175.0994372497529,176.25040557249218,172.13847038689318,175.08935013211408,1,1,가동 시작일,1
2021-08-23 12:00:00,136.0,127.23198991686235,146.5559342224538,133.51373424380887,122.76576018545549,1,1,가동 시작일,0
2021-08-23 13:00:00,193.0,175.41394361092713,178.13585197943183,175.5004758030762,178.70714457526245,1,1,가동 시작일,1
2021-08-23 14:00:00,190.0,170.24463331446208,170.3534556249473,164.71433838099756,170.6202642990654,1,1,가동 시작일,1
2021-08-23 15:00:00,196.0,169.4495038637807,168.95065836931238,159.1661606797889,164.87116702350878,1,1,가동 시작일,1
2021-08-23 16:00:00,177.0,155.43216807043729,162.16165600987813,146.83794842582603,152.83888180770543,1,1,가동 시작일,0
2021-08-23 17:00:00,177.0,133.6278178622386,153.7081369907864,139.09718740310552,133.05012221724323,1,1,가동 시작일,0
2021-08-23 18:00:00,179.0,118.57244429992059,123.07669828120069,103.14868503488175,113.89475514928654,1,1,가동 시작일,1
2021-08-23 19:00:00,137.0,120.4276231051644,120.02891511820675,105.1179259024726,108.49590722471824,1,1,가동 시작일,0
2021-08-23 20:00:00,118.0,114.72513486047953,122.76975492367305,115.26221085787377,113.30921702612206,1,1,가동 시작일,0
2021-08-23 21:00:00,117.0,116.65124526155412,120.39920170209592,115.5989575711111,113.22281437019305,1,1,가동 시작일,0
2021-08-23 22:00:00,113.0,115.21927518756654,120.52878073381876,115.26221085787377,113.18343769837269,1,1,가동 시작일,0
2021-08-23 23:00:00,107.0,115.43058432334227,118.41342538566079,115.67221085787376,113.18343769837269,1,1,가동 시작일,0
2021-08-24 00:00:00,67.0,69.56043958316417,72.71529845522161,69.56703655069488,63.82488318644732,1,1,종일 가동,0
2021-08-24 01:00:00,111.0,110.28692872323292,110.78852745592928,106.7824823341174,108.36883963876662,1,1,종일 가동,0
2021-08-24 02:00:00,115.0,108.23292797463765,110.47725852990683,106.7824823341174,108.36883963876662,1,1,종일 가동,0
2021-08-24 03:00:00,115.0,110.2357605584069,110.32077690448403,102.52248233411738,105.998318966516,1,1,종일 가동,0
2021-08-24 04:00:00,113.0,111.28677405541815,110.53376864050651,102.52248233411738,105.87253963876663,1,1,종일 가동,0
2021-08-24 05:00:00,106.0,110.72121761831303,111.09323327460467,106.7824823341174,108.36883963876662,1,1,종일 가동,0
2021-08-24 06:00:00,115.0,111.14340832334904,112.99305402241393,103.98802114455664,107.61769161149967,1,1,종일 가동,0
2021-08-24 07:00:00,145.0,145.53083735755033,144.22537389074878,145.18692098860421,148.4301595311089,1,1,종일 가동,0
2021-08-24 08:00:00,196.0,177.35594436487747,180.50352506403132,174.34003467664897,177.6357669580624,1,1,종일 가동,1
2021-08-24 09:00:00,190.0,177.68059686402785,178.58430405065866,176.8906774773902,179.3483571880413,1,1,종일 가동,1
2021-08-24 10:00:00,181.0,176.81211656062587,177.5916289363366,176.8906774773902,178.6641425758354,1,1,종일 가동,1
2021-08-24 11:00:00,188.0,179.68259870214254,180.02183082789062,178.0472275340267,180.52953030954478,1,1,종일 가동,1
2021-08-24 12:00:00,130.0,124.12634170245883,128.6681144884814,122.77077750280384,129.01489004608516,1,1,종일 가동,0
2021-08-24 13:00:00,180.0,181.4316773316539,184.13113497514624,178.77337104292425,180.2320308250336,1,1,종일 가동,1
2021-08-24 14:00:00,190.0,180.22213493174561,179.53976520633583,177.23261002020374,179.15355636433594,1,1,종일 가동,1
2021-08-24 15:00:00,201.0,178.7946993899198,180.76788048396375,177.23261002020374,179.25826669603495,1,1,종일 가동,1
2021-08-24 16:00:00,191.0,175.90613940278206,177.0753661654962,171.53768701891036,174.09190632061922,1,1,종일 가동,1
2021-08-24 17:00:00,157.0,144.54544114008547,149.3072554188576,150.01850504754137,151.88873093352692,1,1,종일 가동,0
2021-08-24 18:00:00,156.0,171.79268854043337,165.02275223065345,169.65804060005016,171.10082983054934,1,1,종일 가동,0
2021-08-24 19:00:00,164.0,151.2870458892475,153.9839733410994,150.15303486565253,155.9366587149426,1,1,종일 가동,0
2021-08-24 20:00:00,125.0,127.78174983311648,125.77903895231212,117.30934436505964,118.17265089347286,1,1,종일 가동,0
2021-08-24 21:00:00,123.0,118.7873646649603,119.8844562862772,117.30934436505964,116.63425913992613,1,1,종일 가동,0
2021-08-24 22:00:00,120.0,112.42241808530532,111.78698998431885,115.8308546505782,113.9425569056398,1,1,종일 가동,0
2021-08-24 23:00:00,107.0,110.65947268428529,109.57840524126338,115.08612928685551,112.60465313239337,1,1,종일 가동,0
2021-08-25 00:00:00,81.0,70.87607681568136,71.21895621268098,77.26534722783174,69.50604537429078,1,1,종일 가동,0
2021-08-25 01:00:00,111.0,109.14078699728101,108.1821894918989,111.77188076171274,110.152284711791,1,1,종일 가동,0
2021-08-25 02:00:00,115.0,112.3756777296751,111.66975831334261,114.20660612543546,112.99875353996892,1,1,종일 가동,0
2021-08-25 03:00:00,106.0,112.06992890704866,111.87249745049297,114.20660612543546,112.99875353996892,1,1,종일 가동,0
2021-08-25 04:00:00,110.0,106.58880126546477,109.25168178870366,108.25660612543544,108.58997190374279,1,1,종일 가동,0
2021-08-25 05:00:00,107.0,106.09580432244994,106.72868108147223,101.77579301125425,104.68143880274697,1,1,종일 가동,0
2021-08-25 06:00:00,108.0,113.77827063601653,112.3502322678177,116.91780639437636,115.77968880962592,1,1,종일 가동,0
2021-08-25 07:00:00,162.0,145.69079794319367,146.34239226453903,147.32299037725053,148.90474801931705,1,1,종일 가동,0
2021-08-25 08:00:00,182.0,182.67981006986932,186.83289081503582,179.3421734243899,181.673322244581,1,1,종일 가동,1
2021-08-25 09:00:00,181.0,182.76476715870598,186.74080139049573,179.3421734243899,180.9814894291578,1,1,종일 가동,1
2021-08-25 10:00:00,189.0,180.6838556477697,184.66975700609345,176.68826503697198,178.10487027351618,1,1,종일 가동,1
2021-08-25 11:00:00,184.0,182.6134314111402,185.4402772811659,176.27579485431775,179.00929900081164,1,1,종일 가동,1
2021-08-25 12:00:00,121.0,119.04648699292684,122.6384721384393,123.48469520509911,123.1435684331509,1,1,종일 가동,0
2021-08-25 13:00:00,180.0,181.3612028864378,182.010243955984,178.30357545170074,179.87821788883417,1,1,종일 가동,1
2021-08-25 14:00:00,184.0,183.6710620461083,187.36031910397247,181.8900441865483,185.00889795774376,1,1,종일 가동,1
2021-08-25 15:00:00,180.0,187.15095809077093,191.86118533117107,181.11295086421194,186.46072765483365,1,1,종일 가동,1
2021-08-25 16:00:00,172.0,179.94185462106356,186.01249250136274,181.8900441865483,184.4220806337344,1,1,종일 가동,0
2021-08-25 17:00:00,176.0,174.6031991947123,171.86178708630885,178.9405761170539,178.9685409864155,1,1,종일 가동,0
2021-08-25 18:00:00,172.0,168.83224848961896,169.6681967278628,177.7398367710964,179.13583398306935,1,1,종일 가동,0
2021-08-25 19:00:00,152.0,161.6358447287744,154.20435226656562,162.92281053574928,162.25187124667997,1,1,종일 가동,0
2021-08-25 20:00:00,124.0,116.8695744492117,117.23747468307572,120.64656217199723,119.86431714448291,1,1,종일 가동,0
2021-08-25 21:00:00,131.0,116.05060720135724,115.37807500587591,121.10908270876592,119.33015281162358,1,1,종일 가동,0
2021-08-25 22:00:00,114.0,115.7388744357135,111.5259893122023,119.60696153687732,119.73696117773268,1,1,종일 가동,0
2021-08-25 23:00:00,119.0,108.25707673652867,110.00736172223493,112.75186101175785,110.20621426340236,1,1,종일 가동,0
2021-08-26 00:00:00,73.0,73.29898045075645,73.7311277622771,73.57075756937687,81.08063312199272,1,1,종일 가동,0
2021-08-26 01:00:00,110.0,110.26329308230633,109.97527281285163,112.12026241606958,110.79290615506555,1,1,종일 가동,0
2021-08-26 02:00:00,118.0,112.48481008852775,113.27943737413175,116.06422577854822,113.77390736279692,1,1,종일 가동,0
2021-08-26 03:00:00,104.0,111.83065447959505,111.50544881516832,114.01950041482549,112.5864141339852,1,1,종일 가동,0
2021-08-26 04:00:00,115.0,110.7190680996012,109.13464821142902,111.41729110325784,110.50567342509949,1,1,종일 가동,0
2021-08-26 05:00:00,108.0,110.33120097836692,106.83495209288493,106.0912033527994,107.89824660714918,1,1,종일 가동,0
2021-08-26 06:00:00,111.0,110.80692880020945,110.61730496632633,115.33324303071302,117.13810319363559,1,1,종일 가동,0
2021-08-26 07:00:00,147.0,146.17786578493752,146.28560254891352,149.86603850422227,150.5722361273563,1,1,종일 가동,0
2021-08-26 08:00:00,196.0,184.6740560835152,189.41463357024352,177.06988078829048,180.19771047426687,1,1,종일 가동,1
2021-08-26 09:00:00,199.0,183.08835205223306,184.0704941684564,176.21183481704387,178.3103536727856,1,1,종일 가동,1
2021-08-26 10:00:00,193.0,183.0907549743381,182.5706146124887,177.06988078829048,175.01094419091731,1,1,종일 가동,1
2021-08-26 11:00:00,194.0,182.9092311044426,187.2830112811959,176.94448227431226,179.19247396554638,1,1,종일 가동,1
2021-08-26 12:00:00,127.0,118.74508503852378,120.92621121920745,122.08266537232245,121.7365273810194,1,1,종일 가동,0
2021-08-26 13:00:00,199.0,178.8788471105772,181.57114733643672,175.12993307851607,177.5850627845256,1,1,종일 가동,1
2021-08-26 14:00:00,190.0,181.47433207969945,185.88336160181072,177.06988078829048,180.64325154289955,1,1,종일 가동,1
2021-08-26 15:00:00,202.0,175.99982773738535,176.30819232393372,175.9686824346229,178.69129216516808,1,1,종일 가동,1
2021-08-26 16:00:00,186.0,175.76413074573074,172.76599932652567,171.589086473765,175.07567887687895,1,1,종일 가동,1
2021-08-26 17:00:00,161.0,163.68233615040424,159.44477963277342,165.74204115123845,164.58415331327032,1,1,종일 가동,0
2021-08-26 18:00:00,167.0,166.7440230745739,164.7296778949234,169.63370806756552,172.21311268255002,1,1,종일 가동,0
2021-08-26 19:00:00,170.0,161.8416284198721,160.09005686130376,159.10230393577172,162.14739732753176,1,1,종일 가동,0
2021-08-26 20:00:00,121.0,123.11832232921904,122.61955335738922,120.24250078921759,128.6453086660883,1,1,종일 가동,0
2021-08-26 21:00:00,128.0,120.16444064609519,123.62483154489671,122.08035163857897,120.10790512599397,1,1,종일 가동,0
2021-08-26 22:00:00,116.0,117.35506481321546,118.80493961534235,115.68847402970758,118.65398205378288,1,1,종일 가동,0
2021-08-26 23:00:00,113.0,114.57081244290903,112.69298174027374,118.93827411688281,122.3051093297059,1,1,종일 가동,0
2021-08-27 00:00:00,77.0,67.63573403877186,76.5490794407737,67.83332115494238,69.29444533997476,1,1,종일 가동,0
2021-08-27 01:00:00,111.0,109.28122991301414,110.26741134816517,106.3566746949424,110.61964895856288,1,1,종일 가동,0
2021-08-27 02:00:00,115.0,108.45488833781671,114.13709226972959,115.01317611278532,114.92999756582786,1,1,종일 가동,0
2021-08-27 03:00:00,114.0,104.77950051232084,107.95505840083679,111.3419041200975,110.31622392500685,1,1,종일 가동,0
2021-08-27 04:00:00,112.0,110.18697291453972,112.86195944185779,113.87254479997358,113.44015051670688,1,1,종일 가동,0
2021-08-27 05:00:00,104.0,107.33465059300431,107.89642984423956,111.43781943625086,110.51811510723431,1,1,종일 가동,0
2021-08-27 06:00:00,103.0,111.07181862407064,110.30629777017022,114.35473024149115,112.24347022217688,1,1,종일 가동,0
2021-08-27 07:00:00,135.0,157.5584228399012,152.7008323642406,153.40832315553257,158.62454163445474,1,1,종일 가동,0
2021-08-27 08:00:00,190.0,183.76552895073883,182.17004697130574,181.8900441865483,179.80263557655982,1,1,종일 가동,1
2021-08-27 09:00:00,185.0,185.7999092123848,185.64814065731423,181.8900441865483,185.9689361557592,1,1,종일 가동,1
2021-08-27 10:00:00,177.0,186.91342904722717,183.97775217232922,181.8900441865483,186.01044522207408,1,1,종일 가동,0
2021-08-27 11:00:00,182.0,185.42117810789696,185.27588943229816,180.9578836671513,185.65690358629178,1,1,종일 가동,1
2021-08-27 12:00:00,125.0,127.2736900682278,125.93625217427306,129.406966354409,137.25681460458057,1,1,종일 가동,0
2021-08-27 13:00:00,179.0,184.64872428912633,182.3212457519826,181.8900441865483,186.5667377200519,1,1,종일 가동,1
2021-08-27 14:00:00,169.0,183.4419300626727,182.50617365731478,181.8900441865483,185.8313165854513,1,1,종일 가동,0
2021-08-27 15:00:00,175.0,184.08254183256375,188.55080495334428,181.8900441865483,187.12751876264474,1,1,종일 가동,0
2021-08-27 16:00:00,161.0,178.23028036803964,183.58356073356148,180.094181770377,182.70011416583566,1,1,종일 가동,0
2021-08-27 17:00:00,163.0,175.30512856473524,172.66223957648816,171.7521842081271,174.08151731108455,1,1,종일 가동,0
2021-08-27 18:00:00,157.0,169.9859686415139,167.34885172732183,170.5813580147734,172.0836248193482,1,1,종일 가동,0
2021-08-27 19:00:00,138.0,156.85901247314695,150.58078353540313,158.66351253039173,162.94932459634998,1,1,종일 가동,0
2021-08-27 20:00:00,111.0,118.97586544610148,118.57999456538691,121.12214708699722,128.7714032101676,1,1,종일 가동,0
2021-08-27 21:00:00,115.0,117.20954978488662,117.77904194273647,119.1737084470746,120.2757323746601,1,1,종일 가동,0
2021-08-27 22:00:00,105.0,113.81961909146638,112.60628052532807,115.6722746791423,115.04130106420571,1,1,종일 가동,0
2021-08-27 23:00:00,113.0,111.8483542637581,113.93762601737303,113.4076156499009,112.6436303195764,1,1,종일 가동,0
2021-08-28 00:00:00,75.0,63.29687298818084,67.67315759059012,64.21642689348423,66.6099824389721,1,1,가동 종료일,0
2021-08-28 01:00:00,111.0,106.2150128498618,109.41832900091627,97.64187267690676,103.80289033580847,1,1,가동 종료일,0
2021-08-28 02:00:00,119.0,112.44119574232309,108.85659900555659,116.7902010945017,110.5208498219699,1,1,가동 종료일,0
2021-08-28 03:00:00,109.0,101.84212655047396,108.54110895155488,106.0808702076609,107.23866023306407,1,1,가동 종료일,0
2021-08-28 04:00:00,107.0,105.53689738578049,108.33026388945022,106.0808702076609,109.37592768556877,1,1,가동 종료일,0
2021-08-28 05:00:00,107.0,105.01967867603359,106.0201515502891,105.65187267690678,108.33702971960905,1,1,가동 종료일,0
2021-08-28 06:00:00,103.0,104.59642431507079,104.48205967408605,106.12587267690677,106.06875710099617,1,1,가동 종료일,0
2021-08-28 07:00:00,94.0,86.88947946710586,86.74435850022083,101.18604546930625,94.7850376782377,1,1,가동 종료일,0
2021-08-28 08:00:00,36.0,26.21374693920831,25.768733051682165,25.869363268821488,28.265475255629198,0,0,가동 종료일,0
2021-08-28 09:00:00,36.0,24.386885675119743,24.61598687796415,25.188688252630254,23.996712883141704,0,0,가동 종료일,0
2021-08-28 10:00:00,41.0,24.54171118692944,25.4450364958133,25.188688252630254,23.996712883141704,0,0,가동 종료일,0
2021-08-28 11:00:00,39.0,25.638815826422228,25.54167263548617,26.119332582053644,26.59561220990742,0,0,가동 종료일,0
2021-08-28 12:00:00,38.0,24.484754911077857,24.059992170651785,25.188688252630254,23.996712883141704,0,0,가동 종료일,0
2021-08-28 13:00:00,41.0,23.798439046750428,24.384243036880616,25.188688252630254,23.996712883141704,0,0,가동 종료일,0
2021-08-28 14:00:00,41.0,25.35715609417857,24.75008477796586,25.188688252630254,25.0886905100825,0,0,가동 종료일,0
2021-08-28 15:00:00,38.0,24.95188262004262,28.49164104667284,25.088688252630252,24.102548676276527,0,0,가동 종료일,0
2021-08-28 16:00:00,52.0,24.501599837524527,89.74344679943486,25.088688252630252,23.996712883141704,0,1,가동 종료일,0
2021-08-28 17:00:00,47.0,24.501599837524527,117.79513015505383,25.088688252630252,23.996712883141704,0,1,가동 종료일,0
2021-08-28 18:00:00,0.0,25.385245684048524,25.784120541627694,25.088688252630252,25.040998482751252,0,0,가동 종료일,0
2021-08-28 19:00:00,0.0,24.83378776083223,24.46852924164509,25.088688252630252,24.102548676276527,0,0,가동 종료일,0
2021-08-28 20:00:00,0.0,24.503810378291224,24.48159853144802,25.088688252630252,23.996712883141704,0,0,가동 종료일,0
2021-08-28 21:00:00,0.0,24.48561544240381,23.815121417911627,25.088688252630252,23.996712883141704,0,0,가동 종료일,0
2021-08-28 22:00:00,0.0,25.995136647264715,25.162672207434955,25.41436063453919,25.6745775710657,0,0,가동 종료일,0
2021-08-28 23:00:00,0.0,24.655168022762624,23.7635012293715,25.088688252630252,23.996712883141704,0,0,가동 종료일,0
2021-08-29 00:00:00,0.0,24.60860076963056,23.744888350233847,25.088688252630252,23.952604412630965,0,0,비가동,0
2021-08-29 01:00:00,0.0,25.911397523442584,25.487820280880513,26.497141262759474,24.14209825697402,0,0,비가동,0
2021-08-29 02:00:00,0.0,25.268856056111023,24.382291253707,25.088688252630252,24.700080559814804,0,0,비가동,0
2021-08-29 03:00:00,0.0,24.561432592205406,23.834444900314747,25.088688252630252,23.893301212320225,0,0,비가동,0
2021-08-29 04:00:00,0.0,24.57361313132896,24.271886043319668,25.088688252630252,23.97104513517374,0,0,비가동,0
2021-08-29 05:00:00,0.0,25.541643174879123,25.07844454336781,25.088688252630252,24.725508589635297,0,0,비가동,0
2021-08-29 06:00:00,0.0,24.5540471982255,24.18232949323877,25.088688252630252,23.952604412630965,0,0,비가동,0
2021-08-29 07:00:00,0.0,24.58217559084052,24.71691148967321,25.088688252630252,23.97104513517374,0,0,비가동,0
2021-08-29 08:00:00,0.0,25.045760426720125,25.303094032477567,25.088688252630252,24.07688092830856,0,0,비가동,0
2021-08-29 09:00:00,0.0,25.416312909427702,25.134382766472573,25.088688252630252,25.10230010736972,0,0,비가동,0
2021-08-29 10:00:00,0.0,24.486582757650602,24.660931332962218,25.088688252630252,23.97104513517374,0,0,비가동,0
2021-08-29 11:00:00,41.0,24.465259318536276,24.341285189638665,25.088688252630252,23.97104513517374,0,0,비가동,0
2021-08-29 12:00:00,23.0,25.04866676967105,24.623664410668663,25.088688252630252,22.84586278708294,0,0,비가동,0
2021-08-29 13:00:00,19.0,25.12363496177804,24.59131600558849,25.088688252630252,25.048206359346853,0,0,비가동,0
2021-08-29 14:00:00,22.0,24.69266523920674,24.341285189638665,25.088688252630252,23.97104513517374,0,0,비가동,0
2021-08-29 15:00:00,21.0,24.69266523920674,24.509835189638665,25.088688252630252,23.97104513517374,0,0,비가동,0
2021-08-29 16:00:00,23.0,25.277985667549636,25.163497868206772,25.41436063453919,24.73378572062126,0,0,비가동,0
2021-08-29 17:00:00,26.0,24.548574068885888,24.296905886608677,25.088688252630252,23.97104513517374,0,0,비가동,0
2021-08-29 18:00:00,25.0,24.541580633831632,24.56099901523372,25.088688252630252,23.97104513517374,0,0,비가동,0
2021-08-29 19:00:00,21.0,24.713611312559927,24.419911866812342,25.088688252630252,23.97104513517374,0,0,비가동,0
2021-08-29 20:00:00,20.0,24.950061991607903,23.640677328865625,25.088688252630252,24.359739712045577,0,0,비가동,0
2021-08-29 21:00:00,21.0,24.60915971627794,23.784227332465505,25.088688252630252,23.922353956319345,0,0,비가동,0
2021-08-29 22:00:00,24.0,24.501920143506798,23.976299732379037,25.088688252630252,24.028119942852072,0,0,비가동,0
2021-08-29 23:00:00,21.0,25.618530187906234,24.70869662048729,25.088688252630252,24.71274646194051,0,0,비가동,0
2021-08-30 00:00:00,20.0,22.508060493616693,23.757180731477135,25.558688252630265,27.750966055402014,0,0,가동 시작일,0
2021-08-30 01:00:00,23.0,22.27770757499269,23.807455029517545,25.558688252630265,28.015274734614074,0,0,가동 시작일,0
2021-08-30 02:00:00,24.0,22.796654236976895,25.01349642211142,25.558688252630265,28.058487101999482,0,0,가동 시작일,0
2021-08-30 03:00:00,21.0,21.755784298653815,23.55073365792238,25.558688252630265,27.895361306042307,0,0,가동 시작일,0
2021-08-30 04:00:00,20.0,28.055629888064693,24.317223479131126,25.558688252630265,28.015274734614074,0,0,가동 시작일,0
2021-08-30 05:00:00,20.0,27.972970895641872,24.39822347913113,25.558688252630265,28.015274734614074,0,0,가동 시작일,0
2021-08-30 06:00:00,24.0,23.46075903256834,24.722832019399142,25.558688252630265,30.593597586139676,0,0,가동 시작일,0
2021-08-30 07:00:00,80.0,98.8284770489342,103.32407210238034,109.98090314514106,107.54410544800292,1,1,가동 시작일,0
2021-08-30 08:00:00,183.0,181.33279820294354,182.54140187810037,173.83256788197386,174.47633256715434,1,1,가동 시작일,1
2021-08-30 09:00:00,180.0,185.96766217812674,184.78879059970444,176.29892851754292,177.34272549249226,1,1,가동 시작일,1
2021-08-30 10:00:00,186.0,176.8013948371849,175.41259851497105,170.30239924229895,172.45487512210948,1,1,가동 시작일,1
2021-08-30 11:00:00,180.0,180.4145149582469,180.09394216137932,171.80076962453185,174.38213845113344,1,1,가동 시작일,1
2021-08-30 12:00:00,134.0,124.16706901529511,129.26453289809015,119.49236455896728,132.03737927747724,1,1,가동 시작일,0
2021-08-30 13:00:00,177.0,180.475356597488,177.20494507328274,173.25838852979004,173.8740612087075,1,1,가동 시작일,0
2021-08-30 14:00:00,174.0,179.21806016867754,176.85309752256478,171.64107809950903,171.759021468359,1,1,가동 시작일,0
2021-08-30 15:00:00,177.0,177.42324362474957,175.70203455876828,170.71547848666054,171.37250026758045,1,1,가동 시작일,0
2021-08-30 16:00:00,174.0,162.9288909872592,170.7518811179421,162.08451222213367,164.40921297300383,1,1,가동 시작일,0
2021-08-30 17:00:00,172.0,157.04758813463425,162.6306959424325,162.24690592272253,153.60925725190623,1,1,가동 시작일,0
2021-08-30 18:00:00,172.0,154.3851330925152,159.9319819037422,160.78928701746435,163.55914951543764,1,1,가동 시작일,0
2021-08-30 19:00:00,162.0,121.3823407838778,129.6359579661164,117.52612926254996,130.28495987076775,1,1,가동 시작일,0
2021-08-30 20:00:00,132.0,115.60536513095893,116.9680731659592,117.52612926254996,114.84158904108236,1,1,가동 시작일,0
2021-08-30 21:00:00,135.0,113.86304900092614,118.52459935908547,116.39895757111108,114.04662219563744,1,1,가동 시작일,0
2021-08-30 22:00:00,123.0,114.12626445557581,117.69041528384224,108.23280826254997,112.58381451736257,1,1,가동 시작일,0
2021-08-30 23:00:00,115.0,110.92803492246217,115.24769481678233,108.23280826254997,112.24236468891795,1,1,가동 시작일,0
2021-08-31 00:00:00,76.0,73.91059015522072,71.80247365100018,80.87978655069487,91.35222848976574,1,1,종일 가동,0
2021-08-31 01:00:00,111.0,111.18099864821527,111.99918343042836,106.7824823341174,110.22921645775651,1,1,종일 가동,0
2021-08-31 02:00:00,114.0,113.44697654955243,114.59729558673374,107.25806724911739,111.20326743858908,1,1,종일 가동,0
2021-08-31 03:00:00,107.0,111.56602263662825,111.41475378631768,106.7824823341174,110.02229900886532,1,1,종일 가동,0
2021-08-31 04:00:00,114.0,109.9748480122047,109.23882783824268,106.7824823341174,109.88776662931188,1,1,종일 가동,0
2021-08-31 05:00:00,114.0,111.02854702521121,108.36697083078604,106.7824823341174,107.42776662931188,1,1,종일 가동,0
2021-08-31 06:00:00,114.0,109.42729698663847,113.56646699052561,108.24802114455663,112.03610376060283,1,1,종일 가동,0
2021-08-31 07:00:00,144.0,148.05869929825946,145.89561800162375,145.18692098860421,147.99853974066752,1,1,종일 가동,0
2021-08-31 08:00:00,177.0,178.1183635074613,177.4298156466793,176.27998238642337,179.1157994185102,1,1,종일 가동,0
2021-08-31 09:00:00,185.0,175.92603024677476,173.5686728538707,176.34753602802525,177.31326582319522,1,1,종일 가동,1
2021-08-31 10:00:00,187.0,176.52738367516645,169.79046483585387,176.67541346211968,178.52746889930427,1,1,종일 가동,1
2021-08-31 11:00:00,182.0,176.26695041840068,171.72456198318253,175.9005096083354,178.3640290188857,1,1,종일 가동,1
2021-08-31 12:00:00,135.0,131.53492264768755,131.75136348181562,129.32883485768355,132.36724892478355,1,1,종일 가동,0
2021-08-31 13:00:00,184.0,175.86664155069678,175.80865392747808,176.11717638531638,179.0492015374256,1,1,종일 가동,1
2021-08-31 14:00:00,187.0,177.54965956814496,173.90097995057346,176.51551378641847,180.63299005644123,1,1,종일 가동,1
2021-08-31 15:00:00,170.0,177.03006027288026,170.16883615973026,176.72537706060726,182.3059971068687,1,1,종일 가동,0
2021-08-31 16:00:00,180.0,173.32623154245707,174.54821920178946,175.5959469676092,177.39137175165786,1,1,종일 가동,1
2021-08-31 17:00:00,139.0,156.0717617948878,153.97590366128603,162.1416076170773,162.2602491672236,1,1,종일 가동,0
2021-08-31 18:00:00,162.0,163.06893679138142,158.34309255000042,164.71631165300707,166.85430873092542,1,1,종일 가동,0
2021-08-31 19:00:00,154.0,160.42065390471902,157.6869822532134,161.79345706828113,161.73001666042506,1,1,종일 가동,0
2021-08-31 20:00:00,152.0,123.76907136585214,124.83783466239338,120.03239012456967,125.21583005601765,1,1,종일 가동,0
2021-08-31 21:00:00,132.0,121.50601375082653,122.7053104704584,119.22906912456966,119.50071756430941,1,1,종일 가동,0
2021-08-31 22:00:00,127.0,119.81813678528684,118.01284256760074,119.22906912456966,123.3062475330136,1,1,종일 가동,0
2021-08-31 23:00:00,128.0,115.57475378341613,114.00880238434026,116.03161665182232,115.03262061055882,1,1,종일 가동,0
