Peak Consumption in 15 minute,Peak Consumption in 30 minute,Peak Consumption in 45 minute,Peak Consumption in 60 minute,Average Peak Consumption in 1 hour,Vacation,Weekend
62.0,620.0,620.0,620.0,61,1.0,0.0
96.0,960.0,960.0,960.0,105,1.0,0.0
106.0,1060.0,1060.0,1060.0,104,1.0,0.0
92.0,920.0,920.0,920.0,105,1.0,0.0
108.0,1080.0,1080.0,1080.0,107,1.0,0.0
89.0,890.0,890.0,890.0,92,1.0,0.0
102.0,1020.0,1020.0,1020.0,107,1.0,0.0
92.0,920.0,920.0,920.0,61,1.0,0.0
27.0,270.0,270.0,270.0,24,1.0,0.0
22.0,220.0,220.0,220.0,22,1.0,0.0
22.0,220.0,220.0,220.0,22,1.0,0.0
22.0,220.0,220.0,220.0,25,1.0,0.0
22.0,220.0,220.0,220.0,22,1.0,0.0
22.0,220.0,220.0,220.0,22,1.0,0.0
22.0,220.0,220.0,220.0,23,1.0,0.0
28.0,280.0,280.0,280.0,25,1.0,0.0
23.0,230.0,230.0,230.0,23,1.0,0.0
22.0,220.0,220.0,220.0,22,1.0,0.0
22.0,220.0,220.0,220.0,25,1.0,0.0
22.0,220.0,220.0,220.0,22,1.0,0.0
22.0,220.0,220.0,220.0,22,1.0,0.0
23.0,230.0,230.0,230.0,24,1.0,0.0
26.0,260.0,260.0,260.0,23,1.0,0.0
22.0,220.0,220.0,220.0,22,1.0,0.0
63.0,630.0,630.0,630.0,63,0.0,1.0
96.0,960.0,960.0,960.0,105,0.0,1.0
106.0,1060.0,1060.0,1060.0,104,0.0,1.0
92.0,920.0,920.0,920.0,105,0.0,1.0
108.0,1080.0,1080.0,1080.0,107,0.0,1.0
89.0,890.0,890.0,890.0,92,0.0,1.0
102.0,1020.0,1020.0,1020.0,107,0.0,1.0
92.0,920.0,920.0,920.0,61,0.0,1.0
27.0,270.0,270.0,270.0,24,0.0,1.0
22.0,220.0,220.0,220.0,22,0.0,1.0
22.0,220.0,220.0,220.0,22,0.0,1.0
22.0,220.0,220.0,220.0,25,0.0,1.0
22.0,220.0,220.0,220.0,22,0.0,1.0
22.0,220.0,220.0,220.0,22,0.0,1.0
22.0,220.0,220.0,220.0,23,0.0,1.0
28.0,280.0,280.0,280.0,25,0.0,1.0
23.0,230.0,230.0,230.0,23,0.0,1.0
22.0,220.0,220.0,220.0,22,0.0,1.0
22.0,220.0,220.0,220.0,25,0.0,1.0
22.0,220.0,220.0,220.0,22,0.0,1.0
22.0,220.0,220.0,220.0,22,0.0,1.0
23.0,230.0,230.0,230.0,24,0.0,1.0
26.0,260.0,260.0,260.0,23,0.0,1.0
22.0,220.0,220.0,220.0,22,0.0,1.0
22.0,220.0,220.0,220.0,22,0.0,1.0
24.0,240.0,240.0,240.0,25,0.0,1.0
22.0,220.0,220.0,220.0,22,0.0,1.0
22.0,220.0,220.0,220.0,22,0.0,1.0
22.0,220.0,220.0,220.0,24,0.0,1.0
22.0,220.0,220.0,220.0,22,0.0,1.0
22.0,220.0,220.0,220.0,22,0.0,1.0
21.0,210.0,210.0,210.0,24,0.0,1.0
22.0,220.0,220.0,220.0,22,0.0,1.0
24.0,240.0,240.0,240.0,23,0.0,1.0
22.0,220.0,220.0,220.0,23,0.0,1.0
27.0,270.0,270.0,270.0,24,0.0,1.0
22.0,220.0,220.0,220.0,22,0.0,1.0
22.0,220.0,220.0,220.0,22,0.0,1.0
22.0,220.0,220.0,220.0,24,0.0,1.0
22.0,220.0,220.0,220.0,22,0.0,1.0
24.0,240.0,240.0,240.0,23,0.0,1.0
22.0,220.0,220.0,220.0,23,0.0,1.0
27.0,270.0,270.0,270.0,23,0.0,1.0
22.0,220.0,220.0,220.0,22,0.0,1.0
22.0,220.0,220.0,220.0,22,0.0,1.0
26.0,260.0,260.0,260.0,25,0.0,1.0
23.0,230.0,230.0,230.0,23,0.0,1.0
24.0,240.0,240.0,240.0,23,0.0,1.0
72.0,720.0,720.0,720.0,68,0.0,0.0
96.0,960.0,960.0,960.0,108,0.0,0.0
106.0,1060.0,1060.0,1060.0,110,0.0,0.0
104.0,1040.0,1040.0,1040.0,107,0.0,0.0
115.0,1150.0,1150.0,1150.0,109,0.0,0.0
85.0,850.0,850.0,850.0,90,0.0,0.0
118.0,1180.0,1180.0,1180.0,109,0.0,0.0
110.0,1100.0,1100.0,1100.0,128,0.0,0.0
154.0,1540.0,1540.0,1540.0,156,0.0,0.0
158.0,1580.0,1580.0,1580.0,160,0.0,0.0
127.0,1270.0,1270.0,1270.0,157,0.0,0.0
141.0,1410.0,1410.0,1410.0,149,0.0,0.0
81.0,810.0,810.0,810.0,89,0.0,0.0
158.0,1580.0,1580.0,1580.0,155,0.0,0.0
143.0,1430.0,1430.0,1430.0,152,0.0,0.0
125.0,1250.0,1250.0,1250.0,140,0.0,0.0
140.0,1400.0,1400.0,1400.0,142,0.0,0.0
105.0,1050.0,1050.0,1050.0,122,0.0,0.0
139.0,1390.0,1390.0,1390.0,139,0.0,0.0
135.0,1350.0,1350.0,1350.0,113,0.0,0.0
91.0,910.0,910.0,910.0,101,0.0,0.0
110.0,1100.0,1100.0,1100.0,108,0.0,0.0
96.0,960.0,960.0,960.0,107,0.0,0.0
109.0,1090.0,1090.0,1090.0,97,0.0,0.0
22.0,220.0,220.0,220.0,24,0.0,0.0
21.0,210.0,210.0,210.0,21,0.0,0.0
21.0,210.0,210.0,210.0,21,0.0,0.0
22.0,220.0,220.0,220.0,23,0.0,0.0
26.0,260.0,260.0,260.0,23,0.0,0.0
21.0,210.0,210.0,210.0,21,0.0,0.0
22.0,220.0,220.0,220.0,21,0.0,0.0
21.0,210.0,210.0,210.0,24,0.0,0.0
21.0,210.0,210.0,210.0,21,0.0,0.0
21.0,210.0,210.0,210.0,21,0.0,0.0
21.0,210.0,210.0,210.0,23,0.0,0.0
25.0,250.0,250.0,250.0,22,0.0,0.0
21.0,210.0,210.0,210.0,21,0.0,0.0
21.0,210.0,210.0,210.0,21,0.0,0.0
24.0,240.0,240.0,240.0,23,0.0,0.0
21.0,210.0,210.0,210.0,21,0.0,0.0
21.0,210.0,210.0,210.0,21,0.0,0.0
24.0,240.0,240.0,240.0,23,0.0,0.0
21.0,210.0,210.0,210.0,21,0.0,0.0
21.0,210.0,210.0,210.0,21,0.0,0.0
22.0,220.0,220.0,220.0,23,0.0,0.0
21.0,210.0,210.0,210.0,21,0.0,0.0
21.0,210.0,210.0,210.0,21,0.0,0.0
21.0,210.0,210.0,210.0,24,0.0,0.0
22.0,220.0,220.0,220.0,24,0.0,0.0
21.0,210.0,210.0,210.0,21,0.0,0.0
21.0,210.0,210.0,210.0,21,0.0,0.0
22.0,220.0,220.0,220.0,23,0.0,0.0
26.0,260.0,260.0,260.0,23,0.0,0.0
21.0,210.0,210.0,210.0,21,0.0,0.0
22.0,220.0,220.0,220.0,21,0.0,0.0
21.0,210.0,210.0,210.0,24,0.0,0.0
21.0,210.0,210.0,210.0,21,0.0,0.0
21.0,210.0,210.0,210.0,21,0.0,0.0
21.0,210.0,210.0,210.0,23,0.0,0.0
25.0,250.0,250.0,250.0,22,0.0,0.0
21.0,210.0,210.0,210.0,21,0.0,0.0
21.0,210.0,210.0,210.0,21,0.0,0.0
24.0,240.0,240.0,240.0,23,0.0,0.0
21.0,210.0,210.0,210.0,21,0.0,0.0
21.0,210.0,210.0,210.0,21,0.0,0.0
24.0,240.0,240.0,240.0,23,0.0,0.0
21.0,210.0,210.0,210.0,21,0.0,0.0
21.0,210.0,210.0,210.0,21,0.0,0.0
22.0,220.0,220.0,220.0,23,0.0,0.0
21.0,210.0,210.0,210.0,21,0.0,0.0
21.0,210.0,210.0,210.0,21,0.0,0.0
21.0,210.0,210.0,210.0,24,0.0,0.0
22.0,220.0,220.0,220.0,23,0.0,0.0
26.0,260.0,260.0,260.0,23,0.0,0.0
22.0,220.0,220.0,220.0,22,0.0,0.0
22.0,220.0,220.0,220.0,22,0.0,0.0
22.0,220.0,220.0,220.0,24,0.0,0.0
22.0,220.0,220.0,220.0,22,0.0,0.0
24.0,240.0,240.0,240.0,22,0.0,0.0
24.0,240.0,240.0,240.0,56,0.0,0.0
151.0,1510.0,1510.0,1510.0,171,0.0,0.0
179.0,1790.0,1790.0,1790.0,166,0.0,0.0
137.0,1370.0,1370.0,1370.0,161,0.0,0.0
169.0,1690.0,1690.0,1690.0,168,0.0,0.0
120.0,1200.0,1200.0,1200.0,115,0.0,0.0
169.0,1690.0,1690.0,1690.0,175,0.0,0.0
165.0,1650.0,1650.0,1650.0,175,0.0,0.0
135.0,1350.0,1350.0,1350.0,163,0.0,0.0
158.0,1580.0,1580.0,1580.0,165,0.0,0.0
123.0,1230.0,1230.0,1230.0,136,0.0,0.0
154.0,1540.0,1540.0,1540.0,152,0.0,0.0
141.0,1410.0,1410.0,1410.0,130,0.0,0.0
101.0,1010.0,1010.0,1010.0,108,0.0,0.0
110.0,1100.0,1100.0,1100.0,111,0.0,0.0
84.0,840.0,840.0,840.0,95,0.0,0.0
110.0,1100.0,1100.0,1100.0,98,0.0,0.0
64.0,640.0,640.0,640.0,63,0.0,0.0
87.0,870.0,870.0,870.0,99,0.0,0.0
104.0,1040.0,1040.0,1040.0,103,0.0,0.0
90.0,900.0,900.0,900.0,100,0.0,0.0
105.0,1050.0,1050.0,1050.0,105,0.0,0.0
82.0,820.0,820.0,820.0,87,0.0,0.0
109.0,1090.0,1090.0,1090.0,98,0.0,0.0
72.0,720.0,720.0,720.0,93,0.0,0.0
141.0,1410.0,1410.0,1410.0,154,0.0,0.0
165.0,1650.0,1650.0,1650.0,160,0.0,0.0
127.0,1270.0,1270.0,1270.0,142,0.0,0.0
159.0,1590.0,1590.0,1590.0,164,0.0,0.0
106.0,1060.0,1060.0,1060.0,103,0.0,0.0
157.0,1570.0,1570.0,1570.0,165,0.0,0.0
156.0,1560.0,1560.0,1560.0,166,0.0,0.0
139.0,1390.0,1390.0,1390.0,161,0.0,0.0
150.0,1500.0,1500.0,1500.0,158,0.0,0.0
127.0,1270.0,1270.0,1270.0,136,0.0,0.0
150.0,1500.0,1500.0,1500.0,154,0.0,0.0
155.0,1550.0,1550.0,1550.0,142,0.0,0.0
134.0,1340.0,1340.0,1340.0,129,0.0,0.0
132.0,1320.0,1320.0,1320.0,121,0.0,0.0
91.0,910.0,910.0,910.0,107,0.0,0.0
105.0,1050.0,1050.0,1050.0,101,0.0,0.0
72.0,720.0,720.0,720.0,68,0.0,1.0
92.0,920.0,920.0,920.0,99,0.0,1.0
107.0,1070.0,1070.0,1070.0,104,0.0,1.0
92.0,920.0,920.0,920.0,105,0.0,1.0
108.0,1080.0,1080.0,1080.0,107,0.0,1.0
89.0,890.0,890.0,890.0,92,0.0,1.0
102.0,1020.0,1020.0,1020.0,107,0.0,1.0
92.0,920.0,920.0,920.0,61,0.0,1.0
27.0,270.0,270.0,270.0,24,0.0,1.0
22.0,220.0,220.0,220.0,22,0.0,1.0
22.0,220.0,220.0,220.0,22,0.0,1.0
22.0,220.0,220.0,220.0,25,0.0,1.0
119.0,1190.0,1190.0,1190.0,110,0.0,1.0
159.0,1590.0,1590.0,1590.0,169,0.0,1.0
22.0,220.0,220.0,220.0,23,0.0,1.0
28.0,280.0,280.0,280.0,25,0.0,1.0
159.0,1590.0,1590.0,1590.0,151,0.0,1.0
108.0,1080.0,1080.0,1080.0,129,0.0,1.0
156.0,1560.0,1560.0,1560.0,155,0.0,1.0
148.0,1480.0,1480.0,1480.0,132,0.0,1.0
106.0,1060.0,1060.0,1060.0,109,0.0,1.0
107.0,1070.0,1070.0,1070.0,105,0.0,1.0
26.0,260.0,260.0,260.0,23,0.0,1.0
106.0,1060.0,1060.0,1060.0,95,0.0,1.0
64.0,640.0,640.0,640.0,65,0.0,1.0
96.0,960.0,960.0,960.0,103,0.0,1.0
103.0,1030.0,1030.0,1030.0,104,0.0,1.0
89.0,890.0,890.0,890.0,99,0.0,1.0
22.0,220.0,220.0,220.0,24,0.0,1.0
22.0,220.0,220.0,220.0,22,0.0,1.0
22.0,220.0,220.0,220.0,22,0.0,1.0
21.0,210.0,210.0,210.0,24,0.0,1.0
142.0,1420.0,1420.0,1420.0,155,0.0,1.0
24.0,240.0,240.0,240.0,23,0.0,1.0
134.0,1340.0,1340.0,1340.0,164,0.0,1.0
161.0,1610.0,1610.0,1610.0,161,0.0,1.0
22.0,220.0,220.0,220.0,22,0.0,1.0
22.0,220.0,220.0,220.0,22,0.0,1.0
153.0,1530.0,1530.0,1530.0,162,0.0,1.0
22.0,220.0,220.0,220.0,22,0.0,1.0
24.0,240.0,240.0,240.0,23,0.0,1.0
22.0,220.0,220.0,220.0,23,0.0,1.0
122.0,1220.0,1220.0,1220.0,122,0.0,1.0
22.0,220.0,220.0,220.0,22,0.0,1.0
22.0,220.0,220.0,220.0,22,0.0,1.0
141.0,1410.0,1410.0,1410.0,129,0.0,1.0
108.0,1080.0,1080.0,1080.0,118,0.0,1.0
115.0,1150.0,1150.0,1150.0,105,0.0,1.0
72.0,720.0,720.0,720.0,70,0.0,0.0
100.0,1000.0,1000.0,1000.0,107,0.0,0.0
106.0,1060.0,1060.0,1060.0,104,0.0,0.0
98.0,980.0,980.0,980.0,101,0.0,0.0
113.0,1130.0,1130.0,1130.0,111,0.0,0.0
83.0,830.0,830.0,830.0,90,0.0,0.0
107.0,1070.0,1070.0,1070.0,105,0.0,0.0
113.0,1130.0,1130.0,1130.0,133,0.0,0.0
155.0,1550.0,1550.0,1550.0,168,0.0,0.0
172.0,1720.0,1720.0,1720.0,168,0.0,0.0
127.0,1270.0,1270.0,1270.0,156,0.0,0.0
174.0,1740.0,1740.0,1740.0,168,0.0,0.0
108.0,1080.0,1080.0,1080.0,104,0.0,0.0
160.0,1600.0,1600.0,1600.0,154,0.0,0.0
160.0,1600.0,1600.0,1600.0,159,0.0,0.0
126.0,1260.0,1260.0,1260.0,150,0.0,0.0
153.0,1530.0,1530.0,1530.0,157,0.0,0.0
119.0,1190.0,1190.0,1190.0,136,0.0,0.0
152.0,1520.0,1520.0,1520.0,145,0.0,0.0
142.0,1420.0,1420.0,1420.0,136,0.0,0.0
113.0,1130.0,1130.0,1130.0,121,0.0,0.0
116.0,1160.0,1160.0,1160.0,109,0.0,0.0
92.0,920.0,920.0,920.0,104,0.0,0.0
101.0,1010.0,1010.0,1010.0,100,0.0,0.0
22.0,220.0,220.0,220.0,24,0.0,0.0
21.0,210.0,210.0,210.0,21,0.0,0.0
21.0,210.0,210.0,210.0,21,0.0,0.0
22.0,220.0,220.0,220.0,23,0.0,0.0
26.0,260.0,260.0,260.0,23,0.0,0.0
21.0,210.0,210.0,210.0,21,0.0,0.0
22.0,220.0,220.0,220.0,21,0.0,0.0
21.0,210.0,210.0,210.0,24,0.0,0.0
21.0,210.0,210.0,210.0,21,0.0,0.0
21.0,210.0,210.0,210.0,21,0.0,0.0
21.0,210.0,210.0,210.0,23,0.0,0.0
25.0,250.0,250.0,250.0,22,0.0,0.0
21.0,210.0,210.0,210.0,21,0.0,0.0
21.0,210.0,210.0,210.0,21,0.0,0.0
24.0,240.0,240.0,240.0,23,0.0,0.0
21.0,210.0,210.0,210.0,21,0.0,0.0
21.0,210.0,210.0,210.0,21,0.0,0.0
24.0,240.0,240.0,240.0,23,0.0,0.0
21.0,210.0,210.0,210.0,21,0.0,0.0
21.0,210.0,210.0,210.0,21,0.0,0.0
22.0,220.0,220.0,220.0,23,0.0,0.0
21.0,210.0,210.0,210.0,21,0.0,0.0
21.0,210.0,210.0,210.0,21,0.0,0.0
21.0,210.0,210.0,210.0,24,0.0,0.0
22.0,220.0,220.0,220.0,24,0.0,0.0
21.0,210.0,210.0,210.0,21,0.0,0.0
21.0,210.0,210.0,210.0,21,0.0,0.0
22.0,220.0,220.0,220.0,23,0.0,0.0
26.0,260.0,260.0,260.0,23,0.0,0.0
21.0,210.0,210.0,210.0,21,0.0,0.0
22.0,220.0,220.0,220.0,21,0.0,0.0
21.0,210.0,210.0,210.0,24,0.0,0.0
21.0,210.0,210.0,210.0,21,0.0,0.0
21.0,210.0,210.0,210.0,21,0.0,0.0
21.0,210.0,210.0,210.0,23,0.0,0.0
25.0,250.0,250.0,250.0,22,0.0,0.0
21.0,210.0,210.0,210.0,21,0.0,0.0
21.0,210.0,210.0,210.0,21,0.0,0.0
24.0,240.0,240.0,240.0,23,0.0,0.0
21.0,210.0,210.0,210.0,21,0.0,0.0
21.0,210.0,210.0,210.0,21,0.0,0.0
24.0,240.0,240.0,240.0,23,0.0,0.0
21.0,210.0,210.0,210.0,21,0.0,0.0
21.0,210.0,210.0,210.0,21,0.0,0.0
22.0,220.0,220.0,220.0,23,0.0,0.0
21.0,210.0,210.0,210.0,21,0.0,0.0
21.0,210.0,210.0,210.0,21,0.0,0.0
21.0,210.0,210.0,210.0,24,0.0,0.0
22.0,220.0,220.0,220.0,22,0.0,0.0
22.0,220.0,220.0,220.0,22,0.0,0.0
22.0,220.0,220.0,220.0,24,0.0,0.0
22.0,220.0,220.0,220.0,22,0.0,0.0
22.0,220.0,220.0,220.0,23,0.0,0.0
22.0,220.0,220.0,220.0,24,0.0,0.0
25.0,250.0,250.0,250.0,23,0.0,0.0
26.0,260.0,260.0,260.0,62,0.0,0.0
154.0,1540.0,1540.0,1540.0,183,0.0,0.0
185.0,1850.0,1850.0,1850.0,178,0.0,0.0
157.0,1570.0,1570.0,1570.0,171,0.0,0.0
173.0,1730.0,1730.0,1730.0,181,0.0,0.0
123.0,1230.0,1230.0,1230.0,119,0.0,0.0
175.0,1750.0,1750.0,1750.0,186,0.0,0.0
185.0,1850.0,1850.0,1850.0,177,0.0,0.0
148.0,1480.0,1480.0,1480.0,178,0.0,0.0
180.0,1800.0,1800.0,1800.0,171,0.0,0.0
130.0,1300.0,1300.0,1300.0,146,0.0,0.0
182.0,1820.0,1820.0,1820.0,173,0.0,0.0
164.0,1640.0,1640.0,1640.0,150,0.0,0.0
109.0,1090.0,1090.0,1090.0,119,0.0,0.0
120.0,1200.0,1200.0,1200.0,123,0.0,0.0
100.0,1000.0,1000.0,1000.0,112,0.0,0.0
118.0,1180.0,1180.0,1180.0,107,0.0,0.0
83.0,830.0,830.0,830.0,76,0.0,0.0
100.0,1000.0,1000.0,1000.0,110,0.0,0.0
114.0,1140.0,1140.0,1140.0,117,0.0,0.0
104.0,1040.0,1040.0,1040.0,116,0.0,0.0
122.0,1220.0,1220.0,1220.0,110,0.0,0.0
94.0,940.0,940.0,940.0,97,0.0,0.0
121.0,1210.0,1210.0,1210.0,118,0.0,0.0
116.0,1160.0,1160.0,1160.0,132,0.0,0.0
176.0,1760.0,1760.0,1760.0,188,0.0,0.0
184.0,1840.0,1840.0,1840.0,186,0.0,0.0
138.0,1380.0,1380.0,1380.0,164,0.0,0.0
162.0,1620.0,1620.0,1620.0,173,0.0,0.0
128.0,1280.0,1280.0,1280.0,112,0.0,0.0
168.0,1680.0,1680.0,1680.0,171,0.0,0.0
182.0,1820.0,1820.0,1820.0,177,0.0,0.0
137.0,1370.0,1370.0,1370.0,163,0.0,0.0
166.0,1660.0,1660.0,1660.0,170,0.0,0.0
118.0,1180.0,1180.0,1180.0,134,0.0,0.0
161.0,1610.0,1610.0,1610.0,161,0.0,0.0
162.0,1620.0,1620.0,1620.0,156,0.0,0.0
133.0,1330.0,1330.0,1330.0,128,0.0,0.0
124.0,1240.0,1240.0,1240.0,127,0.0,0.0
108.0,1080.0,1080.0,1080.0,115,0.0,0.0
116.0,1160.0,1160.0,1160.0,108,0.0,0.0
63.0,630.0,630.0,630.0,63,0.0,1.0
96.0,960.0,960.0,960.0,105,0.0,1.0
106.0,1060.0,1060.0,1060.0,104,0.0,1.0
106.0,1060.0,1060.0,1060.0,112,0.0,1.0
108.0,1080.0,1080.0,1080.0,107,0.0,1.0
89.0,890.0,890.0,890.0,92,0.0,1.0
114.0,1140.0,1140.0,1140.0,115,0.0,1.0
92.0,920.0,920.0,920.0,61,0.0,1.0
170.0,1700.0,1700.0,1700.0,177,0.0,1.0
22.0,220.0,220.0,220.0,22,0.0,1.0
22.0,220.0,220.0,220.0,22,0.0,1.0
22.0,220.0,220.0,220.0,25,0.0,1.0
22.0,220.0,220.0,220.0,22,0.0,1.0
22.0,220.0,220.0,220.0,22,0.0,1.0
167.0,1670.0,1670.0,1670.0,171,0.0,1.0
138.0,1380.0,1380.0,1380.0,163,0.0,1.0
23.0,230.0,230.0,230.0,23,0.0,1.0
22.0,220.0,220.0,220.0,22,0.0,1.0
177.0,1770.0,1770.0,1770.0,168,0.0,1.0
152.0,1520.0,1520.0,1520.0,139,0.0,1.0
22.0,220.0,220.0,220.0,22,0.0,1.0
23.0,230.0,230.0,230.0,24,0.0,1.0
26.0,260.0,260.0,260.0,23,0.0,1.0
107.0,1070.0,1070.0,1070.0,106,0.0,1.0
72.0,720.0,720.0,720.0,72,0.0,1.0
96.0,960.0,960.0,960.0,107,0.0,1.0
115.0,1150.0,1150.0,1150.0,112,0.0,1.0
112.0,1120.0,1120.0,1120.0,116,0.0,1.0
111.0,1110.0,1110.0,1110.0,113,0.0,1.0
98.0,980.0,980.0,980.0,97,0.0,1.0
118.0,1180.0,1180.0,1180.0,121,0.0,1.0
120.0,1200.0,1200.0,1200.0,141,0.0,1.0
178.0,1780.0,1780.0,1780.0,190,0.0,1.0
188.0,1880.0,1880.0,1880.0,180,0.0,1.0
142.0,1420.0,1420.0,1420.0,166,0.0,1.0
188.0,1880.0,1880.0,1880.0,183,0.0,1.0
116.0,1160.0,1160.0,1160.0,103,0.0,1.0
169.0,1690.0,1690.0,1690.0,183,0.0,1.0
171.0,1710.0,1710.0,1710.0,179,0.0,1.0
147.0,1470.0,1470.0,1470.0,170,0.0,1.0
166.0,1660.0,1660.0,1660.0,169,0.0,1.0
132.0,1320.0,1320.0,1320.0,138,0.0,1.0
171.0,1710.0,1710.0,1710.0,170,0.0,1.0
160.0,1600.0,1600.0,1600.0,159,0.0,1.0
133.0,1330.0,1330.0,1330.0,139,0.0,1.0
125.0,1250.0,1250.0,1250.0,127,0.0,1.0
119.0,1190.0,1190.0,1190.0,125,0.0,1.0
125.0,1250.0,1250.0,1250.0,111,0.0,1.0
90.0,900.0,900.0,900.0,80,0.0,0.0
98.0,980.0,980.0,980.0,112,0.0,0.0
117.0,1170.0,1170.0,1170.0,115,0.0,0.0
101.0,1010.0,1010.0,1010.0,114,0.0,0.0
104.0,1040.0,1040.0,1040.0,112,0.0,0.0
96.0,960.0,960.0,960.0,102,0.0,0.0
123.0,1230.0,1230.0,1230.0,121,0.0,0.0
112.0,1120.0,1120.0,1120.0,133,0.0,0.0
166.0,1660.0,1660.0,1660.0,162,0.0,0.0
168.0,1680.0,1680.0,1680.0,171,0.0,0.0
156.0,1560.0,1560.0,1560.0,165,0.0,0.0
165.0,1650.0,1650.0,1650.0,177,0.0,0.0
104.0,1040.0,1040.0,1040.0,102,0.0,0.0
170.0,1700.0,1700.0,1700.0,174,0.0,0.0
170.0,1700.0,1700.0,1700.0,164,0.0,0.0
130.0,1300.0,1300.0,1300.0,156,0.0,0.0
156.0,1560.0,1560.0,1560.0,162,0.0,0.0
140.0,1400.0,1400.0,1400.0,148,0.0,0.0
154.0,1540.0,1540.0,1540.0,150,0.0,0.0
139.0,1390.0,1390.0,1390.0,138,0.0,0.0
119.0,1190.0,1190.0,1190.0,117,0.0,0.0
108.0,1080.0,1080.0,1080.0,114,0.0,0.0
117.0,1170.0,1170.0,1170.0,114,0.0,0.0
116.0,1160.0,1160.0,1160.0,106,0.0,0.0
22.0,220.0,220.0,220.0,24,0.0,0.0
21.0,210.0,210.0,210.0,21,0.0,0.0
21.0,210.0,210.0,210.0,21,0.0,0.0
22.0,220.0,220.0,220.0,23,0.0,0.0
26.0,260.0,260.0,260.0,23,0.0,0.0
21.0,210.0,210.0,210.0,21,0.0,0.0
22.0,220.0,220.0,220.0,21,0.0,0.0
21.0,210.0,210.0,210.0,24,0.0,0.0
21.0,210.0,210.0,210.0,21,0.0,0.0
21.0,210.0,210.0,210.0,21,0.0,0.0
21.0,210.0,210.0,210.0,23,0.0,0.0
25.0,250.0,250.0,250.0,22,0.0,0.0
21.0,210.0,210.0,210.0,21,0.0,0.0
21.0,210.0,210.0,210.0,21,0.0,0.0
24.0,240.0,240.0,240.0,23,0.0,0.0
21.0,210.0,210.0,210.0,21,0.0,0.0
21.0,210.0,210.0,210.0,21,0.0,0.0
24.0,240.0,240.0,240.0,23,0.0,0.0
21.0,210.0,210.0,210.0,21,0.0,0.0
21.0,210.0,210.0,210.0,21,0.0,0.0
22.0,220.0,220.0,220.0,23,0.0,0.0
21.0,210.0,210.0,210.0,21,0.0,0.0
21.0,210.0,210.0,210.0,21,0.0,0.0
21.0,210.0,210.0,210.0,24,0.0,0.0
22.0,220.0,220.0,220.0,24,0.0,0.0
21.0,210.0,210.0,210.0,21,0.0,0.0
21.0,210.0,210.0,210.0,21,0.0,0.0
22.0,220.0,220.0,220.0,23,0.0,0.0
26.0,260.0,260.0,260.0,23,0.0,0.0
21.0,210.0,210.0,210.0,21,0.0,0.0
22.0,220.0,220.0,220.0,21,0.0,0.0
21.0,210.0,210.0,210.0,24,0.0,0.0
21.0,210.0,210.0,210.0,21,0.0,0.0
21.0,210.0,210.0,210.0,21,0.0,0.0
21.0,210.0,210.0,210.0,23,0.0,0.0
25.0,250.0,250.0,250.0,22,0.0,0.0
21.0,210.0,210.0,210.0,21,0.0,0.0
21.0,210.0,210.0,210.0,21,0.0,0.0
24.0,240.0,240.0,240.0,23,0.0,0.0
21.0,210.0,210.0,210.0,21,0.0,0.0
21.0,210.0,210.0,210.0,21,0.0,0.0
24.0,240.0,240.0,240.0,23,0.0,0.0
21.0,210.0,210.0,210.0,21,0.0,0.0
21.0,210.0,210.0,210.0,21,0.0,0.0
22.0,220.0,220.0,220.0,23,0.0,0.0
21.0,210.0,210.0,210.0,21,0.0,0.0
21.0,210.0,210.0,210.0,21,0.0,0.0
21.0,210.0,210.0,210.0,24,0.0,0.0
23.0,230.0,230.0,230.0,23,0.0,0.0
28.0,280.0,280.0,280.0,24,0.0,0.0
23.0,230.0,230.0,230.0,22,0.0,0.0
23.0,230.0,230.0,230.0,23,0.0,0.0
24.0,240.0,240.0,240.0,25,0.0,0.0
23.0,230.0,230.0,230.0,22,0.0,0.0
22.0,220.0,220.0,220.0,22,0.0,0.0
29.0,290.0,290.0,290.0,58,0.0,0.0
148.0,1480.0,1480.0,1480.0,190,0.0,0.0
192.0,1920.0,1920.0,1920.0,189,0.0,0.0
164.0,1640.0,1640.0,1640.0,185,0.0,0.0
174.0,1740.0,1740.0,1740.0,181,0.0,0.0
132.0,1320.0,1320.0,1320.0,115,0.0,0.0
178.0,1780.0,1780.0,1780.0,190,0.0,0.0
178.0,1780.0,1780.0,1780.0,189,0.0,0.0
151.0,1510.0,1510.0,1510.0,169,0.0,0.0
164.0,1640.0,1640.0,1640.0,160,0.0,0.0
117.0,1170.0,1170.0,1170.0,134,0.0,0.0
155.0,1550.0,1550.0,1550.0,156,0.0,0.0
145.0,1450.0,1450.0,1450.0,143,0.0,0.0
115.0,1150.0,1150.0,1150.0,127,0.0,0.0
121.0,1210.0,1210.0,1210.0,127,0.0,0.0
100.0,1000.0,1000.0,1000.0,114,0.0,0.0
124.0,1240.0,1240.0,1240.0,112,0.0,0.0
69.0,690.0,690.0,690.0,71,0.0,0.0
93.0,930.0,930.0,930.0,108,0.0,0.0
118.0,1180.0,1180.0,1180.0,113,0.0,0.0
96.0,960.0,960.0,960.0,113,0.0,0.0
113.0,1130.0,1130.0,1130.0,117,0.0,0.0
86.0,860.0,860.0,860.0,94,0.0,0.0
117.0,1170.0,1170.0,1170.0,114,0.0,0.0
105.0,1050.0,1050.0,1050.0,139,0.0,0.0
165.0,1650.0,1650.0,1650.0,171,0.0,0.0
170.0,1700.0,1700.0,1700.0,167,0.0,0.0
140.0,1400.0,1400.0,1400.0,172,0.0,0.0
169.0,1690.0,1690.0,1690.0,172,0.0,0.0
116.0,1160.0,1160.0,1160.0,111,0.0,0.0
156.0,1560.0,1560.0,1560.0,166,0.0,0.0
172.0,1720.0,1720.0,1720.0,157,0.0,0.0
125.0,1250.0,1250.0,1250.0,156,0.0,0.0
148.0,1480.0,1480.0,1480.0,160,0.0,0.0
104.0,1040.0,1040.0,1040.0,120,0.0,0.0
164.0,1640.0,1640.0,1640.0,153,0.0,0.0
153.0,1530.0,1530.0,1530.0,156,0.0,0.0
133.0,1330.0,1330.0,1330.0,133,0.0,0.0
123.0,1230.0,1230.0,1230.0,126,0.0,0.0
98.0,980.0,980.0,980.0,114,0.0,0.0
131.0,1310.0,1310.0,1310.0,113,0.0,0.0
70.0,700.0,700.0,700.0,69,0.0,1.0
97.0,970.0,970.0,970.0,103,0.0,1.0
119.0,1190.0,1190.0,1190.0,120,0.0,1.0
92.0,920.0,920.0,920.0,103,0.0,1.0
116.0,1160.0,1160.0,1160.0,112,0.0,1.0
86.0,860.0,860.0,860.0,95,0.0,1.0
125.0,1250.0,1250.0,1250.0,117,0.0,1.0
120.0,1200.0,1200.0,1200.0,140,0.0,1.0
151.0,1510.0,1510.0,1510.0,163,0.0,1.0
162.0,1620.0,1620.0,1620.0,160,0.0,1.0
127.0,1270.0,1270.0,1270.0,148,0.0,1.0
166.0,1660.0,1660.0,1660.0,156,0.0,1.0
97.0,970.0,970.0,970.0,93,0.0,1.0
153.0,1530.0,1530.0,1530.0,153,0.0,1.0
149.0,1490.0,1490.0,1490.0,151,0.0,1.0
132.0,1320.0,1320.0,1320.0,150,0.0,1.0
142.0,1420.0,1420.0,1420.0,160,0.0,1.0
102.0,1020.0,1020.0,1020.0,128,0.0,1.0
166.0,1660.0,1660.0,1660.0,162,0.0,1.0
146.0,1460.0,1460.0,1460.0,137,0.0,1.0
126.0,1260.0,1260.0,1260.0,128,0.0,1.0
126.0,1260.0,1260.0,1260.0,126,0.0,1.0
91.0,910.0,910.0,910.0,114,0.0,1.0
103.0,1030.0,1030.0,1030.0,110,0.0,1.0
73.0,730.0,730.0,730.0,70,0.0,1.0
98.0,980.0,980.0,980.0,111,0.0,1.0
126.0,1260.0,1260.0,1260.0,118,0.0,1.0
106.0,1060.0,1060.0,1060.0,117,0.0,1.0
118.0,1180.0,1180.0,1180.0,116,0.0,1.0
99.0,990.0,990.0,990.0,101,0.0,1.0
124.0,1240.0,1240.0,1240.0,118,0.0,1.0
120.0,1200.0,1200.0,1200.0,149,0.0,1.0
171.0,1710.0,1710.0,1710.0,182,0.0,1.0
154.0,1540.0,1540.0,1540.0,162,0.0,1.0
123.0,1230.0,1230.0,1230.0,154,0.0,1.0
163.0,1630.0,1630.0,1630.0,164,0.0,1.0
113.0,1130.0,1130.0,1130.0,105,0.0,1.0
147.0,1470.0,1470.0,1470.0,171,0.0,1.0
175.0,1750.0,1750.0,1750.0,163,0.0,1.0
114.0,1140.0,1140.0,1140.0,150,0.0,1.0
163.0,1630.0,1630.0,1630.0,162,0.0,1.0
123.0,1230.0,1230.0,1230.0,135,0.0,1.0
152.0,1520.0,1520.0,1520.0,150,0.0,1.0
160.0,1600.0,1600.0,1600.0,159,0.0,1.0
128.0,1280.0,1280.0,1280.0,136,0.0,1.0
140.0,1400.0,1400.0,1400.0,131,0.0,1.0
104.0,1040.0,1040.0,1040.0,121,0.0,1.0
129.0,1290.0,1290.0,1290.0,115,0.0,1.0
74.0,740.0,740.0,740.0,71,0.0,0.0
104.0,1040.0,1040.0,1040.0,119,0.0,0.0
125.0,1250.0,1250.0,1250.0,117,0.0,0.0
98.0,980.0,980.0,980.0,119,0.0,0.0
116.0,1160.0,1160.0,1160.0,118,0.0,0.0
105.0,1050.0,1050.0,1050.0,106,0.0,0.0
108.0,1080.0,1080.0,1080.0,114,0.0,0.0
122.0,1220.0,1220.0,1220.0,135,0.0,0.0
135.0,1350.0,1350.0,1350.0,156,0.0,0.0
162.0,1620.0,1620.0,1620.0,170,0.0,0.0
151.0,1510.0,1510.0,1510.0,172,0.0,0.0
184.0,1840.0,1840.0,1840.0,180,0.0,0.0
136.0,1360.0,1360.0,1360.0,122,0.0,0.0
185.0,1850.0,1850.0,1850.0,179,0.0,0.0
184.0,1840.0,1840.0,1840.0,177,0.0,0.0
152.0,1520.0,1520.0,1520.0,175,0.0,0.0
165.0,1650.0,1650.0,1650.0,166,0.0,0.0
126.0,1260.0,1260.0,1260.0,141,0.0,0.0
164.0,1640.0,1640.0,1640.0,142,0.0,0.0
127.0,1270.0,1270.0,1270.0,110,0.0,0.0
100.0,1000.0,1000.0,1000.0,109,0.0,0.0
121.0,1210.0,1210.0,1210.0,116,0.0,0.0
108.0,1080.0,1080.0,1080.0,123,0.0,0.0
122.0,1220.0,1220.0,1220.0,102,0.0,0.0
22.0,220.0,220.0,220.0,24,0.0,0.0
21.0,210.0,210.0,210.0,21,0.0,0.0
21.0,210.0,210.0,210.0,21,0.0,0.0
22.0,220.0,220.0,220.0,23,0.0,0.0
26.0,260.0,260.0,260.0,23,0.0,0.0
21.0,210.0,210.0,210.0,21,0.0,0.0
22.0,220.0,220.0,220.0,21,0.0,0.0
21.0,210.0,210.0,210.0,24,0.0,0.0
21.0,210.0,210.0,210.0,21,0.0,0.0
21.0,210.0,210.0,210.0,21,0.0,0.0
21.0,210.0,210.0,210.0,23,0.0,0.0
25.0,250.0,250.0,250.0,22,0.0,0.0
21.0,210.0,210.0,210.0,21,0.0,0.0
21.0,210.0,210.0,210.0,21,0.0,0.0
24.0,240.0,240.0,240.0,23,0.0,0.0
21.0,210.0,210.0,210.0,21,0.0,0.0
21.0,210.0,210.0,210.0,21,0.0,0.0
24.0,240.0,240.0,240.0,23,0.0,0.0
21.0,210.0,210.0,210.0,21,0.0,0.0
21.0,210.0,210.0,210.0,21,0.0,0.0
22.0,220.0,220.0,220.0,23,0.0,0.0
21.0,210.0,210.0,210.0,21,0.0,0.0
21.0,210.0,210.0,210.0,21,0.0,0.0
21.0,210.0,210.0,210.0,24,0.0,0.0
22.0,220.0,220.0,220.0,24,0.0,0.0
21.0,210.0,210.0,210.0,21,0.0,0.0
21.0,210.0,210.0,210.0,21,0.0,0.0
22.0,220.0,220.0,220.0,23,0.0,0.0
26.0,260.0,260.0,260.0,23,0.0,0.0
21.0,210.0,210.0,210.0,21,0.0,0.0
22.0,220.0,220.0,220.0,21,0.0,0.0
21.0,210.0,210.0,210.0,24,0.0,0.0
21.0,210.0,210.0,210.0,21,0.0,0.0
21.0,210.0,210.0,210.0,21,0.0,0.0
21.0,210.0,210.0,210.0,23,0.0,0.0
25.0,250.0,250.0,250.0,22,0.0,0.0
21.0,210.0,210.0,210.0,21,0.0,0.0
21.0,210.0,210.0,210.0,21,0.0,0.0
24.0,240.0,240.0,240.0,23,0.0,0.0
21.0,210.0,210.0,210.0,21,0.0,0.0
21.0,210.0,210.0,210.0,21,0.0,0.0
24.0,240.0,240.0,240.0,23,0.0,0.0
21.0,210.0,210.0,210.0,21,0.0,0.0
21.0,210.0,210.0,210.0,21,0.0,0.0
22.0,220.0,220.0,220.0,23,0.0,0.0
21.0,210.0,210.0,210.0,21,0.0,0.0
21.0,210.0,210.0,210.0,21,0.0,0.0
21.0,210.0,210.0,210.0,24,0.0,0.0
24.0,240.0,240.0,240.0,24,0.0,0.0
23.0,230.0,230.0,230.0,26,0.0,0.0
23.0,230.0,230.0,230.0,24,0.0,0.0
23.0,230.0,230.0,230.0,24,0.0,0.0
24.0,240.0,240.0,240.0,26,0.0,0.0
24.0,240.0,240.0,240.0,24,0.0,0.0
23.0,230.0,230.0,230.0,23,0.0,0.0
28.0,280.0,280.0,280.0,57,0.0,0.0
144.0,1440.0,1440.0,1440.0,175,0.0,0.0
185.0,1850.0,1850.0,1850.0,178,0.0,0.0
135.0,1350.0,1350.0,1350.0,167,0.0,0.0
176.0,1760.0,1760.0,1760.0,183,0.0,0.0
131.0,1310.0,1310.0,1310.0,121,0.0,0.0
169.0,1690.0,1690.0,1690.0,185,0.0,0.0
183.0,1830.0,1830.0,1830.0,180,0.0,0.0
155.0,1550.0,1550.0,1550.0,182,0.0,0.0
172.0,1720.0,1720.0,1720.0,168,0.0,0.0
132.0,1320.0,1320.0,1320.0,150,0.0,0.0
183.0,1830.0,1830.0,1830.0,177,0.0,0.0
158.0,1580.0,1580.0,1580.0,153,0.0,0.0
110.0,1100.0,1100.0,1100.0,112,0.0,0.0
115.0,1150.0,1150.0,1150.0,118,0.0,0.0
102.0,1020.0,1020.0,1020.0,109,0.0,0.0
126.0,1260.0,1260.0,1260.0,107,0.0,0.0
67.0,670.0,670.0,670.0,66,0.0,0.0
94.0,940.0,940.0,940.0,104,0.0,0.0
124.0,1240.0,1240.0,1240.0,113,0.0,0.0
90.0,900.0,900.0,900.0,104,0.0,0.0
112.0,1120.0,1120.0,1120.0,110,0.0,0.0
76.0,760.0,760.0,760.0,90,0.0,0.0
119.0,1190.0,1190.0,1190.0,113,0.0,0.0
113.0,1130.0,1130.0,1130.0,137,0.0,0.0
190.0,1900.0,1900.0,1900.0,202,0.0,0.0
183.0,1830.0,1830.0,1830.0,179,0.0,0.0
139.0,1390.0,1390.0,1390.0,163,0.0,0.0
182.0,1820.0,1820.0,1820.0,193,0.0,0.0
134.0,1340.0,1340.0,1340.0,118,0.0,0.0
179.0,1790.0,1790.0,1790.0,187,0.0,0.0
168.0,1680.0,1680.0,1680.0,177,0.0,0.0
139.0,1390.0,1390.0,1390.0,163,0.0,0.0
167.0,1670.0,1670.0,1670.0,164,0.0,0.0
122.0,1220.0,1220.0,1220.0,128,0.0,0.0
160.0,1600.0,1600.0,1600.0,166,0.0,0.0
177.0,1770.0,1770.0,1770.0,160,0.0,0.0
132.0,1320.0,1320.0,1320.0,135,0.0,0.0
125.0,1250.0,1250.0,1250.0,124,0.0,0.0
105.0,1050.0,1050.0,1050.0,113,0.0,0.0
110.0,1100.0,1100.0,1100.0,104,0.0,0.0
69.0,690.0,690.0,690.0,67,0.0,1.0
90.0,900.0,900.0,900.0,104,0.0,1.0
118.0,1180.0,1180.0,1180.0,110,0.0,1.0
101.0,1010.0,1010.0,1010.0,112,0.0,1.0
116.0,1160.0,1160.0,1160.0,109,0.0,1.0
93.0,930.0,930.0,930.0,98,0.0,1.0
113.0,1130.0,1130.0,1130.0,114,0.0,1.0
116.0,1160.0,1160.0,1160.0,132,0.0,1.0
164.0,1640.0,1640.0,1640.0,180,0.0,1.0
184.0,1840.0,1840.0,1840.0,179,0.0,1.0
142.0,1420.0,1420.0,1420.0,159,0.0,1.0
146.0,1460.0,1460.0,1460.0,144,0.0,1.0
119.0,1190.0,1190.0,1190.0,108,0.0,1.0
145.0,1450.0,1450.0,1450.0,167,0.0,1.0
177.0,1770.0,1770.0,1770.0,166,0.0,1.0
133.0,1330.0,1330.0,1330.0,164,0.0,1.0
163.0,1630.0,1630.0,1630.0,161,0.0,1.0
133.0,1330.0,1330.0,1330.0,156,0.0,1.0
153.0,1530.0,1530.0,1530.0,160,0.0,1.0
162.0,1620.0,1620.0,1620.0,141,0.0,1.0
100.0,1000.0,1000.0,1000.0,109,0.0,1.0
113.0,1130.0,1130.0,1130.0,113,0.0,1.0
88.0,880.0,880.0,880.0,106,0.0,1.0
120.0,1200.0,1200.0,1200.0,104,0.0,1.0
22.0,220.0,220.0,220.0,24,0.0,1.0
21.0,210.0,210.0,210.0,21,0.0,1.0
21.0,210.0,210.0,210.0,21,0.0,1.0
22.0,220.0,220.0,220.0,23,0.0,1.0
26.0,260.0,260.0,260.0,23,0.0,1.0
21.0,210.0,210.0,210.0,21,0.0,1.0
22.0,220.0,220.0,220.0,21,0.0,1.0
21.0,210.0,210.0,210.0,24,0.0,1.0
21.0,210.0,210.0,210.0,21,0.0,1.0
21.0,210.0,210.0,210.0,21,0.0,1.0
21.0,210.0,210.0,210.0,23,0.0,1.0
25.0,250.0,250.0,250.0,22,0.0,1.0
21.0,210.0,210.0,210.0,21,0.0,1.0
21.0,210.0,210.0,210.0,21,0.0,1.0
24.0,240.0,240.0,240.0,23,0.0,1.0
21.0,210.0,210.0,210.0,21,0.0,1.0
21.0,210.0,210.0,210.0,21,0.0,1.0
24.0,240.0,240.0,240.0,23,0.0,1.0
21.0,210.0,210.0,210.0,21,0.0,1.0
21.0,210.0,210.0,210.0,21,0.0,1.0
22.0,220.0,220.0,220.0,23,0.0,1.0
21.0,210.0,210.0,210.0,21,0.0,1.0
21.0,210.0,210.0,210.0,21,0.0,1.0
21.0,210.0,210.0,210.0,24,0.0,1.0
62.0,620.0,620.0,620.0,61,0.0,0.0
89.0,890.0,890.0,890.0,99,0.0,0.0
102.0,1020.0,1020.0,1020.0,104,0.0,0.0
98.0,980.0,980.0,980.0,103,0.0,0.0
107.0,1070.0,1070.0,1070.0,105,0.0,0.0
84.0,840.0,840.0,840.0,90,0.0,0.0
116.0,1160.0,1160.0,1160.0,109,0.0,0.0
101.0,1010.0,1010.0,1010.0,122,0.0,0.0
165.0,1650.0,1650.0,1650.0,179,0.0,0.0
175.0,1750.0,1750.0,1750.0,173,0.0,0.0
134.0,1340.0,1340.0,1340.0,171,0.0,0.0
184.0,1840.0,1840.0,1840.0,174,0.0,0.0
93.0,930.0,930.0,930.0,94,0.0,0.0
163.0,1630.0,1630.0,1630.0,170,0.0,0.0
167.0,1670.0,1670.0,1670.0,165,0.0,0.0
130.0,1300.0,1300.0,1300.0,152,0.0,0.0
167.0,1670.0,1670.0,1670.0,162,0.0,0.0
107.0,1070.0,1070.0,1070.0,124,0.0,0.0
161.0,1610.0,1610.0,1610.0,147,0.0,0.0
140.0,1400.0,1400.0,1400.0,144,0.0,0.0
124.0,1240.0,1240.0,1240.0,121,0.0,0.0
128.0,1280.0,1280.0,1280.0,121,0.0,0.0
97.0,970.0,970.0,970.0,106,0.0,0.0
110.0,1100.0,1100.0,1100.0,99,0.0,0.0
63.0,630.0,630.0,630.0,62,0.0,0.0
90.0,900.0,900.0,900.0,102,0.0,0.0
107.0,1070.0,1070.0,1070.0,109,0.0,0.0
89.0,890.0,890.0,890.0,104,0.0,0.0
107.0,1070.0,1070.0,1070.0,100,0.0,0.0
70.0,700.0,700.0,700.0,85,0.0,0.0
116.0,1160.0,1160.0,1160.0,103,0.0,0.0
109.0,1090.0,1090.0,1090.0,132,0.0,0.0
167.0,1670.0,1670.0,1670.0,172,0.0,0.0
169.0,1690.0,1690.0,1690.0,177,0.0,0.0
133.0,1330.0,1330.0,1330.0,173,0.0,0.0
185.0,1850.0,1850.0,1850.0,168,0.0,0.0
103.0,1030.0,1030.0,1030.0,103,0.0,0.0
177.0,1770.0,1770.0,1770.0,182,0.0,0.0
175.0,1750.0,1750.0,1750.0,177,0.0,0.0
152.0,1520.0,1520.0,1520.0,156,0.0,0.0
159.0,1590.0,1590.0,1590.0,167,0.0,0.0
130.0,1300.0,1300.0,1300.0,136,0.0,0.0
154.0,1540.0,1540.0,1540.0,152,0.0,0.0
142.0,1420.0,1420.0,1420.0,128,0.0,0.0
104.0,1040.0,1040.0,1040.0,113,0.0,0.0
108.0,1080.0,1080.0,1080.0,111,0.0,0.0
92.0,920.0,920.0,920.0,101,0.0,0.0
109.0,1090.0,1090.0,1090.0,96,0.0,0.0
69.0,690.0,690.0,690.0,66,0.0,0.0
90.0,900.0,900.0,900.0,105,0.0,0.0
113.0,1130.0,1130.0,1130.0,113,0.0,0.0
99.0,990.0,990.0,990.0,105,0.0,0.0
109.0,1090.0,1090.0,1090.0,106,0.0,0.0
82.0,820.0,820.0,820.0,91,0.0,0.0
118.0,1180.0,1180.0,1180.0,112,0.0,0.0
106.0,1060.0,1060.0,1060.0,129,0.0,0.0
159.0,1590.0,1590.0,1590.0,170,0.0,0.0
170.0,1700.0,1700.0,1700.0,170,0.0,0.0
132.0,1320.0,1320.0,1320.0,156,0.0,0.0
172.0,1720.0,1720.0,1720.0,162,0.0,0.0
106.0,1060.0,1060.0,1060.0,102,0.0,0.0
152.0,1520.0,1520.0,1520.0,158,0.0,0.0
158.0,1580.0,1580.0,1580.0,159,0.0,0.0
135.0,1350.0,1350.0,1350.0,151,0.0,0.0
156.0,1560.0,1560.0,1560.0,160,0.0,0.0
128.0,1280.0,1280.0,1280.0,132,0.0,0.0
150.0,1500.0,1500.0,1500.0,132,0.0,0.0
112.0,1120.0,1120.0,1120.0,115,0.0,0.0
108.0,1080.0,1080.0,1080.0,122,0.0,0.0
132.0,1320.0,1320.0,1320.0,123,0.0,0.0
106.0,1060.0,1060.0,1060.0,113,0.0,0.0
114.0,1140.0,1140.0,1140.0,105,0.0,0.0
72.0,720.0,720.0,720.0,68,0.0,0.0
96.0,960.0,960.0,960.0,108,0.0,0.0
106.0,1060.0,1060.0,1060.0,110,0.0,0.0
104.0,1040.0,1040.0,1040.0,107,0.0,0.0
115.0,1150.0,1150.0,1150.0,109,0.0,0.0
85.0,850.0,850.0,850.0,90,0.0,0.0
118.0,1180.0,1180.0,1180.0,109,0.0,0.0
110.0,1100.0,1100.0,1100.0,128,0.0,0.0
154.0,1540.0,1540.0,1540.0,156,0.0,0.0
158.0,1580.0,1580.0,1580.0,160,0.0,0.0
127.0,1270.0,1270.0,1270.0,157,0.0,0.0
141.0,1410.0,1410.0,1410.0,149,0.0,0.0
81.0,810.0,810.0,810.0,89,0.0,0.0
158.0,1580.0,1580.0,1580.0,155,0.0,0.0
143.0,1430.0,1430.0,1430.0,152,0.0,0.0
125.0,1250.0,1250.0,1250.0,140,0.0,0.0
140.0,1400.0,1400.0,1400.0,142,0.0,0.0
105.0,1050.0,1050.0,1050.0,122,0.0,0.0
139.0,1390.0,1390.0,1390.0,139,0.0,0.0
135.0,1350.0,1350.0,1350.0,113,0.0,0.0
91.0,910.0,910.0,910.0,101,0.0,0.0
110.0,1100.0,1100.0,1100.0,108,0.0,0.0
96.0,960.0,960.0,960.0,107,0.0,0.0
109.0,1090.0,1090.0,1090.0,97,0.0,0.0
63.0,630.0,630.0,630.0,63,0.0,0.0
96.0,960.0,960.0,960.0,105,0.0,0.0
106.0,1060.0,1060.0,1060.0,104,0.0,0.0
92.0,920.0,920.0,920.0,105,0.0,0.0
108.0,1080.0,1080.0,1080.0,107,0.0,0.0
89.0,890.0,890.0,890.0,92,0.0,0.0
102.0,1020.0,1020.0,1020.0,107,0.0,0.0
92.0,920.0,920.0,920.0,61,0.0,0.0
27.0,270.0,270.0,270.0,24,0.0,0.0
22.0,220.0,220.0,220.0,22,0.0,0.0
22.0,220.0,220.0,220.0,22,0.0,0.0
22.0,220.0,220.0,220.0,25,0.0,0.0
22.0,220.0,220.0,220.0,22,0.0,0.0
22.0,220.0,220.0,220.0,22,0.0,0.0
22.0,220.0,220.0,220.0,23,0.0,0.0
28.0,280.0,280.0,280.0,25,0.0,0.0
23.0,230.0,230.0,230.0,23,0.0,0.0
22.0,220.0,220.0,220.0,22,0.0,0.0
22.0,220.0,220.0,220.0,25,0.0,0.0
22.0,220.0,220.0,220.0,22,0.0,0.0
22.0,220.0,220.0,220.0,22,0.0,0.0
23.0,230.0,230.0,230.0,24,0.0,0.0
26.0,260.0,260.0,260.0,23,0.0,0.0
22.0,220.0,220.0,220.0,22,0.0,0.0
71.0,710.0,710.0,710.0,66,0.0,1.0
97.0,970.0,970.0,970.0,106,0.0,1.0
107.0,1070.0,1070.0,1070.0,104,0.0,1.0
95.0,950.0,950.0,950.0,107,0.0,1.0
105.0,1050.0,1050.0,1050.0,109,0.0,1.0
80.0,800.0,800.0,800.0,90,0.0,1.0
104.0,1040.0,1040.0,1040.0,102,0.0,1.0
92.0,920.0,920.0,920.0,71,0.0,1.0
22.0,220.0,220.0,220.0,23,0.0,1.0
24.0,240.0,240.0,240.0,25,0.0,1.0
29.0,290.0,290.0,290.0,26,0.0,1.0
24.0,240.0,240.0,240.0,26,0.0,1.0
25.0,250.0,250.0,250.0,25,0.0,1.0
27.0,270.0,270.0,270.0,23,0.0,1.0
22.0,220.0,220.0,220.0,22,0.0,1.0
22.0,220.0,220.0,220.0,23,0.0,1.0
26.0,260.0,260.0,260.0,25,0.0,1.0
23.0,230.0,230.0,230.0,23,0.0,1.0
22.0,220.0,220.0,220.0,22,0.0,1.0
23.0,230.0,230.0,230.0,25,0.0,1.0
23.0,230.0,230.0,230.0,23,0.0,1.0
23.0,230.0,230.0,230.0,23,0.0,1.0
23.0,230.0,230.0,230.0,23,0.0,1.0
26.0,260.0,260.0,260.0,24,0.0,1.0
23.0,230.0,230.0,230.0,23,0.0,1.0
22.0,220.0,220.0,220.0,22,0.0,1.0
22.0,220.0,220.0,220.0,25,0.0,1.0
22.0,220.0,220.0,220.0,22,0.0,1.0
22.0,220.0,220.0,220.0,23,0.0,1.0
22.0,220.0,220.0,220.0,22,0.0,1.0
25.0,250.0,250.0,250.0,24,0.0,1.0
22.0,220.0,220.0,220.0,22,0.0,1.0
21.0,210.0,210.0,210.0,22,0.0,1.0
22.0,220.0,220.0,220.0,24,0.0,1.0
22.0,220.0,220.0,220.0,22,0.0,1.0
22.0,220.0,220.0,220.0,22,0.0,1.0
23.0,230.0,230.0,230.0,24,0.0,1.0
25.0,250.0,250.0,250.0,23,0.0,1.0
22.0,220.0,220.0,220.0,22,0.0,1.0
22.0,220.0,220.0,220.0,22,0.0,1.0
27.0,270.0,270.0,270.0,25,0.0,1.0
22.0,220.0,220.0,220.0,22,0.0,1.0
22.0,220.0,220.0,220.0,22,0.0,1.0
22.0,220.0,220.0,220.0,24,0.0,1.0
22.0,220.0,220.0,220.0,22,0.0,1.0
23.0,230.0,230.0,230.0,23,0.0,1.0
22.0,220.0,220.0,220.0,23,0.0,1.0
26.0,260.0,260.0,260.0,24,0.0,1.0
64.0,640.0,640.0,640.0,63,0.0,0.0
87.0,870.0,870.0,870.0,99,0.0,0.0
104.0,1040.0,1040.0,1040.0,103,0.0,0.0
90.0,900.0,900.0,900.0,100,0.0,0.0
105.0,1050.0,1050.0,1050.0,105,0.0,0.0
82.0,820.0,820.0,820.0,87,0.0,0.0
109.0,1090.0,1090.0,1090.0,98,0.0,0.0
72.0,720.0,720.0,720.0,93,0.0,0.0
141.0,1410.0,1410.0,1410.0,154,0.0,0.0
165.0,1650.0,1650.0,1650.0,160,0.0,0.0
127.0,1270.0,1270.0,1270.0,142,0.0,0.0
159.0,1590.0,1590.0,1590.0,164,0.0,0.0
106.0,1060.0,1060.0,1060.0,103,0.0,0.0
157.0,1570.0,1570.0,1570.0,165,0.0,0.0
156.0,1560.0,1560.0,1560.0,166,0.0,0.0
139.0,1390.0,1390.0,1390.0,161,0.0,0.0
150.0,1500.0,1500.0,1500.0,158,0.0,0.0
127.0,1270.0,1270.0,1270.0,136,0.0,0.0
150.0,1500.0,1500.0,1500.0,154,0.0,0.0
155.0,1550.0,1550.0,1550.0,142,0.0,0.0
134.0,1340.0,1340.0,1340.0,129,0.0,0.0
132.0,1320.0,1320.0,1320.0,121,0.0,0.0
91.0,910.0,910.0,910.0,107,0.0,0.0
105.0,1050.0,1050.0,1050.0,101,0.0,0.0
72.0,720.0,720.0,720.0,68,0.0,0.0
92.0,920.0,920.0,920.0,99,0.0,0.0
107.0,1070.0,1070.0,1070.0,104,0.0,0.0
92.0,920.0,920.0,920.0,103,0.0,0.0
96.0,960.0,960.0,960.0,100,0.0,0.0
84.0,840.0,840.0,840.0,85,0.0,0.0
102.0,1020.0,1020.0,1020.0,103,0.0,0.0
105.0,1050.0,1050.0,1050.0,128,0.0,0.0
158.0,1580.0,1580.0,1580.0,169,0.0,0.0
168.0,1680.0,1680.0,1680.0,172,0.0,0.0
135.0,1350.0,1350.0,1350.0,166,0.0,0.0
168.0,1680.0,1680.0,1680.0,172,0.0,0.0
119.0,1190.0,1190.0,1190.0,110,0.0,0.0
159.0,1590.0,1590.0,1590.0,169,0.0,0.0
168.0,1680.0,1680.0,1680.0,165,0.0,0.0
129.0,1290.0,1290.0,1290.0,158,0.0,0.0
159.0,1590.0,1590.0,1590.0,151,0.0,0.0
108.0,1080.0,1080.0,1080.0,129,0.0,0.0
156.0,1560.0,1560.0,1560.0,155,0.0,0.0
148.0,1480.0,1480.0,1480.0,132,0.0,0.0
106.0,1060.0,1060.0,1060.0,109,0.0,0.0
107.0,1070.0,1070.0,1070.0,105,0.0,0.0
87.0,870.0,870.0,870.0,101,0.0,0.0
106.0,1060.0,1060.0,1060.0,95,0.0,0.0
64.0,640.0,640.0,640.0,65,0.0,0.0
96.0,960.0,960.0,960.0,103,0.0,0.0
103.0,1030.0,1030.0,1030.0,104,0.0,0.0
89.0,890.0,890.0,890.0,99,0.0,0.0
108.0,1080.0,1080.0,1080.0,106,0.0,0.0
94.0,940.0,940.0,940.0,91,0.0,0.0
106.0,1060.0,1060.0,1060.0,104,0.0,0.0
106.0,1060.0,1060.0,1060.0,119,0.0,0.0
142.0,1420.0,1420.0,1420.0,155,0.0,0.0
166.0,1660.0,1660.0,1660.0,166,0.0,0.0
134.0,1340.0,1340.0,1340.0,164,0.0,0.0
161.0,1610.0,1610.0,1610.0,161,0.0,0.0
116.0,1160.0,1160.0,1160.0,111,0.0,0.0
158.0,1580.0,1580.0,1580.0,153,0.0,0.0
153.0,1530.0,1530.0,1530.0,162,0.0,0.0
128.0,1280.0,1280.0,1280.0,152,0.0,0.0
154.0,1540.0,1540.0,1540.0,153,0.0,0.0
123.0,1230.0,1230.0,1230.0,130,0.0,0.0
122.0,1220.0,1220.0,1220.0,122,0.0,0.0
120.0,1200.0,1200.0,1200.0,123,0.0,0.0
122.0,1220.0,1220.0,1220.0,133,0.0,0.0
141.0,1410.0,1410.0,1410.0,129,0.0,0.0
108.0,1080.0,1080.0,1080.0,118,0.0,0.0
115.0,1150.0,1150.0,1150.0,105,0.0,0.0
72.0,720.0,720.0,720.0,70,1.0,0.0
100.0,1000.0,1000.0,1000.0,107,1.0,0.0
106.0,1060.0,1060.0,1060.0,104,1.0,0.0
98.0,980.0,980.0,980.0,101,1.0,0.0
113.0,1130.0,1130.0,1130.0,111,1.0,0.0
83.0,830.0,830.0,830.0,90,1.0,0.0
107.0,1070.0,1070.0,1070.0,105,1.0,0.0
113.0,1130.0,1130.0,1130.0,133,1.0,0.0
155.0,1550.0,1550.0,1550.0,168,1.0,0.0
172.0,1720.0,1720.0,1720.0,168,1.0,0.0
127.0,1270.0,1270.0,1270.0,156,1.0,0.0
174.0,1740.0,1740.0,1740.0,168,1.0,0.0
108.0,1080.0,1080.0,1080.0,104,1.0,0.0
160.0,1600.0,1600.0,1600.0,154,1.0,0.0
160.0,1600.0,1600.0,1600.0,159,1.0,0.0
126.0,1260.0,1260.0,1260.0,150,1.0,0.0
153.0,1530.0,1530.0,1530.0,157,1.0,0.0
119.0,1190.0,1190.0,1190.0,136,1.0,0.0
152.0,1520.0,1520.0,1520.0,145,1.0,0.0
142.0,1420.0,1420.0,1420.0,136,1.0,0.0
113.0,1130.0,1130.0,1130.0,121,1.0,0.0
116.0,1160.0,1160.0,1160.0,109,1.0,0.0
92.0,920.0,920.0,920.0,104,1.0,0.0
101.0,1010.0,1010.0,1010.0,100,1.0,0.0
71.0,710.0,710.0,710.0,66,1.0,0.0
97.0,970.0,970.0,970.0,106,1.0,0.0
107.0,1070.0,1070.0,1070.0,104,1.0,0.0
95.0,950.0,950.0,950.0,107,1.0,0.0
105.0,1050.0,1050.0,1050.0,109,1.0,0.0
80.0,800.0,800.0,800.0,90,1.0,0.0
104.0,1040.0,1040.0,1040.0,102,1.0,0.0
92.0,920.0,920.0,920.0,71,1.0,0.0
22.0,220.0,220.0,220.0,23,1.0,0.0
24.0,240.0,240.0,240.0,25,1.0,0.0
29.0,290.0,290.0,290.0,26,1.0,0.0
24.0,240.0,240.0,240.0,26,1.0,0.0
25.0,250.0,250.0,250.0,25,1.0,0.0
27.0,270.0,270.0,270.0,23,1.0,0.0
22.0,220.0,220.0,220.0,22,1.0,0.0
22.0,220.0,220.0,220.0,23,1.0,0.0
26.0,260.0,260.0,260.0,25,1.0,0.0
23.0,230.0,230.0,230.0,23,1.0,0.0
22.0,220.0,220.0,220.0,22,1.0,0.0
23.0,230.0,230.0,230.0,25,1.0,0.0
23.0,230.0,230.0,230.0,23,1.0,0.0
23.0,230.0,230.0,230.0,23,1.0,0.0
23.0,230.0,230.0,230.0,23,1.0,0.0
26.0,260.0,260.0,260.0,24,1.0,0.0
71.0,710.0,710.0,710.0,66,0.0,1.0
97.0,970.0,970.0,970.0,106,0.0,1.0
107.0,1070.0,1070.0,1070.0,104,0.0,1.0
95.0,950.0,950.0,950.0,107,0.0,1.0
105.0,1050.0,1050.0,1050.0,109,0.0,1.0
80.0,800.0,800.0,800.0,90,0.0,1.0
104.0,1040.0,1040.0,1040.0,102,0.0,1.0
92.0,920.0,920.0,920.0,71,0.0,1.0
22.0,220.0,220.0,220.0,23,0.0,1.0
24.0,240.0,240.0,240.0,25,0.0,1.0
29.0,290.0,290.0,290.0,26,0.0,1.0
24.0,240.0,240.0,240.0,26,0.0,1.0
25.0,250.0,250.0,250.0,25,0.0,1.0
27.0,270.0,270.0,270.0,23,0.0,1.0
22.0,220.0,220.0,220.0,22,0.0,1.0
22.0,220.0,220.0,220.0,23,0.0,1.0
26.0,260.0,260.0,260.0,25,0.0,1.0
23.0,230.0,230.0,230.0,23,0.0,1.0
22.0,220.0,220.0,220.0,22,0.0,1.0
23.0,230.0,230.0,230.0,25,0.0,1.0
23.0,230.0,230.0,230.0,23,0.0,1.0
23.0,230.0,230.0,230.0,23,0.0,1.0
23.0,230.0,230.0,230.0,23,0.0,1.0
26.0,260.0,260.0,260.0,24,0.0,1.0
23.0,230.0,230.0,230.0,23,0.0,1.0
22.0,220.0,220.0,220.0,22,0.0,1.0
22.0,220.0,220.0,220.0,25,0.0,1.0
22.0,220.0,220.0,220.0,22,0.0,1.0
22.0,220.0,220.0,220.0,23,0.0,1.0
22.0,220.0,220.0,220.0,22,0.0,1.0
25.0,250.0,250.0,250.0,24,0.0,1.0
22.0,220.0,220.0,220.0,22,0.0,1.0
21.0,210.0,210.0,210.0,22,0.0,1.0
22.0,220.0,220.0,220.0,24,0.0,1.0
22.0,220.0,220.0,220.0,22,0.0,1.0
22.0,220.0,220.0,220.0,22,0.0,1.0
23.0,230.0,230.0,230.0,24,0.0,1.0
25.0,250.0,250.0,250.0,23,0.0,1.0
22.0,220.0,220.0,220.0,22,0.0,1.0
22.0,220.0,220.0,220.0,22,0.0,1.0
27.0,270.0,270.0,270.0,25,0.0,1.0
22.0,220.0,220.0,220.0,22,0.0,1.0
22.0,220.0,220.0,220.0,22,0.0,1.0
22.0,220.0,220.0,220.0,24,0.0,1.0
22.0,220.0,220.0,220.0,22,0.0,1.0
23.0,230.0,230.0,230.0,23,0.0,1.0
22.0,220.0,220.0,220.0,23,0.0,1.0
26.0,260.0,260.0,260.0,24,0.0,1.0
83.0,830.0,830.0,830.0,76,0.0,0.0
100.0,1000.0,1000.0,1000.0,110,0.0,0.0
114.0,1140.0,1140.0,1140.0,117,0.0,0.0
104.0,1040.0,1040.0,1040.0,116,0.0,0.0
122.0,1220.0,1220.0,1220.0,110,0.0,0.0
94.0,940.0,940.0,940.0,97,0.0,0.0
121.0,1210.0,1210.0,1210.0,118,0.0,0.0
116.0,1160.0,1160.0,1160.0,132,0.0,0.0
176.0,1760.0,1760.0,1760.0,188,0.0,0.0
184.0,1840.0,1840.0,1840.0,186,0.0,0.0
138.0,1380.0,1380.0,1380.0,164,0.0,0.0
162.0,1620.0,1620.0,1620.0,173,0.0,0.0
128.0,1280.0,1280.0,1280.0,112,0.0,0.0
168.0,1680.0,1680.0,1680.0,171,0.0,0.0
182.0,1820.0,1820.0,1820.0,177,0.0,0.0
137.0,1370.0,1370.0,1370.0,163,0.0,0.0
166.0,1660.0,1660.0,1660.0,170,0.0,0.0
118.0,1180.0,1180.0,1180.0,134,0.0,0.0
161.0,1610.0,1610.0,1610.0,161,0.0,0.0
162.0,1620.0,1620.0,1620.0,156,0.0,0.0
133.0,1330.0,1330.0,1330.0,128,0.0,0.0
124.0,1240.0,1240.0,1240.0,127,0.0,0.0
108.0,1080.0,1080.0,1080.0,115,0.0,0.0
116.0,1160.0,1160.0,1160.0,108,0.0,0.0
76.0,760.0,760.0,760.0,73,0.0,0.0
100.0,1000.0,1000.0,1000.0,111,0.0,0.0
106.0,1060.0,1060.0,1060.0,114,0.0,0.0
106.0,1060.0,1060.0,1060.0,112,0.0,0.0
118.0,1180.0,1180.0,1180.0,112,0.0,0.0
79.0,790.0,790.0,790.0,92,0.0,0.0
114.0,1140.0,1140.0,1140.0,115,0.0,0.0
96.0,960.0,960.0,960.0,130,0.0,0.0
170.0,1700.0,1700.0,1700.0,177,0.0,0.0
171.0,1710.0,1710.0,1710.0,180,0.0,0.0
150.0,1500.0,1500.0,1500.0,178,0.0,0.0
186.0,1860.0,1860.0,1860.0,176,0.0,0.0
120.0,1200.0,1200.0,1200.0,109,0.0,0.0
158.0,1580.0,1580.0,1580.0,169,0.0,0.0
167.0,1670.0,1670.0,1670.0,171,0.0,0.0
138.0,1380.0,1380.0,1380.0,163,0.0,0.0
165.0,1650.0,1650.0,1650.0,168,0.0,0.0
133.0,1330.0,1330.0,1330.0,154,0.0,0.0
177.0,1770.0,1770.0,1770.0,168,0.0,0.0
152.0,1520.0,1520.0,1520.0,139,0.0,0.0
108.0,1080.0,1080.0,1080.0,114,0.0,0.0
110.0,1100.0,1100.0,1100.0,118,0.0,0.0
102.0,1020.0,1020.0,1020.0,103,0.0,0.0
107.0,1070.0,1070.0,1070.0,106,0.0,0.0
72.0,720.0,720.0,720.0,72,0.0,0.0
96.0,960.0,960.0,960.0,107,0.0,0.0
115.0,1150.0,1150.0,1150.0,112,0.0,0.0
112.0,1120.0,1120.0,1120.0,116,0.0,0.0
111.0,1110.0,1110.0,1110.0,113,0.0,0.0
98.0,980.0,980.0,980.0,97,0.0,0.0
118.0,1180.0,1180.0,1180.0,121,0.0,0.0
120.0,1200.0,1200.0,1200.0,141,0.0,0.0
178.0,1780.0,1780.0,1780.0,190,0.0,0.0
188.0,1880.0,1880.0,1880.0,180,0.0,0.0
142.0,1420.0,1420.0,1420.0,166,0.0,0.0
188.0,1880.0,1880.0,1880.0,183,0.0,0.0
116.0,1160.0,1160.0,1160.0,103,0.0,0.0
169.0,1690.0,1690.0,1690.0,183,0.0,0.0
171.0,1710.0,1710.0,1710.0,179,0.0,0.0
147.0,1470.0,1470.0,1470.0,170,0.0,0.0
166.0,1660.0,1660.0,1660.0,169,0.0,0.0
132.0,1320.0,1320.0,1320.0,138,0.0,0.0
171.0,1710.0,1710.0,1710.0,170,0.0,0.0
160.0,1600.0,1600.0,1600.0,159,0.0,0.0
133.0,1330.0,1330.0,1330.0,139,0.0,0.0
125.0,1250.0,1250.0,1250.0,127,0.0,0.0
119.0,1190.0,1190.0,1190.0,125,0.0,0.0
125.0,1250.0,1250.0,1250.0,111,0.0,0.0
90.0,900.0,900.0,900.0,80,0.0,0.0
98.0,980.0,980.0,980.0,112,0.0,0.0
117.0,1170.0,1170.0,1170.0,115,0.0,0.0
101.0,1010.0,1010.0,1010.0,114,0.0,0.0
104.0,1040.0,1040.0,1040.0,112,0.0,0.0
96.0,960.0,960.0,960.0,102,0.0,0.0
123.0,1230.0,1230.0,1230.0,121,0.0,0.0
112.0,1120.0,1120.0,1120.0,133,0.0,0.0
166.0,1660.0,1660.0,1660.0,162,0.0,0.0
168.0,1680.0,1680.0,1680.0,171,0.0,0.0
156.0,1560.0,1560.0,1560.0,165,0.0,0.0
165.0,1650.0,1650.0,1650.0,177,0.0,0.0
104.0,1040.0,1040.0,1040.0,102,0.0,0.0
170.0,1700.0,1700.0,1700.0,174,0.0,0.0
170.0,1700.0,1700.0,1700.0,164,0.0,0.0
130.0,1300.0,1300.0,1300.0,156,0.0,0.0
156.0,1560.0,1560.0,1560.0,162,0.0,0.0
140.0,1400.0,1400.0,1400.0,148,0.0,0.0
154.0,1540.0,1540.0,1540.0,150,0.0,0.0
139.0,1390.0,1390.0,1390.0,138,0.0,0.0
119.0,1190.0,1190.0,1190.0,117,0.0,0.0
108.0,1080.0,1080.0,1080.0,114,0.0,0.0
117.0,1170.0,1170.0,1170.0,114,0.0,0.0
116.0,1160.0,1160.0,1160.0,106,0.0,0.0
70.0,700.0,700.0,700.0,67,0.0,0.0
95.0,950.0,950.0,950.0,110,0.0,0.0
119.0,1190.0,1190.0,1190.0,115,0.0,0.0
92.0,920.0,920.0,920.0,100,0.0,0.0
105.0,1050.0,1050.0,1050.0,109,0.0,0.0
85.0,850.0,850.0,850.0,88,0.0,0.0
109.0,1090.0,1090.0,1090.0,103,0.0,0.0
82.0,820.0,820.0,820.0,57,0.0,0.0
25.0,250.0,250.0,250.0,23,0.0,0.0
22.0,220.0,220.0,220.0,22,0.0,0.0
22.0,220.0,220.0,220.0,22,0.0,0.0
24.0,240.0,240.0,240.0,24,0.0,0.0
22.0,220.0,220.0,220.0,22,0.0,0.0
22.0,220.0,220.0,220.0,22,0.0,0.0
22.0,220.0,220.0,220.0,25,0.0,0.0
22.0,220.0,220.0,220.0,22,0.0,0.0
22.0,220.0,220.0,220.0,22,0.0,0.0
23.0,230.0,230.0,230.0,23,0.0,0.0
23.0,230.0,230.0,230.0,24,0.0,0.0
22.0,220.0,220.0,220.0,22,0.0,0.0
22.0,220.0,220.0,220.0,22,0.0,0.0
22.0,220.0,220.0,220.0,24,0.0,0.0
25.0,250.0,250.0,250.0,23,0.0,0.0
22.0,220.0,220.0,220.0,22,0.0,0.0
71.0,710.0,710.0,710.0,66,0.0,1.0
97.0,970.0,970.0,970.0,106,0.0,1.0
107.0,1070.0,1070.0,1070.0,104,0.0,1.0
95.0,950.0,950.0,950.0,107,0.0,1.0
105.0,1050.0,1050.0,1050.0,109,0.0,1.0
80.0,800.0,800.0,800.0,90,0.0,1.0
104.0,1040.0,1040.0,1040.0,102,0.0,1.0
92.0,920.0,920.0,920.0,71,0.0,1.0
22.0,220.0,220.0,220.0,23,0.0,1.0
24.0,240.0,240.0,240.0,25,0.0,1.0
29.0,290.0,290.0,290.0,26,0.0,1.0
24.0,240.0,240.0,240.0,26,0.0,1.0
25.0,250.0,250.0,250.0,25,0.0,1.0
27.0,270.0,270.0,270.0,23,0.0,1.0
22.0,220.0,220.0,220.0,22,0.0,1.0
22.0,220.0,220.0,220.0,23,0.0,1.0
26.0,260.0,260.0,260.0,25,0.0,1.0
23.0,230.0,230.0,230.0,23,0.0,1.0
22.0,220.0,220.0,220.0,22,0.0,1.0
23.0,230.0,230.0,230.0,25,0.0,1.0
23.0,230.0,230.0,230.0,23,0.0,1.0
23.0,230.0,230.0,230.0,23,0.0,1.0
23.0,230.0,230.0,230.0,23,0.0,1.0
26.0,260.0,260.0,260.0,24,0.0,1.0
23.0,230.0,230.0,230.0,23,0.0,1.0
22.0,220.0,220.0,220.0,22,0.0,1.0
22.0,220.0,220.0,220.0,25,0.0,1.0
22.0,220.0,220.0,220.0,22,0.0,1.0
22.0,220.0,220.0,220.0,23,0.0,1.0
22.0,220.0,220.0,220.0,22,0.0,1.0
25.0,250.0,250.0,250.0,24,0.0,1.0
22.0,220.0,220.0,220.0,22,0.0,1.0
21.0,210.0,210.0,210.0,22,0.0,1.0
22.0,220.0,220.0,220.0,24,0.0,1.0
22.0,220.0,220.0,220.0,22,0.0,1.0
22.0,220.0,220.0,220.0,22,0.0,1.0
23.0,230.0,230.0,230.0,24,0.0,1.0
25.0,250.0,250.0,250.0,23,0.0,1.0
22.0,220.0,220.0,220.0,22,0.0,1.0
22.0,220.0,220.0,220.0,22,0.0,1.0
27.0,270.0,270.0,270.0,25,0.0,1.0
22.0,220.0,220.0,220.0,22,0.0,1.0
22.0,220.0,220.0,220.0,22,0.0,1.0
22.0,220.0,220.0,220.0,24,0.0,1.0
22.0,220.0,220.0,220.0,22,0.0,1.0
23.0,230.0,230.0,230.0,23,0.0,1.0
22.0,220.0,220.0,220.0,23,0.0,1.0
26.0,260.0,260.0,260.0,24,0.0,1.0
69.0,690.0,690.0,690.0,71,0.0,0.0
93.0,930.0,930.0,930.0,108,0.0,0.0
118.0,1180.0,1180.0,1180.0,113,0.0,0.0
96.0,960.0,960.0,960.0,113,0.0,0.0
113.0,1130.0,1130.0,1130.0,117,0.0,0.0
86.0,860.0,860.0,860.0,94,0.0,0.0
117.0,1170.0,1170.0,1170.0,114,0.0,0.0
105.0,1050.0,1050.0,1050.0,139,0.0,0.0
165.0,1650.0,1650.0,1650.0,171,0.0,0.0
170.0,1700.0,1700.0,1700.0,167,0.0,0.0
140.0,1400.0,1400.0,1400.0,172,0.0,0.0
169.0,1690.0,1690.0,1690.0,172,0.0,0.0
116.0,1160.0,1160.0,1160.0,111,0.0,0.0
156.0,1560.0,1560.0,1560.0,166,0.0,0.0
172.0,1720.0,1720.0,1720.0,157,0.0,0.0
125.0,1250.0,1250.0,1250.0,156,0.0,0.0
148.0,1480.0,1480.0,1480.0,160,0.0,0.0
104.0,1040.0,1040.0,1040.0,120,0.0,0.0
164.0,1640.0,1640.0,1640.0,153,0.0,0.0
153.0,1530.0,1530.0,1530.0,156,0.0,0.0
133.0,1330.0,1330.0,1330.0,133,0.0,0.0
123.0,1230.0,1230.0,1230.0,126,0.0,0.0
98.0,980.0,980.0,980.0,114,0.0,0.0
131.0,1310.0,1310.0,1310.0,113,0.0,0.0
70.0,700.0,700.0,700.0,69,0.0,0.0
97.0,970.0,970.0,970.0,103,0.0,0.0
119.0,1190.0,1190.0,1190.0,120,0.0,0.0
92.0,920.0,920.0,920.0,103,0.0,0.0
116.0,1160.0,1160.0,1160.0,112,0.0,0.0
86.0,860.0,860.0,860.0,95,0.0,0.0
125.0,1250.0,1250.0,1250.0,117,0.0,0.0
120.0,1200.0,1200.0,1200.0,140,0.0,0.0
151.0,1510.0,1510.0,1510.0,163,0.0,0.0
162.0,1620.0,1620.0,1620.0,160,0.0,0.0
127.0,1270.0,1270.0,1270.0,148,0.0,0.0
166.0,1660.0,1660.0,1660.0,156,0.0,0.0
97.0,970.0,970.0,970.0,93,0.0,0.0
153.0,1530.0,1530.0,1530.0,153,0.0,0.0
149.0,1490.0,1490.0,1490.0,151,0.0,0.0
132.0,1320.0,1320.0,1320.0,150,0.0,0.0
142.0,1420.0,1420.0,1420.0,160,0.0,0.0
102.0,1020.0,1020.0,1020.0,128,0.0,0.0
166.0,1660.0,1660.0,1660.0,162,0.0,0.0
146.0,1460.0,1460.0,1460.0,137,0.0,0.0
126.0,1260.0,1260.0,1260.0,128,0.0,0.0
126.0,1260.0,1260.0,1260.0,126,0.0,0.0
91.0,910.0,910.0,910.0,114,0.0,0.0
103.0,1030.0,1030.0,1030.0,110,0.0,0.0
73.0,730.0,730.0,730.0,70,0.0,0.0
98.0,980.0,980.0,980.0,111,0.0,0.0
126.0,1260.0,1260.0,1260.0,118,0.0,0.0
106.0,1060.0,1060.0,1060.0,117,0.0,0.0
118.0,1180.0,1180.0,1180.0,116,0.0,0.0
99.0,990.0,990.0,990.0,101,0.0,0.0
124.0,1240.0,1240.0,1240.0,118,0.0,0.0
120.0,1200.0,1200.0,1200.0,149,0.0,0.0
171.0,1710.0,1710.0,1710.0,182,0.0,0.0
154.0,1540.0,1540.0,1540.0,162,0.0,0.0
123.0,1230.0,1230.0,1230.0,154,0.0,0.0
163.0,1630.0,1630.0,1630.0,164,0.0,0.0
113.0,1130.0,1130.0,1130.0,105,0.0,0.0
147.0,1470.0,1470.0,1470.0,171,0.0,0.0
175.0,1750.0,1750.0,1750.0,163,0.0,0.0
114.0,1140.0,1140.0,1140.0,150,0.0,0.0
163.0,1630.0,1630.0,1630.0,162,0.0,0.0
123.0,1230.0,1230.0,1230.0,135,0.0,0.0
152.0,1520.0,1520.0,1520.0,150,0.0,0.0
160.0,1600.0,1600.0,1600.0,159,0.0,0.0
128.0,1280.0,1280.0,1280.0,136,0.0,0.0
140.0,1400.0,1400.0,1400.0,131,0.0,0.0
104.0,1040.0,1040.0,1040.0,121,0.0,0.0
129.0,1290.0,1290.0,1290.0,115,0.0,0.0
74.0,740.0,740.0,740.0,71,0.0,0.0
104.0,1040.0,1040.0,1040.0,119,0.0,0.0
125.0,1250.0,1250.0,1250.0,117,0.0,0.0
98.0,980.0,980.0,980.0,119,0.0,0.0
116.0,1160.0,1160.0,1160.0,118,0.0,0.0
105.0,1050.0,1050.0,1050.0,106,0.0,0.0
108.0,1080.0,1080.0,1080.0,114,0.0,0.0
122.0,1220.0,1220.0,1220.0,135,0.0,0.0
135.0,1350.0,1350.0,1350.0,156,0.0,0.0
162.0,1620.0,1620.0,1620.0,170,0.0,0.0
151.0,1510.0,1510.0,1510.0,172,0.0,0.0
184.0,1840.0,1840.0,1840.0,180,0.0,0.0
136.0,1360.0,1360.0,1360.0,122,0.0,0.0
185.0,1850.0,1850.0,1850.0,179,0.0,0.0
184.0,1840.0,1840.0,1840.0,177,0.0,0.0
152.0,1520.0,1520.0,1520.0,175,0.0,0.0
165.0,1650.0,1650.0,1650.0,166,0.0,0.0
126.0,1260.0,1260.0,1260.0,141,0.0,0.0
164.0,1640.0,1640.0,1640.0,142,0.0,0.0
127.0,1270.0,1270.0,1270.0,110,0.0,0.0
100.0,1000.0,1000.0,1000.0,109,0.0,0.0
121.0,1210.0,1210.0,1210.0,116,0.0,0.0
108.0,1080.0,1080.0,1080.0,123,0.0,0.0
122.0,1220.0,1220.0,1220.0,102,0.0,0.0
71.0,710.0,710.0,710.0,71,0.0,0.0
103.0,1030.0,1030.0,1030.0,116,0.0,0.0
107.0,1070.0,1070.0,1070.0,111,0.0,0.0
104.0,1040.0,1040.0,1040.0,109,0.0,0.0
120.0,1200.0,1200.0,1200.0,125,0.0,0.0
96.0,960.0,960.0,960.0,97,0.0,0.0
119.0,1190.0,1190.0,1190.0,118,0.0,0.0
95.0,950.0,950.0,950.0,71,0.0,0.0
24.0,240.0,240.0,240.0,23,0.0,0.0
23.0,230.0,230.0,230.0,23,0.0,0.0
23.0,230.0,230.0,230.0,26,0.0,0.0
23.0,230.0,230.0,230.0,24,0.0,0.0
23.0,230.0,230.0,230.0,24,0.0,0.0
23.0,230.0,230.0,230.0,25,0.0,0.0
25.0,250.0,250.0,250.0,24,0.0,0.0
23.0,230.0,230.0,230.0,23,0.0,0.0
23.0,230.0,230.0,230.0,23,0.0,0.0
28.0,280.0,280.0,280.0,26,0.0,0.0
24.0,240.0,240.0,240.0,24,0.0,0.0
24.0,240.0,240.0,240.0,24,0.0,0.0
24.0,240.0,240.0,240.0,25,0.0,0.0
23.0,230.0,230.0,230.0,24,0.0,0.0
24.0,240.0,240.0,240.0,24,0.0,0.0
23.0,230.0,230.0,230.0,26,0.0,0.0
71.0,710.0,710.0,710.0,66,0.0,1.0
97.0,970.0,970.0,970.0,106,0.0,1.0
107.0,1070.0,1070.0,1070.0,104,0.0,1.0
95.0,950.0,950.0,950.0,107,0.0,1.0
105.0,1050.0,1050.0,1050.0,109,0.0,1.0
80.0,800.0,800.0,800.0,90,0.0,1.0
104.0,1040.0,1040.0,1040.0,102,0.0,1.0
92.0,920.0,920.0,920.0,71,0.0,1.0
22.0,220.0,220.0,220.0,23,0.0,1.0
24.0,240.0,240.0,240.0,25,0.0,1.0
29.0,290.0,290.0,290.0,26,0.0,1.0
24.0,240.0,240.0,240.0,26,0.0,1.0
25.0,250.0,250.0,250.0,25,0.0,1.0
27.0,270.0,270.0,270.0,23,0.0,1.0
22.0,220.0,220.0,220.0,22,0.0,1.0
22.0,220.0,220.0,220.0,23,0.0,1.0
26.0,260.0,260.0,260.0,25,0.0,1.0
23.0,230.0,230.0,230.0,23,0.0,1.0
22.0,220.0,220.0,220.0,22,0.0,1.0
23.0,230.0,230.0,230.0,25,0.0,1.0
23.0,230.0,230.0,230.0,23,0.0,1.0
23.0,230.0,230.0,230.0,23,0.0,1.0
23.0,230.0,230.0,230.0,23,0.0,1.0
26.0,260.0,260.0,260.0,24,0.0,1.0
23.0,230.0,230.0,230.0,23,0.0,1.0
22.0,220.0,220.0,220.0,22,0.0,1.0
22.0,220.0,220.0,220.0,25,0.0,1.0
22.0,220.0,220.0,220.0,22,0.0,1.0
22.0,220.0,220.0,220.0,23,0.0,1.0
22.0,220.0,220.0,220.0,22,0.0,1.0
25.0,250.0,250.0,250.0,24,0.0,1.0
22.0,220.0,220.0,220.0,22,0.0,1.0
21.0,210.0,210.0,210.0,22,0.0,1.0
22.0,220.0,220.0,220.0,24,0.0,1.0
22.0,220.0,220.0,220.0,22,0.0,1.0
22.0,220.0,220.0,220.0,22,0.0,1.0
23.0,230.0,230.0,230.0,24,0.0,1.0
25.0,250.0,250.0,250.0,23,0.0,1.0
22.0,220.0,220.0,220.0,22,0.0,1.0
22.0,220.0,220.0,220.0,22,0.0,1.0
27.0,270.0,270.0,270.0,25,0.0,1.0
22.0,220.0,220.0,220.0,22,0.0,1.0
22.0,220.0,220.0,220.0,22,0.0,1.0
22.0,220.0,220.0,220.0,24,0.0,1.0
22.0,220.0,220.0,220.0,22,0.0,1.0
23.0,230.0,230.0,230.0,23,0.0,1.0
22.0,220.0,220.0,220.0,23,0.0,1.0
26.0,260.0,260.0,260.0,24,0.0,1.0
62.0,620.0,620.0,620.0,61,1.0,0.0
89.0,890.0,890.0,890.0,99,1.0,0.0
102.0,1020.0,1020.0,1020.0,104,1.0,0.0
98.0,980.0,980.0,980.0,103,1.0,0.0
107.0,1070.0,1070.0,1070.0,105,1.0,0.0
84.0,840.0,840.0,840.0,90,1.0,0.0
116.0,1160.0,1160.0,1160.0,109,1.0,0.0
101.0,1010.0,1010.0,1010.0,122,1.0,0.0
165.0,1650.0,1650.0,1650.0,179,1.0,0.0
175.0,1750.0,1750.0,1750.0,173,1.0,0.0
134.0,1340.0,1340.0,1340.0,171,1.0,0.0
184.0,1840.0,1840.0,1840.0,174,1.0,0.0
93.0,930.0,930.0,930.0,94,1.0,0.0
163.0,1630.0,1630.0,1630.0,170,1.0,0.0
167.0,1670.0,1670.0,1670.0,165,1.0,0.0
130.0,1300.0,1300.0,1300.0,152,1.0,0.0
167.0,1670.0,1670.0,1670.0,162,1.0,0.0
107.0,1070.0,1070.0,1070.0,124,1.0,0.0
161.0,1610.0,1610.0,1610.0,147,1.0,0.0
140.0,1400.0,1400.0,1400.0,144,1.0,0.0
124.0,1240.0,1240.0,1240.0,121,1.0,0.0
128.0,1280.0,1280.0,1280.0,121,1.0,0.0
97.0,970.0,970.0,970.0,106,1.0,0.0
110.0,1100.0,1100.0,1100.0,99,1.0,0.0
63.0,630.0,630.0,630.0,62,0.0,0.0
90.0,900.0,900.0,900.0,102,0.0,0.0
107.0,1070.0,1070.0,1070.0,109,0.0,0.0
89.0,890.0,890.0,890.0,104,0.0,0.0
107.0,1070.0,1070.0,1070.0,100,0.0,0.0
70.0,700.0,700.0,700.0,85,0.0,0.0
116.0,1160.0,1160.0,1160.0,103,0.0,0.0
109.0,1090.0,1090.0,1090.0,132,0.0,0.0
167.0,1670.0,1670.0,1670.0,172,0.0,0.0
169.0,1690.0,1690.0,1690.0,177,0.0,0.0
133.0,1330.0,1330.0,1330.0,173,0.0,0.0
185.0,1850.0,1850.0,1850.0,168,0.0,0.0
103.0,1030.0,1030.0,1030.0,103,0.0,0.0
177.0,1770.0,1770.0,1770.0,182,0.0,0.0
175.0,1750.0,1750.0,1750.0,177,0.0,0.0
152.0,1520.0,1520.0,1520.0,156,0.0,0.0
159.0,1590.0,1590.0,1590.0,167,0.0,0.0
130.0,1300.0,1300.0,1300.0,136,0.0,0.0
154.0,1540.0,1540.0,1540.0,152,0.0,0.0
142.0,1420.0,1420.0,1420.0,128,0.0,0.0
104.0,1040.0,1040.0,1040.0,113,0.0,0.0
108.0,1080.0,1080.0,1080.0,111,0.0,0.0
92.0,920.0,920.0,920.0,101,0.0,0.0
109.0,1090.0,1090.0,1090.0,96,0.0,0.0
69.0,690.0,690.0,690.0,66,0.0,0.0
90.0,900.0,900.0,900.0,105,0.0,0.0
113.0,1130.0,1130.0,1130.0,113,0.0,0.0
99.0,990.0,990.0,990.0,105,0.0,0.0
109.0,1090.0,1090.0,1090.0,106,0.0,0.0
82.0,820.0,820.0,820.0,91,0.0,0.0
118.0,1180.0,1180.0,1180.0,112,0.0,0.0
106.0,1060.0,1060.0,1060.0,129,0.0,0.0
159.0,1590.0,1590.0,1590.0,170,0.0,0.0
170.0,1700.0,1700.0,1700.0,170,0.0,0.0
132.0,1320.0,1320.0,1320.0,156,0.0,0.0
172.0,1720.0,1720.0,1720.0,162,0.0,0.0
106.0,1060.0,1060.0,1060.0,102,0.0,0.0
152.0,1520.0,1520.0,1520.0,158,0.0,0.0
158.0,1580.0,1580.0,1580.0,159,0.0,0.0
135.0,1350.0,1350.0,1350.0,151,0.0,0.0
156.0,1560.0,1560.0,1560.0,160,0.0,0.0
128.0,1280.0,1280.0,1280.0,132,0.0,0.0
150.0,1500.0,1500.0,1500.0,132,0.0,0.0
112.0,1120.0,1120.0,1120.0,115,0.0,0.0
108.0,1080.0,1080.0,1080.0,122,0.0,0.0
132.0,1320.0,1320.0,1320.0,123,0.0,0.0
106.0,1060.0,1060.0,1060.0,113,0.0,0.0
114.0,1140.0,1140.0,1140.0,105,0.0,0.0
72.0,720.0,720.0,720.0,68,0.0,0.0
96.0,960.0,960.0,960.0,108,0.0,0.0
106.0,1060.0,1060.0,1060.0,110,0.0,0.0
104.0,1040.0,1040.0,1040.0,107,0.0,0.0
115.0,1150.0,1150.0,1150.0,109,0.0,0.0
85.0,850.0,850.0,850.0,90,0.0,0.0
118.0,1180.0,1180.0,1180.0,109,0.0,0.0
110.0,1100.0,1100.0,1100.0,128,0.0,0.0
154.0,1540.0,1540.0,1540.0,156,0.0,0.0
158.0,1580.0,1580.0,1580.0,160,0.0,0.0
127.0,1270.0,1270.0,1270.0,157,0.0,0.0
141.0,1410.0,1410.0,1410.0,149,0.0,0.0
81.0,810.0,810.0,810.0,89,0.0,0.0
158.0,1580.0,1580.0,1580.0,155,0.0,0.0
143.0,1430.0,1430.0,1430.0,152,0.0,0.0
125.0,1250.0,1250.0,1250.0,140,0.0,0.0
140.0,1400.0,1400.0,1400.0,142,0.0,0.0
105.0,1050.0,1050.0,1050.0,122,0.0,0.0
139.0,1390.0,1390.0,1390.0,139,0.0,0.0
135.0,1350.0,1350.0,1350.0,113,0.0,0.0
91.0,910.0,910.0,910.0,101,0.0,0.0
110.0,1100.0,1100.0,1100.0,108,0.0,0.0
96.0,960.0,960.0,960.0,107,0.0,0.0
109.0,1090.0,1090.0,1090.0,97,0.0,0.0
22.0,220.0,220.0,220.0,24,0.0,0.0
21.0,210.0,210.0,210.0,21,0.0,0.0
21.0,210.0,210.0,210.0,21,0.0,0.0
22.0,220.0,220.0,220.0,23,0.0,0.0
26.0,260.0,260.0,260.0,23,0.0,0.0
21.0,210.0,210.0,210.0,21,0.0,0.0
22.0,220.0,220.0,220.0,21,0.0,0.0
21.0,210.0,210.0,210.0,24,0.0,0.0
21.0,210.0,210.0,210.0,21,0.0,0.0
21.0,210.0,210.0,210.0,21,0.0,0.0
21.0,210.0,210.0,210.0,23,0.0,0.0
25.0,250.0,250.0,250.0,22,0.0,0.0
21.0,210.0,210.0,210.0,21,0.0,0.0
21.0,210.0,210.0,210.0,21,0.0,0.0
24.0,240.0,240.0,240.0,23,0.0,0.0
21.0,210.0,210.0,210.0,21,0.0,0.0
21.0,210.0,210.0,210.0,21,0.0,0.0
24.0,240.0,240.0,240.0,23,0.0,0.0
21.0,210.0,210.0,210.0,21,0.0,0.0
21.0,210.0,210.0,210.0,21,0.0,0.0
22.0,220.0,220.0,220.0,23,0.0,0.0
21.0,210.0,210.0,210.0,21,0.0,0.0
21.0,210.0,210.0,210.0,21,0.0,0.0
21.0,210.0,210.0,210.0,24,0.0,0.0
63.0,630.0,630.0,630.0,63,0.0,1.0
96.0,960.0,960.0,960.0,105,0.0,1.0
106.0,1060.0,1060.0,1060.0,104,0.0,1.0
92.0,920.0,920.0,920.0,105,0.0,1.0
108.0,1080.0,1080.0,1080.0,107,0.0,1.0
89.0,890.0,890.0,890.0,92,0.0,1.0
102.0,1020.0,1020.0,1020.0,107,0.0,1.0
92.0,920.0,920.0,920.0,61,0.0,1.0
27.0,270.0,270.0,270.0,24,0.0,1.0
22.0,220.0,220.0,220.0,22,0.0,1.0
22.0,220.0,220.0,220.0,22,0.0,1.0
22.0,220.0,220.0,220.0,25,0.0,1.0
22.0,220.0,220.0,220.0,22,0.0,1.0
22.0,220.0,220.0,220.0,22,0.0,1.0
22.0,220.0,220.0,220.0,23,0.0,1.0
28.0,280.0,280.0,280.0,25,0.0,1.0
23.0,230.0,230.0,230.0,23,0.0,1.0
22.0,220.0,220.0,220.0,22,0.0,1.0
22.0,220.0,220.0,220.0,25,0.0,1.0
22.0,220.0,220.0,220.0,22,0.0,1.0
22.0,220.0,220.0,220.0,22,0.0,1.0
23.0,230.0,230.0,230.0,24,0.0,1.0
26.0,260.0,260.0,260.0,23,0.0,1.0
22.0,220.0,220.0,220.0,22,0.0,1.0
22.0,220.0,220.0,220.0,23,0.0,1.0
26.0,260.0,260.0,260.0,23,0.0,1.0
22.0,220.0,220.0,220.0,22,0.0,1.0
22.0,220.0,220.0,220.0,22,0.0,1.0
22.0,220.0,220.0,220.0,24,0.0,1.0
22.0,220.0,220.0,220.0,22,0.0,1.0
22.0,220.0,220.0,220.0,22,0.0,1.0
24.0,240.0,240.0,240.0,56,0.0,1.0
151.0,1510.0,1510.0,1510.0,171,0.0,1.0
179.0,1790.0,1790.0,1790.0,166,0.0,1.0
137.0,1370.0,1370.0,1370.0,161,0.0,1.0
169.0,1690.0,1690.0,1690.0,168,0.0,1.0
120.0,1200.0,1200.0,1200.0,115,0.0,1.0
169.0,1690.0,1690.0,1690.0,175,0.0,1.0
165.0,1650.0,1650.0,1650.0,175,0.0,1.0
135.0,1350.0,1350.0,1350.0,163,0.0,1.0
158.0,1580.0,1580.0,1580.0,165,0.0,1.0
123.0,1230.0,1230.0,1230.0,136,0.0,1.0
154.0,1540.0,1540.0,1540.0,152,0.0,1.0
141.0,1410.0,1410.0,1410.0,130,0.0,1.0
101.0,1010.0,1010.0,1010.0,108,0.0,1.0
110.0,1100.0,1100.0,1100.0,111,0.0,1.0
84.0,840.0,840.0,840.0,95,0.0,1.0
110.0,1100.0,1100.0,1100.0,98,0.0,1.0
64.0,640.0,640.0,640.0,63,0.0,0.0
87.0,870.0,870.0,870.0,99,0.0,0.0
104.0,1040.0,1040.0,1040.0,103,0.0,0.0
90.0,900.0,900.0,900.0,100,0.0,0.0
105.0,1050.0,1050.0,1050.0,105,0.0,0.0
82.0,820.0,820.0,820.0,87,0.0,0.0
109.0,1090.0,1090.0,1090.0,98,0.0,0.0
72.0,720.0,720.0,720.0,93,0.0,0.0
141.0,1410.0,1410.0,1410.0,154,0.0,0.0
165.0,1650.0,1650.0,1650.0,160,0.0,0.0
127.0,1270.0,1270.0,1270.0,142,0.0,0.0
159.0,1590.0,1590.0,1590.0,164,0.0,0.0
106.0,1060.0,1060.0,1060.0,103,0.0,0.0
157.0,1570.0,1570.0,1570.0,165,0.0,0.0
156.0,1560.0,1560.0,1560.0,166,0.0,0.0
139.0,1390.0,1390.0,1390.0,161,0.0,0.0
150.0,1500.0,1500.0,1500.0,158,0.0,0.0
127.0,1270.0,1270.0,1270.0,136,0.0,0.0
150.0,1500.0,1500.0,1500.0,154,0.0,0.0
155.0,1550.0,1550.0,1550.0,142,0.0,0.0
134.0,1340.0,1340.0,1340.0,129,0.0,0.0
132.0,1320.0,1320.0,1320.0,121,0.0,0.0
91.0,910.0,910.0,910.0,107,0.0,0.0
105.0,1050.0,1050.0,1050.0,101,0.0,0.0
72.0,720.0,720.0,720.0,68,0.0,0.0
92.0,920.0,920.0,920.0,99,0.0,0.0
107.0,1070.0,1070.0,1070.0,104,0.0,0.0
92.0,920.0,920.0,920.0,103,0.0,0.0
96.0,960.0,960.0,960.0,100,0.0,0.0
84.0,840.0,840.0,840.0,85,0.0,0.0
102.0,1020.0,1020.0,1020.0,103,0.0,0.0
105.0,1050.0,1050.0,1050.0,128,0.0,0.0
158.0,1580.0,1580.0,1580.0,169,0.0,0.0
168.0,1680.0,1680.0,1680.0,172,0.0,0.0
135.0,1350.0,1350.0,1350.0,166,0.0,0.0
168.0,1680.0,1680.0,1680.0,172,0.0,0.0
119.0,1190.0,1190.0,1190.0,110,0.0,0.0
159.0,1590.0,1590.0,1590.0,169,0.0,0.0
168.0,1680.0,1680.0,1680.0,165,0.0,0.0
129.0,1290.0,1290.0,1290.0,158,0.0,0.0
159.0,1590.0,1590.0,1590.0,151,0.0,0.0
108.0,1080.0,1080.0,1080.0,129,0.0,0.0
156.0,1560.0,1560.0,1560.0,155,0.0,0.0
148.0,1480.0,1480.0,1480.0,132,0.0,0.0
106.0,1060.0,1060.0,1060.0,109,0.0,0.0
107.0,1070.0,1070.0,1070.0,105,0.0,0.0
87.0,870.0,870.0,870.0,101,0.0,0.0
106.0,1060.0,1060.0,1060.0,95,0.0,0.0
64.0,640.0,640.0,640.0,65,0.0,0.0
96.0,960.0,960.0,960.0,103,0.0,0.0
103.0,1030.0,1030.0,1030.0,104,0.0,0.0
89.0,890.0,890.0,890.0,99,0.0,0.0
108.0,1080.0,1080.0,1080.0,106,0.0,0.0
94.0,940.0,940.0,940.0,91,0.0,0.0
106.0,1060.0,1060.0,1060.0,104,0.0,0.0
106.0,1060.0,1060.0,1060.0,119,0.0,0.0
142.0,1420.0,1420.0,1420.0,155,0.0,0.0
166.0,1660.0,1660.0,1660.0,166,0.0,0.0
134.0,1340.0,1340.0,1340.0,164,0.0,0.0
161.0,1610.0,1610.0,1610.0,161,0.0,0.0
116.0,1160.0,1160.0,1160.0,111,0.0,0.0
158.0,1580.0,1580.0,1580.0,153,0.0,0.0
153.0,1530.0,1530.0,1530.0,162,0.0,0.0
128.0,1280.0,1280.0,1280.0,152,0.0,0.0
154.0,1540.0,1540.0,1540.0,153,0.0,0.0
123.0,1230.0,1230.0,1230.0,130,0.0,0.0
122.0,1220.0,1220.0,1220.0,122,0.0,0.0
120.0,1200.0,1200.0,1200.0,123,0.0,0.0
122.0,1220.0,1220.0,1220.0,133,0.0,0.0
141.0,1410.0,1410.0,1410.0,129,0.0,0.0
108.0,1080.0,1080.0,1080.0,118,0.0,0.0
115.0,1150.0,1150.0,1150.0,105,0.0,0.0
72.0,720.0,720.0,720.0,70,0.0,0.0
100.0,1000.0,1000.0,1000.0,107,0.0,0.0
106.0,1060.0,1060.0,1060.0,104,0.0,0.0
98.0,980.0,980.0,980.0,101,0.0,0.0
113.0,1130.0,1130.0,1130.0,111,0.0,0.0
83.0,830.0,830.0,830.0,90,0.0,0.0
107.0,1070.0,1070.0,1070.0,105,0.0,0.0
113.0,1130.0,1130.0,1130.0,133,0.0,0.0
155.0,1550.0,1550.0,1550.0,168,0.0,0.0
172.0,1720.0,1720.0,1720.0,168,0.0,0.0
127.0,1270.0,1270.0,1270.0,156,0.0,0.0
174.0,1740.0,1740.0,1740.0,168,0.0,0.0
108.0,1080.0,1080.0,1080.0,104,0.0,0.0
160.0,1600.0,1600.0,1600.0,154,0.0,0.0
160.0,1600.0,1600.0,1600.0,159,0.0,0.0
126.0,1260.0,1260.0,1260.0,150,0.0,0.0
153.0,1530.0,1530.0,1530.0,157,0.0,0.0
119.0,1190.0,1190.0,1190.0,136,0.0,0.0
152.0,1520.0,1520.0,1520.0,145,0.0,0.0
142.0,1420.0,1420.0,1420.0,136,0.0,0.0
113.0,1130.0,1130.0,1130.0,121,0.0,0.0
116.0,1160.0,1160.0,1160.0,109,0.0,0.0
92.0,920.0,920.0,920.0,104,0.0,0.0
101.0,1010.0,1010.0,1010.0,100,0.0,0.0
22.0,220.0,220.0,220.0,24,0.0,0.0
21.0,210.0,210.0,210.0,21,0.0,0.0
21.0,210.0,210.0,210.0,21,0.0,0.0
22.0,220.0,220.0,220.0,23,0.0,0.0
26.0,260.0,260.0,260.0,23,0.0,0.0
21.0,210.0,210.0,210.0,21,0.0,0.0
22.0,220.0,220.0,220.0,21,0.0,0.0
21.0,210.0,210.0,210.0,24,0.0,0.0
21.0,210.0,210.0,210.0,21,0.0,0.0
21.0,210.0,210.0,210.0,21,0.0,0.0
21.0,210.0,210.0,210.0,23,0.0,0.0
25.0,250.0,250.0,250.0,22,0.0,0.0
21.0,210.0,210.0,210.0,21,0.0,0.0
21.0,210.0,210.0,210.0,21,0.0,0.0
24.0,240.0,240.0,240.0,23,0.0,0.0
21.0,210.0,210.0,210.0,21,0.0,0.0
21.0,210.0,210.0,210.0,21,0.0,0.0
24.0,240.0,240.0,240.0,23,0.0,0.0
21.0,210.0,210.0,210.0,21,0.0,0.0
21.0,210.0,210.0,210.0,21,0.0,0.0
22.0,220.0,220.0,220.0,23,0.0,0.0
21.0,210.0,210.0,210.0,21,0.0,0.0
21.0,210.0,210.0,210.0,21,0.0,0.0
21.0,210.0,210.0,210.0,24,0.0,0.0
63.0,630.0,630.0,630.0,63,0.0,1.0
96.0,960.0,960.0,960.0,105,0.0,1.0
106.0,1060.0,1060.0,1060.0,104,0.0,1.0
92.0,920.0,920.0,920.0,105,0.0,1.0
108.0,1080.0,1080.0,1080.0,107,0.0,1.0
89.0,890.0,890.0,890.0,92,0.0,1.0
102.0,1020.0,1020.0,1020.0,107,0.0,1.0
92.0,920.0,920.0,920.0,61,0.0,1.0
27.0,270.0,270.0,270.0,24,0.0,1.0
22.0,220.0,220.0,220.0,22,0.0,1.0
22.0,220.0,220.0,220.0,22,0.0,1.0
22.0,220.0,220.0,220.0,25,0.0,1.0
22.0,220.0,220.0,220.0,22,0.0,1.0
22.0,220.0,220.0,220.0,22,0.0,1.0
22.0,220.0,220.0,220.0,23,0.0,1.0
28.0,280.0,280.0,280.0,25,0.0,1.0
23.0,230.0,230.0,230.0,23,0.0,1.0
22.0,220.0,220.0,220.0,22,0.0,1.0
22.0,220.0,220.0,220.0,25,0.0,1.0
22.0,220.0,220.0,220.0,22,0.0,1.0
22.0,220.0,220.0,220.0,22,0.0,1.0
23.0,230.0,230.0,230.0,24,0.0,1.0
26.0,260.0,260.0,260.0,23,0.0,1.0
22.0,220.0,220.0,220.0,22,0.0,1.0
22.0,220.0,220.0,220.0,22,0.0,1.0
22.0,220.0,220.0,220.0,22,0.0,1.0
22.0,220.0,220.0,220.0,24,0.0,1.0
22.0,220.0,220.0,220.0,22,0.0,1.0
22.0,220.0,220.0,220.0,23,0.0,1.0
22.0,220.0,220.0,220.0,24,0.0,1.0
25.0,250.0,250.0,250.0,23,0.0,1.0
26.0,260.0,260.0,260.0,62,0.0,1.0
154.0,1540.0,1540.0,1540.0,183,0.0,1.0
185.0,1850.0,1850.0,1850.0,178,0.0,1.0
157.0,1570.0,1570.0,1570.0,171,0.0,1.0
173.0,1730.0,1730.0,1730.0,181,0.0,1.0
123.0,1230.0,1230.0,1230.0,119,0.0,1.0
175.0,1750.0,1750.0,1750.0,186,0.0,1.0
185.0,1850.0,1850.0,1850.0,177,0.0,1.0
148.0,1480.0,1480.0,1480.0,178,0.0,1.0
180.0,1800.0,1800.0,1800.0,171,0.0,1.0
130.0,1300.0,1300.0,1300.0,146,0.0,1.0
182.0,1820.0,1820.0,1820.0,173,0.0,1.0
164.0,1640.0,1640.0,1640.0,150,0.0,1.0
109.0,1090.0,1090.0,1090.0,119,0.0,1.0
120.0,1200.0,1200.0,1200.0,123,0.0,1.0
100.0,1000.0,1000.0,1000.0,112,0.0,1.0
118.0,1180.0,1180.0,1180.0,107,0.0,1.0
83.0,830.0,830.0,830.0,76,0.0,0.0
100.0,1000.0,1000.0,1000.0,110,0.0,0.0
114.0,1140.0,1140.0,1140.0,117,0.0,0.0
104.0,1040.0,1040.0,1040.0,116,0.0,0.0
122.0,1220.0,1220.0,1220.0,110,0.0,0.0
94.0,940.0,940.0,940.0,97,0.0,0.0
121.0,1210.0,1210.0,1210.0,118,0.0,0.0
116.0,1160.0,1160.0,1160.0,132,0.0,0.0
176.0,1760.0,1760.0,1760.0,188,0.0,0.0
184.0,1840.0,1840.0,1840.0,186,0.0,0.0
138.0,1380.0,1380.0,1380.0,164,0.0,0.0
162.0,1620.0,1620.0,1620.0,173,0.0,0.0
128.0,1280.0,1280.0,1280.0,112,0.0,0.0
168.0,1680.0,1680.0,1680.0,171,0.0,0.0
182.0,1820.0,1820.0,1820.0,177,0.0,0.0
137.0,1370.0,1370.0,1370.0,163,0.0,0.0
166.0,1660.0,1660.0,1660.0,170,0.0,0.0
118.0,1180.0,1180.0,1180.0,134,0.0,0.0
161.0,1610.0,1610.0,1610.0,161,0.0,0.0
162.0,1620.0,1620.0,1620.0,156,0.0,0.0
133.0,1330.0,1330.0,1330.0,128,0.0,0.0
124.0,1240.0,1240.0,1240.0,127,0.0,0.0
108.0,1080.0,1080.0,1080.0,115,0.0,0.0
116.0,1160.0,1160.0,1160.0,108,0.0,0.0
76.0,760.0,760.0,760.0,73,0.0,0.0
100.0,1000.0,1000.0,1000.0,111,0.0,0.0
106.0,1060.0,1060.0,1060.0,114,0.0,0.0
106.0,1060.0,1060.0,1060.0,112,0.0,0.0
118.0,1180.0,1180.0,1180.0,112,0.0,0.0
79.0,790.0,790.0,790.0,92,0.0,0.0
114.0,1140.0,1140.0,1140.0,115,0.0,0.0
96.0,960.0,960.0,960.0,130,0.0,0.0
170.0,1700.0,1700.0,1700.0,177,0.0,0.0
171.0,1710.0,1710.0,1710.0,180,0.0,0.0
150.0,1500.0,1500.0,1500.0,178,0.0,0.0
186.0,1860.0,1860.0,1860.0,176,0.0,0.0
120.0,1200.0,1200.0,1200.0,109,0.0,0.0
158.0,1580.0,1580.0,1580.0,169,0.0,0.0
167.0,1670.0,1670.0,1670.0,171,0.0,0.0
138.0,1380.0,1380.0,1380.0,163,0.0,0.0
165.0,1650.0,1650.0,1650.0,168,0.0,0.0
133.0,1330.0,1330.0,1330.0,154,0.0,0.0
177.0,1770.0,1770.0,1770.0,168,0.0,0.0
152.0,1520.0,1520.0,1520.0,139,0.0,0.0
108.0,1080.0,1080.0,1080.0,114,0.0,0.0
110.0,1100.0,1100.0,1100.0,118,0.0,0.0
102.0,1020.0,1020.0,1020.0,103,0.0,0.0
107.0,1070.0,1070.0,1070.0,106,0.0,0.0
72.0,720.0,720.0,720.0,72,0.0,0.0
96.0,960.0,960.0,960.0,107,0.0,0.0
115.0,1150.0,1150.0,1150.0,112,0.0,0.0
112.0,1120.0,1120.0,1120.0,116,0.0,0.0
111.0,1110.0,1110.0,1110.0,113,0.0,0.0
98.0,980.0,980.0,980.0,97,0.0,0.0
118.0,1180.0,1180.0,1180.0,121,0.0,0.0
120.0,1200.0,1200.0,1200.0,141,0.0,0.0
178.0,1780.0,1780.0,1780.0,190,0.0,0.0
188.0,1880.0,1880.0,1880.0,180,0.0,0.0
142.0,1420.0,1420.0,1420.0,166,0.0,0.0
188.0,1880.0,1880.0,1880.0,183,0.0,0.0
116.0,1160.0,1160.0,1160.0,103,0.0,0.0
169.0,1690.0,1690.0,1690.0,183,0.0,0.0
171.0,1710.0,1710.0,1710.0,179,0.0,0.0
147.0,1470.0,1470.0,1470.0,170,0.0,0.0
166.0,1660.0,1660.0,1660.0,169,0.0,0.0
132.0,1320.0,1320.0,1320.0,138,0.0,0.0
171.0,1710.0,1710.0,1710.0,170,0.0,0.0
160.0,1600.0,1600.0,1600.0,159,0.0,0.0
133.0,1330.0,1330.0,1330.0,139,0.0,0.0
125.0,1250.0,1250.0,1250.0,127,0.0,0.0
119.0,1190.0,1190.0,1190.0,125,0.0,0.0
125.0,1250.0,1250.0,1250.0,111,0.0,0.0
90.0,900.0,900.0,900.0,80,0.0,0.0
98.0,980.0,980.0,980.0,112,0.0,0.0
117.0,1170.0,1170.0,1170.0,115,0.0,0.0
101.0,1010.0,1010.0,1010.0,114,0.0,0.0
104.0,1040.0,1040.0,1040.0,112,0.0,0.0
96.0,960.0,960.0,960.0,102,0.0,0.0
123.0,1230.0,1230.0,1230.0,121,0.0,0.0
112.0,1120.0,1120.0,1120.0,133,0.0,0.0
166.0,1660.0,1660.0,1660.0,162,0.0,0.0
168.0,1680.0,1680.0,1680.0,171,0.0,0.0
156.0,1560.0,1560.0,1560.0,165,0.0,0.0
165.0,1650.0,1650.0,1650.0,177,0.0,0.0
104.0,1040.0,1040.0,1040.0,102,0.0,0.0
170.0,1700.0,1700.0,1700.0,174,0.0,0.0
170.0,1700.0,1700.0,1700.0,164,0.0,0.0
130.0,1300.0,1300.0,1300.0,156,0.0,0.0
156.0,1560.0,1560.0,1560.0,162,0.0,0.0
140.0,1400.0,1400.0,1400.0,148,0.0,0.0
154.0,1540.0,1540.0,1540.0,150,0.0,0.0
139.0,1390.0,1390.0,1390.0,138,0.0,0.0
119.0,1190.0,1190.0,1190.0,117,0.0,0.0
108.0,1080.0,1080.0,1080.0,114,0.0,0.0
117.0,1170.0,1170.0,1170.0,114,0.0,0.0
116.0,1160.0,1160.0,1160.0,106,0.0,0.0
22.0,220.0,220.0,220.0,24,0.0,0.0
21.0,210.0,210.0,210.0,21,0.0,0.0
21.0,210.0,210.0,210.0,21,0.0,0.0
22.0,220.0,220.0,220.0,23,0.0,0.0
26.0,260.0,260.0,260.0,23,0.0,0.0
21.0,210.0,210.0,210.0,21,0.0,0.0
22.0,220.0,220.0,220.0,21,0.0,0.0
21.0,210.0,210.0,210.0,24,0.0,0.0
21.0,210.0,210.0,210.0,21,0.0,0.0
21.0,210.0,210.0,210.0,21,0.0,0.0
21.0,210.0,210.0,210.0,23,0.0,0.0
25.0,250.0,250.0,250.0,22,0.0,0.0
21.0,210.0,210.0,210.0,21,0.0,0.0
21.0,210.0,210.0,210.0,21,0.0,0.0
24.0,240.0,240.0,240.0,23,0.0,0.0
21.0,210.0,210.0,210.0,21,0.0,0.0
21.0,210.0,210.0,210.0,21,0.0,0.0
24.0,240.0,240.0,240.0,23,0.0,0.0
21.0,210.0,210.0,210.0,21,0.0,0.0
21.0,210.0,210.0,210.0,21,0.0,0.0
22.0,220.0,220.0,220.0,23,0.0,0.0
21.0,210.0,210.0,210.0,21,0.0,0.0
21.0,210.0,210.0,210.0,21,0.0,0.0
21.0,210.0,210.0,210.0,24,0.0,0.0
63.0,630.0,630.0,630.0,63,0.0,1.0
96.0,960.0,960.0,960.0,105,0.0,1.0
106.0,1060.0,1060.0,1060.0,104,0.0,1.0
92.0,920.0,920.0,920.0,105,0.0,1.0
108.0,1080.0,1080.0,1080.0,107,0.0,1.0
89.0,890.0,890.0,890.0,92,0.0,1.0
102.0,1020.0,1020.0,1020.0,107,0.0,1.0
92.0,920.0,920.0,920.0,61,0.0,1.0
27.0,270.0,270.0,270.0,24,0.0,1.0
22.0,220.0,220.0,220.0,22,0.0,1.0
22.0,220.0,220.0,220.0,22,0.0,1.0
22.0,220.0,220.0,220.0,25,0.0,1.0
22.0,220.0,220.0,220.0,22,0.0,1.0
22.0,220.0,220.0,220.0,22,0.0,1.0
22.0,220.0,220.0,220.0,23,0.0,1.0
28.0,280.0,280.0,280.0,25,0.0,1.0
23.0,230.0,230.0,230.0,23,0.0,1.0
22.0,220.0,220.0,220.0,22,0.0,1.0
22.0,220.0,220.0,220.0,25,0.0,1.0
22.0,220.0,220.0,220.0,22,0.0,1.0
22.0,220.0,220.0,220.0,22,0.0,1.0
23.0,230.0,230.0,230.0,24,0.0,1.0
26.0,260.0,260.0,260.0,23,0.0,1.0
22.0,220.0,220.0,220.0,22,0.0,1.0
23.0,230.0,230.0,230.0,23,0.0,1.0
28.0,280.0,280.0,280.0,24,0.0,1.0
23.0,230.0,230.0,230.0,22,0.0,1.0
23.0,230.0,230.0,230.0,23,0.0,1.0
24.0,240.0,240.0,240.0,25,0.0,1.0
23.0,230.0,230.0,230.0,22,0.0,1.0
22.0,220.0,220.0,220.0,22,0.0,1.0
21.0,210.0,210.0,210.0,24,0.0,1.0
148.0,1480.0,1480.0,1480.0,190,0.0,1.0
192.0,1920.0,1920.0,1920.0,189,0.0,1.0
164.0,1640.0,1640.0,1640.0,185,0.0,1.0
174.0,1740.0,1740.0,1740.0,181,0.0,1.0
132.0,1320.0,1320.0,1320.0,115,0.0,1.0
178.0,1780.0,1780.0,1780.0,190,0.0,1.0
178.0,1780.0,1780.0,1780.0,189,0.0,1.0
151.0,1510.0,1510.0,1510.0,169,0.0,1.0
164.0,1640.0,1640.0,1640.0,160,0.0,1.0
117.0,1170.0,1170.0,1170.0,134,0.0,1.0
155.0,1550.0,1550.0,1550.0,156,0.0,1.0
145.0,1450.0,1450.0,1450.0,143,0.0,1.0
115.0,1150.0,1150.0,1150.0,127,0.0,1.0
121.0,1210.0,1210.0,1210.0,127,0.0,1.0
100.0,1000.0,1000.0,1000.0,114,0.0,1.0
124.0,1240.0,1240.0,1240.0,112,0.0,1.0
69.0,690.0,690.0,690.0,71,0.0,0.0
93.0,930.0,930.0,930.0,108,0.0,0.0
118.0,1180.0,1180.0,1180.0,113,0.0,0.0
96.0,960.0,960.0,960.0,113,0.0,0.0
113.0,1130.0,1130.0,1130.0,117,0.0,0.0
86.0,860.0,860.0,860.0,94,0.0,0.0
117.0,1170.0,1170.0,1170.0,114,0.0,0.0
105.0,1050.0,1050.0,1050.0,139,0.0,0.0
165.0,1650.0,1650.0,1650.0,171,0.0,0.0
170.0,1700.0,1700.0,1700.0,167,0.0,0.0
140.0,1400.0,1400.0,1400.0,172,0.0,0.0
169.0,1690.0,1690.0,1690.0,172,0.0,0.0
116.0,1160.0,1160.0,1160.0,111,0.0,0.0
156.0,1560.0,1560.0,1560.0,166,0.0,0.0
172.0,1720.0,1720.0,1720.0,157,0.0,0.0
125.0,1250.0,1250.0,1250.0,156,0.0,0.0
148.0,1480.0,1480.0,1480.0,160,0.0,0.0
104.0,1040.0,1040.0,1040.0,120,0.0,0.0
164.0,1640.0,1640.0,1640.0,153,0.0,0.0
153.0,1530.0,1530.0,1530.0,156,0.0,0.0
133.0,1330.0,1330.0,1330.0,133,0.0,0.0
123.0,1230.0,1230.0,1230.0,126,0.0,0.0
98.0,980.0,980.0,980.0,114,0.0,0.0
131.0,1310.0,1310.0,1310.0,113,0.0,0.0
70.0,700.0,700.0,700.0,69,0.0,0.0
97.0,970.0,970.0,970.0,103,0.0,0.0
119.0,1190.0,1190.0,1190.0,120,0.0,0.0
92.0,920.0,920.0,920.0,103,0.0,0.0
116.0,1160.0,1160.0,1160.0,112,0.0,0.0
86.0,860.0,860.0,860.0,95,0.0,0.0
125.0,1250.0,1250.0,1250.0,117,0.0,0.0
120.0,1200.0,1200.0,1200.0,140,0.0,0.0
151.0,1510.0,1510.0,1510.0,163,0.0,0.0
162.0,1620.0,1620.0,1620.0,160,0.0,0.0
127.0,1270.0,1270.0,1270.0,148,0.0,0.0
166.0,1660.0,1660.0,1660.0,156,0.0,0.0
97.0,970.0,970.0,970.0,93,0.0,0.0
153.0,1530.0,1530.0,1530.0,153,0.0,0.0
149.0,1490.0,1490.0,1490.0,151,0.0,0.0
132.0,1320.0,1320.0,1320.0,150,0.0,0.0
142.0,1420.0,1420.0,1420.0,160,0.0,0.0
102.0,1020.0,1020.0,1020.0,128,0.0,0.0
166.0,1660.0,1660.0,1660.0,162,0.0,0.0
146.0,1460.0,1460.0,1460.0,137,0.0,0.0
126.0,1260.0,1260.0,1260.0,128,0.0,0.0
126.0,1260.0,1260.0,1260.0,126,0.0,0.0
91.0,910.0,910.0,910.0,114,0.0,0.0
103.0,1030.0,1030.0,1030.0,110,0.0,0.0
73.0,730.0,730.0,730.0,70,0.0,0.0
98.0,980.0,980.0,980.0,111,0.0,0.0
126.0,1260.0,1260.0,1260.0,118,0.0,0.0
106.0,1060.0,1060.0,1060.0,117,0.0,0.0
118.0,1180.0,1180.0,1180.0,116,0.0,0.0
99.0,990.0,990.0,990.0,101,0.0,0.0
124.0,1240.0,1240.0,1240.0,118,0.0,0.0
120.0,1200.0,1200.0,1200.0,149,0.0,0.0
171.0,1710.0,1710.0,1710.0,182,0.0,0.0
154.0,1540.0,1540.0,1540.0,162,0.0,0.0
123.0,1230.0,1230.0,1230.0,154,0.0,0.0
163.0,1630.0,1630.0,1630.0,164,0.0,0.0
113.0,1130.0,1130.0,1130.0,105,0.0,0.0
147.0,1470.0,1470.0,1470.0,171,0.0,0.0
175.0,1750.0,1750.0,1750.0,163,0.0,0.0
114.0,1140.0,1140.0,1140.0,150,0.0,0.0
163.0,1630.0,1630.0,1630.0,162,0.0,0.0
123.0,1230.0,1230.0,1230.0,135,0.0,0.0
152.0,1520.0,1520.0,1520.0,150,0.0,0.0
160.0,1600.0,1600.0,1600.0,159,0.0,0.0
128.0,1280.0,1280.0,1280.0,136,0.0,0.0
140.0,1400.0,1400.0,1400.0,131,0.0,0.0
104.0,1040.0,1040.0,1040.0,121,0.0,0.0
129.0,1290.0,1290.0,1290.0,115,0.0,0.0
74.0,740.0,740.0,740.0,71,0.0,0.0
104.0,1040.0,1040.0,1040.0,119,0.0,0.0
125.0,1250.0,1250.0,1250.0,117,0.0,0.0
98.0,980.0,980.0,980.0,119,0.0,0.0
116.0,1160.0,1160.0,1160.0,118,0.0,0.0
105.0,1050.0,1050.0,1050.0,106,0.0,0.0
108.0,1080.0,1080.0,1080.0,114,0.0,0.0
122.0,1220.0,1220.0,1220.0,135,0.0,0.0
135.0,1350.0,1350.0,1350.0,156,0.0,0.0
162.0,1620.0,1620.0,1620.0,170,0.0,0.0
151.0,1510.0,1510.0,1510.0,172,0.0,0.0
184.0,1840.0,1840.0,1840.0,180,0.0,0.0
136.0,1360.0,1360.0,1360.0,122,0.0,0.0
185.0,1850.0,1850.0,1850.0,179,0.0,0.0
184.0,1840.0,1840.0,1840.0,177,0.0,0.0
152.0,1520.0,1520.0,1520.0,175,0.0,0.0
165.0,1650.0,1650.0,1650.0,166,0.0,0.0
126.0,1260.0,1260.0,1260.0,141,0.0,0.0
164.0,1640.0,1640.0,1640.0,142,0.0,0.0
127.0,1270.0,1270.0,1270.0,110,0.0,0.0
100.0,1000.0,1000.0,1000.0,109,0.0,0.0
121.0,1210.0,1210.0,1210.0,116,0.0,0.0
108.0,1080.0,1080.0,1080.0,123,0.0,0.0
122.0,1220.0,1220.0,1220.0,102,0.0,0.0
22.0,220.0,220.0,220.0,24,0.0,0.0
21.0,210.0,210.0,210.0,21,0.0,0.0
21.0,210.0,210.0,210.0,21,0.0,0.0
22.0,220.0,220.0,220.0,23,0.0,0.0
26.0,260.0,260.0,260.0,23,0.0,0.0
21.0,210.0,210.0,210.0,21,0.0,0.0
22.0,220.0,220.0,220.0,21,0.0,0.0
21.0,210.0,210.0,210.0,24,0.0,0.0
21.0,210.0,210.0,210.0,21,0.0,0.0
21.0,210.0,210.0,210.0,21,0.0,0.0
21.0,210.0,210.0,210.0,23,0.0,0.0
25.0,250.0,250.0,250.0,22,0.0,0.0
21.0,210.0,210.0,210.0,21,0.0,0.0
21.0,210.0,210.0,210.0,21,0.0,0.0
24.0,240.0,240.0,240.0,23,0.0,0.0
21.0,210.0,210.0,210.0,21,0.0,0.0
21.0,210.0,210.0,210.0,21,0.0,0.0
24.0,240.0,240.0,240.0,23,0.0,0.0
21.0,210.0,210.0,210.0,21,0.0,0.0
21.0,210.0,210.0,210.0,21,0.0,0.0
22.0,220.0,220.0,220.0,23,0.0,0.0
21.0,210.0,210.0,210.0,21,0.0,0.0
21.0,210.0,210.0,210.0,21,0.0,0.0
21.0,210.0,210.0,210.0,24,0.0,0.0
63.0,630.0,630.0,630.0,63,0.0,1.0
96.0,960.0,960.0,960.0,105,0.0,1.0
106.0,1060.0,1060.0,1060.0,104,0.0,1.0
92.0,920.0,920.0,920.0,105,0.0,1.0
108.0,1080.0,1080.0,1080.0,107,0.0,1.0
89.0,890.0,890.0,890.0,92,0.0,1.0
102.0,1020.0,1020.0,1020.0,107,0.0,1.0
92.0,920.0,920.0,920.0,61,0.0,1.0
27.0,270.0,270.0,270.0,24,0.0,1.0
22.0,220.0,220.0,220.0,22,0.0,1.0
22.0,220.0,220.0,220.0,22,0.0,1.0
22.0,220.0,220.0,220.0,25,0.0,1.0
22.0,220.0,220.0,220.0,22,0.0,1.0
22.0,220.0,220.0,220.0,22,0.0,1.0
22.0,220.0,220.0,220.0,23,0.0,1.0
28.0,280.0,280.0,280.0,25,0.0,1.0
23.0,230.0,230.0,230.0,23,0.0,1.0
22.0,220.0,220.0,220.0,22,0.0,1.0
22.0,220.0,220.0,220.0,25,0.0,1.0
22.0,220.0,220.0,220.0,22,0.0,1.0
22.0,220.0,220.0,220.0,22,0.0,1.0
23.0,230.0,230.0,230.0,24,0.0,1.0
26.0,260.0,260.0,260.0,23,0.0,1.0
22.0,220.0,220.0,220.0,22,0.0,1.0
24.0,240.0,240.0,240.0,24,0.0,1.0
23.0,230.0,230.0,230.0,26,0.0,1.0
22.0,220.0,220.0,220.0,22,0.0,1.0
23.0,230.0,230.0,230.0,24,0.0,1.0
24.0,240.0,240.0,240.0,26,0.0,1.0
22.0,220.0,220.0,220.0,22,0.0,1.0
23.0,230.0,230.0,230.0,23,0.0,1.0
21.0,210.0,210.0,210.0,24,0.0,1.0
144.0,1440.0,1440.0,1440.0,175,0.0,1.0
185.0,1850.0,1850.0,1850.0,178,0.0,1.0
135.0,1350.0,1350.0,1350.0,167,0.0,1.0
176.0,1760.0,1760.0,1760.0,183,0.0,1.0
131.0,1310.0,1310.0,1310.0,121,0.0,1.0
169.0,1690.0,1690.0,1690.0,185,0.0,1.0
183.0,1830.0,1830.0,1830.0,180,0.0,1.0
155.0,1550.0,1550.0,1550.0,182,0.0,1.0
172.0,1720.0,1720.0,1720.0,168,0.0,1.0
132.0,1320.0,1320.0,1320.0,150,0.0,1.0
183.0,1830.0,1830.0,1830.0,177,0.0,1.0
158.0,1580.0,1580.0,1580.0,153,0.0,1.0
110.0,1100.0,1100.0,1100.0,112,0.0,1.0
115.0,1150.0,1150.0,1150.0,118,0.0,1.0
102.0,1020.0,1020.0,1020.0,109,0.0,1.0
126.0,1260.0,1260.0,1260.0,107,0.0,1.0
67.0,670.0,670.0,670.0,66,0.0,0.0
94.0,940.0,940.0,940.0,104,0.0,0.0
124.0,1240.0,1240.0,1240.0,113,0.0,0.0
90.0,900.0,900.0,900.0,104,0.0,0.0
112.0,1120.0,1120.0,1120.0,110,0.0,0.0
76.0,760.0,760.0,760.0,90,0.0,0.0
119.0,1190.0,1190.0,1190.0,113,0.0,0.0
113.0,1130.0,1130.0,1130.0,137,0.0,0.0
190.0,1900.0,1900.0,1900.0,202,0.0,0.0
183.0,1830.0,1830.0,1830.0,179,0.0,0.0
139.0,1390.0,1390.0,1390.0,163,0.0,0.0
182.0,1820.0,1820.0,1820.0,193,0.0,0.0
134.0,1340.0,1340.0,1340.0,118,0.0,0.0
179.0,1790.0,1790.0,1790.0,187,0.0,0.0
168.0,1680.0,1680.0,1680.0,177,0.0,0.0
139.0,1390.0,1390.0,1390.0,163,0.0,0.0
167.0,1670.0,1670.0,1670.0,164,0.0,0.0
122.0,1220.0,1220.0,1220.0,128,0.0,0.0
160.0,1600.0,1600.0,1600.0,166,0.0,0.0
177.0,1770.0,1770.0,1770.0,160,0.0,0.0
132.0,1320.0,1320.0,1320.0,135,0.0,0.0
125.0,1250.0,1250.0,1250.0,124,0.0,0.0
105.0,1050.0,1050.0,1050.0,113,0.0,0.0
110.0,1100.0,1100.0,1100.0,104,0.0,0.0
69.0,690.0,690.0,690.0,67,0.0,0.0
90.0,900.0,900.0,900.0,104,0.0,0.0
118.0,1180.0,1180.0,1180.0,110,0.0,0.0
101.0,1010.0,1010.0,1010.0,112,0.0,0.0
116.0,1160.0,1160.0,1160.0,109,0.0,0.0
93.0,930.0,930.0,930.0,98,0.0,0.0
113.0,1130.0,1130.0,1130.0,114,0.0,0.0
116.0,1160.0,1160.0,1160.0,132,0.0,0.0
164.0,1640.0,1640.0,1640.0,180,0.0,0.0
184.0,1840.0,1840.0,1840.0,179,0.0,0.0
142.0,1420.0,1420.0,1420.0,159,0.0,0.0
146.0,1460.0,1460.0,1460.0,144,0.0,0.0
119.0,1190.0,1190.0,1190.0,108,0.0,0.0
145.0,1450.0,1450.0,1450.0,167,0.0,0.0
177.0,1770.0,1770.0,1770.0,166,0.0,0.0
133.0,1330.0,1330.0,1330.0,164,0.0,0.0
163.0,1630.0,1630.0,1630.0,161,0.0,0.0
133.0,1330.0,1330.0,1330.0,156,0.0,0.0
153.0,1530.0,1530.0,1530.0,160,0.0,0.0
162.0,1620.0,1620.0,1620.0,141,0.0,0.0
100.0,1000.0,1000.0,1000.0,109,0.0,0.0
113.0,1130.0,1130.0,1130.0,113,0.0,0.0
88.0,880.0,880.0,880.0,106,0.0,0.0
120.0,1200.0,1200.0,1200.0,104,0.0,0.0
22.0,220.0,220.0,220.0,24,0.0,0.0
21.0,210.0,210.0,210.0,21,0.0,0.0
21.0,210.0,210.0,210.0,21,0.0,0.0
22.0,220.0,220.0,220.0,23,0.0,0.0
26.0,260.0,260.0,260.0,23,0.0,0.0
21.0,210.0,210.0,210.0,21,0.0,0.0
22.0,220.0,220.0,220.0,21,0.0,0.0
21.0,210.0,210.0,210.0,24,0.0,0.0
21.0,210.0,210.0,210.0,21,0.0,0.0
21.0,210.0,210.0,210.0,21,0.0,0.0
21.0,210.0,210.0,210.0,23,0.0,0.0
25.0,250.0,250.0,250.0,22,0.0,0.0
21.0,210.0,210.0,210.0,21,0.0,0.0
21.0,210.0,210.0,210.0,21,0.0,0.0
24.0,240.0,240.0,240.0,23,0.0,0.0
21.0,210.0,210.0,210.0,21,0.0,0.0
21.0,210.0,210.0,210.0,21,0.0,0.0
24.0,240.0,240.0,240.0,23,0.0,0.0
21.0,210.0,210.0,210.0,21,0.0,0.0
21.0,210.0,210.0,210.0,21,0.0,0.0
22.0,220.0,220.0,220.0,23,0.0,0.0
21.0,210.0,210.0,210.0,21,0.0,0.0
21.0,210.0,210.0,210.0,21,0.0,0.0
21.0,210.0,210.0,210.0,24,0.0,0.0
26.0,260.0,260.0,260.0,23,0.0,0.0
21.0,210.0,210.0,210.0,21,0.0,0.0
21.0,210.0,210.0,210.0,21,0.0,0.0
24.0,240.0,240.0,240.0,23,0.0,0.0
21.0,210.0,210.0,210.0,21,0.0,0.0
21.0,210.0,210.0,210.0,21,0.0,0.0
23.0,230.0,230.0,230.0,23,0.0,0.0
22.0,220.0,220.0,220.0,59,0.0,0.0
153.0,1530.0,1530.0,1530.0,175,0.0,0.0
181.0,1810.0,1810.0,1810.0,170,0.0,0.0
125.0,1250.0,1250.0,1250.0,149,0.0,0.0
173.0,1730.0,1730.0,1730.0,174,0.0,0.0
105.0,1050.0,1050.0,1050.0,106,0.0,0.0
177.0,1770.0,1770.0,1770.0,179,0.0,0.0
170.0,1700.0,1700.0,1700.0,167,0.0,0.0
125.0,1250.0,1250.0,1250.0,154,0.0,0.0
162.0,1620.0,1620.0,1620.0,147,0.0,0.0
98.0,980.0,980.0,980.0,119,0.0,0.0
128.0,1280.0,1280.0,1280.0,134,0.0,0.0
133.0,1330.0,1330.0,1330.0,122,0.0,0.0
108.0,1080.0,1080.0,1080.0,110,0.0,0.0
100.0,1000.0,1000.0,1000.0,104,0.0,0.0
92.0,920.0,920.0,920.0,105,0.0,0.0
103.0,1030.0,1030.0,1030.0,99,0.0,0.0
68.0,680.0,680.0,680.0,65,0.0,0.0
97.0,970.0,970.0,970.0,108,0.0,0.0
120.0,1200.0,1200.0,1200.0,116,0.0,0.0
90.0,900.0,900.0,900.0,104,0.0,0.0
101.0,1010.0,1010.0,1010.0,101,0.0,0.0
79.0,790.0,790.0,790.0,85,0.0,0.0
109.0,1090.0,1090.0,1090.0,111,0.0,0.0
108.0,1080.0,1080.0,1080.0,126,0.0,0.0
162.0,1620.0,1620.0,1620.0,171,0.0,0.0
169.0,1690.0,1690.0,1690.0,168,0.0,0.0
129.0,1290.0,1290.0,1290.0,161,0.0,0.0
178.0,1780.0,1780.0,1780.0,173,0.0,0.0
105.0,1050.0,1050.0,1050.0,104,0.0,0.0
170.0,1700.0,1700.0,1700.0,165,0.0,0.0
161.0,1610.0,1610.0,1610.0,166,0.0,0.0
133.0,1330.0,1330.0,1330.0,159,0.0,0.0
161.0,1610.0,1610.0,1610.0,161,0.0,0.0
110.0,1100.0,1100.0,1100.0,123,0.0,0.0
150.0,1500.0,1500.0,1500.0,163,0.0,0.0
159.0,1590.0,1590.0,1590.0,158,0.0,0.0
122.0,1220.0,1220.0,1220.0,124,0.0,0.0
125.0,1250.0,1250.0,1250.0,125,0.0,0.0
98.0,980.0,980.0,980.0,105,0.0,0.0
106.0,1060.0,1060.0,1060.0,95,0.0,0.0
76.0,760.0,760.0,760.0,70,0.0,1.0
95.0,950.0,950.0,950.0,107,0.0,1.0
118.0,1180.0,1180.0,1180.0,109,0.0,1.0
89.0,890.0,890.0,890.0,100,0.0,1.0
101.0,1010.0,1010.0,1010.0,102,0.0,1.0
82.0,820.0,820.0,820.0,86,0.0,1.0
103.0,1030.0,1030.0,1030.0,101,0.0,1.0
97.0,970.0,970.0,970.0,72,0.0,1.0
21.0,210.0,210.0,210.0,23,0.0,1.0
21.0,210.0,210.0,210.0,21,0.0,1.0
21.0,210.0,210.0,210.0,21,0.0,1.0
21.0,210.0,210.0,210.0,23,0.0,1.0
24.0,240.0,240.0,240.0,22,0.0,1.0
21.0,210.0,210.0,210.0,21,0.0,1.0
20.0,200.0,200.0,200.0,21,0.0,1.0
25.0,250.0,250.0,250.0,23,0.0,1.0
21.0,210.0,210.0,210.0,21,0.0,1.0
21.0,210.0,210.0,210.0,21,0.0,1.0
21.0,210.0,210.0,210.0,23,0.0,1.0
20.0,200.0,200.0,200.0,21,0.0,1.0
20.0,200.0,200.0,200.0,21,0.0,1.0
22.0,220.0,220.0,220.0,24,0.0,1.0
21.0,210.0,210.0,210.0,21,0.0,1.0
21.0,210.0,210.0,210.0,21,0.0,1.0
21.0,210.0,210.0,210.0,21,0.0,1.0
25.0,250.0,250.0,250.0,23,0.0,1.0
21.0,210.0,210.0,210.0,21,0.0,1.0
21.0,210.0,210.0,210.0,21,0.0,1.0
23.0,230.0,230.0,230.0,24,0.0,1.0
21.0,210.0,210.0,210.0,21,0.0,1.0
21.0,210.0,210.0,210.0,21,0.0,1.0
21.0,210.0,210.0,210.0,24,0.0,1.0
21.0,210.0,210.0,210.0,21,0.0,1.0
21.0,210.0,210.0,210.0,21,0.0,1.0
21.0,210.0,210.0,210.0,22,0.0,1.0
24.0,240.0,240.0,240.0,22,0.0,1.0
21.0,210.0,210.0,210.0,21,0.0,1.0
21.0,210.0,210.0,210.0,21,0.0,1.0
26.0,260.0,260.0,260.0,23,0.0,1.0
20.0,200.0,200.0,200.0,21,0.0,1.0
20.0,200.0,200.0,200.0,20,0.0,1.0
22.0,220.0,220.0,220.0,23,0.0,1.0
20.0,200.0,200.0,200.0,20,0.0,1.0
20.0,200.0,200.0,200.0,20,0.0,1.0
20.0,200.0,200.0,200.0,23,0.0,1.0
22.0,220.0,220.0,220.0,22,0.0,1.0
21.0,210.0,210.0,210.0,21,0.0,1.0
21.0,210.0,210.0,210.0,22,0.0,1.0
26.0,260.0,260.0,260.0,23,0.0,0.0
21.0,210.0,210.0,210.0,21,0.0,0.0
21.0,210.0,210.0,210.0,21,0.0,0.0
24.0,240.0,240.0,240.0,23,0.0,0.0
21.0,210.0,210.0,210.0,21,0.0,0.0
21.0,210.0,210.0,210.0,21,0.0,0.0
23.0,230.0,230.0,230.0,23,0.0,0.0
22.0,220.0,220.0,220.0,59,0.0,0.0
153.0,1530.0,1530.0,1530.0,175,0.0,0.0
181.0,1810.0,1810.0,1810.0,170,0.0,0.0
125.0,1250.0,1250.0,1250.0,149,0.0,0.0
173.0,1730.0,1730.0,1730.0,174,0.0,0.0
105.0,1050.0,1050.0,1050.0,106,0.0,0.0
177.0,1770.0,1770.0,1770.0,179,0.0,0.0
170.0,1700.0,1700.0,1700.0,167,0.0,0.0
125.0,1250.0,1250.0,1250.0,154,0.0,0.0
162.0,1620.0,1620.0,1620.0,147,0.0,0.0
98.0,980.0,980.0,980.0,119,0.0,0.0
128.0,1280.0,1280.0,1280.0,134,0.0,0.0
133.0,1330.0,1330.0,1330.0,122,0.0,0.0
108.0,1080.0,1080.0,1080.0,110,0.0,0.0
100.0,1000.0,1000.0,1000.0,104,0.0,0.0
92.0,920.0,920.0,920.0,105,0.0,0.0
103.0,1030.0,1030.0,1030.0,99,0.0,0.0
68.0,680.0,680.0,680.0,65,0.0,0.0
97.0,970.0,970.0,970.0,108,0.0,0.0
120.0,1200.0,1200.0,1200.0,116,0.0,0.0
90.0,900.0,900.0,900.0,104,0.0,0.0
101.0,1010.0,1010.0,1010.0,101,0.0,0.0
79.0,790.0,790.0,790.0,85,0.0,0.0
109.0,1090.0,1090.0,1090.0,111,0.0,0.0
108.0,1080.0,1080.0,1080.0,126,0.0,0.0
162.0,1620.0,1620.0,1620.0,171,0.0,0.0
169.0,1690.0,1690.0,1690.0,168,0.0,0.0
129.0,1290.0,1290.0,1290.0,161,0.0,0.0
178.0,1780.0,1780.0,1780.0,173,0.0,0.0
105.0,1050.0,1050.0,1050.0,104,0.0,0.0
170.0,1700.0,1700.0,1700.0,165,0.0,0.0
161.0,1610.0,1610.0,1610.0,166,0.0,0.0
133.0,1330.0,1330.0,1330.0,159,0.0,0.0
161.0,1610.0,1610.0,1610.0,161,0.0,0.0
110.0,1100.0,1100.0,1100.0,123,0.0,0.0
150.0,1500.0,1500.0,1500.0,163,0.0,0.0
159.0,1590.0,1590.0,1590.0,158,0.0,0.0
122.0,1220.0,1220.0,1220.0,124,0.0,0.0
125.0,1250.0,1250.0,1250.0,125,0.0,0.0
98.0,980.0,980.0,980.0,105,0.0,0.0
106.0,1060.0,1060.0,1060.0,95,0.0,0.0
21.0,210.0,210.0,210.0,21,0.0,0.0
21.0,210.0,210.0,210.0,21,0.0,0.0
21.0,210.0,210.0,210.0,23,0.0,0.0
24.0,240.0,240.0,240.0,22,0.0,0.0
21.0,210.0,210.0,210.0,21,0.0,0.0
21.0,210.0,210.0,210.0,22,0.0,0.0
26.0,260.0,260.0,260.0,23,0.0,0.0
21.0,210.0,210.0,210.0,56,0.0,0.0
160.0,1600.0,1600.0,1600.0,185,0.0,0.0
185.0,1850.0,1850.0,1850.0,186,0.0,0.0
144.0,1440.0,1440.0,1440.0,165,0.0,0.0
164.0,1640.0,1640.0,1640.0,171,0.0,0.0
108.0,1080.0,1080.0,1080.0,101,0.0,0.0
173.0,1730.0,1730.0,1730.0,166,0.0,0.0
154.0,1540.0,1540.0,1540.0,160,0.0,0.0
126.0,1260.0,1260.0,1260.0,155,0.0,0.0
149.0,1490.0,1490.0,1490.0,159,0.0,0.0
107.0,1070.0,1070.0,1070.0,125,0.0,0.0
140.0,1400.0,1400.0,1400.0,125,0.0,0.0
124.0,1240.0,1240.0,1240.0,115,0.0,0.0
120.0,1200.0,1200.0,1200.0,128,0.0,0.0
128.0,1280.0,1280.0,1280.0,121,0.0,0.0
104.0,1040.0,1040.0,1040.0,114,0.0,0.0
99.0,990.0,990.0,990.0,101,0.0,0.0
72.0,720.0,720.0,720.0,67,0.0,0.0
93.0,930.0,930.0,930.0,104,0.0,0.0
106.0,1060.0,1060.0,1060.0,102,0.0,0.0
97.0,970.0,970.0,970.0,105,0.0,0.0
96.0,960.0,960.0,960.0,98,0.0,0.0
81.0,810.0,810.0,810.0,89,0.0,0.0
115.0,1150.0,1150.0,1150.0,107,0.0,0.0
101.0,1010.0,1010.0,1010.0,118,0.0,0.0
153.0,1530.0,1530.0,1530.0,172,0.0,0.0
172.0,1720.0,1720.0,1720.0,170,0.0,0.0
127.0,1270.0,1270.0,1270.0,158,0.0,0.0
167.0,1670.0,1670.0,1670.0,164,0.0,0.0
103.0,1030.0,1030.0,1030.0,106,0.0,0.0
174.0,1740.0,1740.0,1740.0,167,0.0,0.0
149.0,1490.0,1490.0,1490.0,153,0.0,0.0
107.0,1070.0,1070.0,1070.0,133,0.0,0.0
137.0,1370.0,1370.0,1370.0,145,0.0,0.0
111.0,1110.0,1110.0,1110.0,120,0.0,0.0
110.0,1100.0,1100.0,1100.0,108,0.0,0.0
106.0,1060.0,1060.0,1060.0,100,0.0,0.0
102.0,1020.0,1020.0,1020.0,103,0.0,0.0
107.0,1070.0,1070.0,1070.0,102,0.0,0.0
91.0,910.0,910.0,910.0,100,0.0,0.0
101.0,1010.0,1010.0,1010.0,85,0.0,0.0
23.0,230.0,230.0,230.0,23,0.0,0.0
22.0,220.0,220.0,220.0,23,0.0,0.0
23.0,230.0,230.0,230.0,25,0.0,0.0
23.0,230.0,230.0,230.0,23,0.0,0.0
23.0,230.0,230.0,230.0,23,0.0,0.0
22.0,220.0,220.0,220.0,24,0.0,0.0
27.0,270.0,270.0,270.0,24,0.0,0.0
26.0,260.0,260.0,260.0,64,0.0,0.0
160.0,1600.0,1600.0,1600.0,177,0.0,0.0
164.0,1640.0,1640.0,1640.0,158,0.0,0.0
128.0,1280.0,1280.0,1280.0,157,0.0,0.0
173.0,1730.0,1730.0,1730.0,164,0.0,0.0
110.0,1100.0,1100.0,1100.0,106,0.0,0.0
155.0,1550.0,1550.0,1550.0,158,0.0,0.0
149.0,1490.0,1490.0,1490.0,154,0.0,0.0
125.0,1250.0,1250.0,1250.0,141,0.0,0.0
147.0,1470.0,1470.0,1470.0,153,0.0,0.0
110.0,1100.0,1100.0,1100.0,128,0.0,0.0
153.0,1530.0,1530.0,1530.0,159,0.0,0.0
155.0,1550.0,1550.0,1550.0,142,0.0,0.0
111.0,1110.0,1110.0,1110.0,111,0.0,0.0
121.0,1210.0,1210.0,1210.0,120,0.0,0.0
92.0,920.0,920.0,920.0,112,0.0,0.0
110.0,1100.0,1100.0,1100.0,101,0.0,0.0
60.0,600.0,600.0,600.0,61,0.0,1.0
95.0,950.0,950.0,950.0,104,0.0,1.0
105.0,1050.0,1050.0,1050.0,103,0.0,1.0
92.0,920.0,920.0,920.0,103,0.0,1.0
114.0,1140.0,1140.0,1140.0,106,0.0,1.0
78.0,780.0,780.0,780.0,87,0.0,1.0
114.0,1140.0,1140.0,1140.0,104,0.0,1.0
88.0,880.0,880.0,880.0,63,0.0,1.0
22.0,220.0,220.0,220.0,24,0.0,1.0
23.0,230.0,230.0,230.0,22,0.0,1.0
22.0,220.0,220.0,220.0,22,0.0,1.0
22.0,220.0,220.0,220.0,25,0.0,1.0
22.0,220.0,220.0,220.0,23,0.0,1.0
22.0,220.0,220.0,220.0,22,0.0,1.0
22.0,220.0,220.0,220.0,23,0.0,1.0
27.0,270.0,270.0,270.0,24,0.0,1.0
22.0,220.0,220.0,220.0,23,0.0,1.0
23.0,230.0,230.0,230.0,22,0.0,1.0
25.0,250.0,250.0,250.0,24,0.0,1.0
22.0,220.0,220.0,220.0,22,0.0,1.0
22.0,220.0,220.0,220.0,22,0.0,1.0
25.0,250.0,250.0,250.0,25,0.0,1.0
23.0,230.0,230.0,230.0,23,0.0,1.0
22.0,220.0,220.0,220.0,23,0.0,1.0
20.0,200.0,200.0,200.0,20,0.0,1.0
24.0,240.0,240.0,240.0,23,0.0,1.0
20.0,200.0,200.0,200.0,20,0.0,1.0
20.0,200.0,200.0,200.0,20,0.0,1.0
20.0,200.0,200.0,200.0,22,0.0,1.0
20.0,200.0,200.0,200.0,20,0.0,1.0
20.0,200.0,200.0,200.0,20,0.0,1.0
19.0,190.0,190.0,190.0,20,0.0,1.0
24.0,240.0,240.0,240.0,21,0.0,1.0
20.0,200.0,200.0,200.0,20,0.0,1.0
20.0,200.0,200.0,200.0,21,0.0,1.0
24.0,240.0,240.0,240.0,21,0.0,1.0
20.0,200.0,200.0,200.0,20,0.0,1.0
20.0,200.0,200.0,200.0,20,0.0,1.0
25.0,250.0,250.0,250.0,22,0.0,1.0
20.0,200.0,200.0,200.0,20,0.0,1.0
20.0,200.0,200.0,200.0,20,0.0,1.0
21.0,210.0,210.0,210.0,23,0.0,1.0
20.0,200.0,200.0,200.0,19,0.0,1.0
19.0,190.0,190.0,190.0,20,0.0,1.0
19.0,190.0,190.0,190.0,21,0.0,1.0
24.0,240.0,240.0,240.0,21,0.0,1.0
20.0,200.0,200.0,200.0,20,0.0,1.0
20.0,200.0,200.0,200.0,21,0.0,1.0
71.0,710.0,710.0,710.0,64,0.0,0.0
85.0,850.0,850.0,850.0,93,0.0,0.0
91.0,910.0,910.0,910.0,94,0.0,0.0
74.0,740.0,740.0,740.0,88,0.0,0.0
91.0,910.0,910.0,910.0,85,0.0,0.0
67.0,670.0,670.0,670.0,81,0.0,0.0
102.0,1020.0,1020.0,1020.0,95,0.0,0.0
94.0,940.0,940.0,940.0,115,0.0,0.0
160.0,1600.0,1600.0,1600.0,170,0.0,0.0
166.0,1660.0,1660.0,1660.0,171,0.0,0.0
133.0,1330.0,1330.0,1330.0,159,0.0,0.0
164.0,1640.0,1640.0,1640.0,167,0.0,0.0
101.0,1010.0,1010.0,1010.0,99,0.0,0.0
182.0,1820.0,1820.0,1820.0,177,0.0,0.0
159.0,1590.0,1590.0,1590.0,167,0.0,0.0
126.0,1260.0,1260.0,1260.0,162,0.0,0.0
163.0,1630.0,1630.0,1630.0,154,0.0,0.0
102.0,1020.0,1020.0,1020.0,118,0.0,0.0
146.0,1460.0,1460.0,1460.0,146,0.0,0.0
154.0,1540.0,1540.0,1540.0,144,0.0,0.0
108.0,1080.0,1080.0,1080.0,115,0.0,0.0
113.0,1130.0,1130.0,1130.0,112,0.0,0.0
92.0,920.0,920.0,920.0,100,0.0,0.0
104.0,1040.0,1040.0,1040.0,93,0.0,0.0
71.0,710.0,710.0,710.0,64,0.0,0.0
85.0,850.0,850.0,850.0,93,0.0,0.0
91.0,910.0,910.0,910.0,94,0.0,0.0
74.0,740.0,740.0,740.0,88,0.0,0.0
91.0,910.0,910.0,910.0,85,0.0,0.0
67.0,670.0,670.0,670.0,81,0.0,0.0
102.0,1020.0,1020.0,1020.0,95,0.0,0.0
94.0,940.0,940.0,940.0,115,0.0,0.0
160.0,1600.0,1600.0,1600.0,170,0.0,0.0
166.0,1660.0,1660.0,1660.0,171,0.0,0.0
133.0,1330.0,1330.0,1330.0,159,0.0,0.0
164.0,1640.0,1640.0,1640.0,167,0.0,0.0
101.0,1010.0,1010.0,1010.0,99,0.0,0.0
182.0,1820.0,1820.0,1820.0,177,0.0,0.0
159.0,1590.0,1590.0,1590.0,167,0.0,0.0
126.0,1260.0,1260.0,1260.0,162,0.0,0.0
163.0,1630.0,1630.0,1630.0,154,0.0,0.0
102.0,1020.0,1020.0,1020.0,118,0.0,0.0
146.0,1460.0,1460.0,1460.0,146,0.0,0.0
154.0,1540.0,1540.0,1540.0,144,0.0,0.0
108.0,1080.0,1080.0,1080.0,115,0.0,0.0
113.0,1130.0,1130.0,1130.0,112,0.0,0.0
92.0,920.0,920.0,920.0,100,0.0,0.0
104.0,1040.0,1040.0,1040.0,93,0.0,0.0
71.0,710.0,710.0,710.0,64,0.0,0.0
85.0,850.0,850.0,850.0,93,0.0,0.0
91.0,910.0,910.0,910.0,94,0.0,0.0
74.0,740.0,740.0,740.0,88,0.0,0.0
91.0,910.0,910.0,910.0,85,0.0,0.0
67.0,670.0,670.0,670.0,81,0.0,0.0
102.0,1020.0,1020.0,1020.0,95,0.0,0.0
94.0,940.0,940.0,940.0,115,0.0,0.0
160.0,1600.0,1600.0,1600.0,170,0.0,0.0
166.0,1660.0,1660.0,1660.0,171,0.0,0.0
133.0,1330.0,1330.0,1330.0,159,0.0,0.0
164.0,1640.0,1640.0,1640.0,167,0.0,0.0
101.0,1010.0,1010.0,1010.0,99,0.0,0.0
182.0,1820.0,1820.0,1820.0,177,0.0,0.0
159.0,1590.0,1590.0,1590.0,167,0.0,0.0
126.0,1260.0,1260.0,1260.0,162,0.0,0.0
163.0,1630.0,1630.0,1630.0,154,0.0,0.0
102.0,1020.0,1020.0,1020.0,118,0.0,0.0
146.0,1460.0,1460.0,1460.0,146,0.0,0.0
154.0,1540.0,1540.0,1540.0,144,0.0,0.0
108.0,1080.0,1080.0,1080.0,115,0.0,0.0
113.0,1130.0,1130.0,1130.0,112,0.0,0.0
92.0,920.0,920.0,920.0,100,0.0,0.0
104.0,1040.0,1040.0,1040.0,93,0.0,0.0
71.0,710.0,710.0,710.0,64,0.0,0.0
85.0,850.0,850.0,850.0,93,0.0,0.0
91.0,910.0,910.0,910.0,94,0.0,0.0
74.0,740.0,740.0,740.0,88,0.0,0.0
91.0,910.0,910.0,910.0,85,0.0,0.0
67.0,670.0,670.0,670.0,81,0.0,0.0
102.0,1020.0,1020.0,1020.0,95,0.0,0.0
94.0,940.0,940.0,940.0,115,0.0,0.0
160.0,1600.0,1600.0,1600.0,170,0.0,0.0
166.0,1660.0,1660.0,1660.0,171,0.0,0.0
133.0,1330.0,1330.0,1330.0,159,0.0,0.0
164.0,1640.0,1640.0,1640.0,167,0.0,0.0
101.0,1010.0,1010.0,1010.0,99,0.0,0.0
182.0,1820.0,1820.0,1820.0,177,0.0,0.0
159.0,1590.0,1590.0,1590.0,167,0.0,0.0
126.0,1260.0,1260.0,1260.0,162,0.0,0.0
163.0,1630.0,1630.0,1630.0,154,0.0,0.0
102.0,1020.0,1020.0,1020.0,118,0.0,0.0
146.0,1460.0,1460.0,1460.0,146,0.0,0.0
154.0,1540.0,1540.0,1540.0,144,0.0,0.0
108.0,1080.0,1080.0,1080.0,115,0.0,0.0
113.0,1130.0,1130.0,1130.0,112,0.0,0.0
92.0,920.0,920.0,920.0,100,0.0,0.0
104.0,1040.0,1040.0,1040.0,93,0.0,0.0
71.0,710.0,710.0,710.0,64,0.0,0.0
85.0,850.0,850.0,850.0,93,0.0,0.0
91.0,910.0,910.0,910.0,94,0.0,0.0
74.0,740.0,740.0,740.0,88,0.0,0.0
91.0,910.0,910.0,910.0,85,0.0,0.0
67.0,670.0,670.0,670.0,81,0.0,0.0
102.0,1020.0,1020.0,1020.0,95,0.0,0.0
94.0,940.0,940.0,940.0,115,0.0,0.0
160.0,1600.0,1600.0,1600.0,170,0.0,0.0
166.0,1660.0,1660.0,1660.0,171,0.0,0.0
133.0,1330.0,1330.0,1330.0,159,0.0,0.0
164.0,1640.0,1640.0,1640.0,167,0.0,0.0
101.0,1010.0,1010.0,1010.0,99,0.0,0.0
182.0,1820.0,1820.0,1820.0,177,0.0,0.0
159.0,1590.0,1590.0,1590.0,167,0.0,0.0
126.0,1260.0,1260.0,1260.0,162,0.0,0.0
163.0,1630.0,1630.0,1630.0,154,0.0,0.0
102.0,1020.0,1020.0,1020.0,118,0.0,0.0
146.0,1460.0,1460.0,1460.0,146,0.0,0.0
154.0,1540.0,1540.0,1540.0,144,0.0,0.0
108.0,1080.0,1080.0,1080.0,115,0.0,0.0
113.0,1130.0,1130.0,1130.0,112,0.0,0.0
92.0,920.0,920.0,920.0,100,0.0,0.0
104.0,1040.0,1040.0,1040.0,93,0.0,0.0
60.0,600.0,600.0,600.0,61,0.0,1.0
95.0,950.0,950.0,950.0,104,0.0,1.0
105.0,1050.0,1050.0,1050.0,103,0.0,1.0
92.0,920.0,920.0,920.0,103,0.0,1.0
114.0,1140.0,1140.0,1140.0,106,0.0,1.0
78.0,780.0,780.0,780.0,87,0.0,1.0
114.0,1140.0,1140.0,1140.0,104,0.0,1.0
88.0,880.0,880.0,880.0,63,0.0,1.0
22.0,220.0,220.0,220.0,24,0.0,1.0
23.0,230.0,230.0,230.0,22,0.0,1.0
22.0,220.0,220.0,220.0,22,0.0,1.0
22.0,220.0,220.0,220.0,25,0.0,1.0
22.0,220.0,220.0,220.0,23,0.0,1.0
22.0,220.0,220.0,220.0,22,0.0,1.0
22.0,220.0,220.0,220.0,23,0.0,1.0
27.0,270.0,270.0,270.0,24,0.0,1.0
22.0,220.0,220.0,220.0,23,0.0,1.0
23.0,230.0,230.0,230.0,22,0.0,1.0
25.0,250.0,250.0,250.0,24,0.0,1.0
22.0,220.0,220.0,220.0,22,0.0,1.0
22.0,220.0,220.0,220.0,22,0.0,1.0
25.0,250.0,250.0,250.0,25,0.0,1.0
23.0,230.0,230.0,230.0,23,0.0,1.0
22.0,220.0,220.0,220.0,23,0.0,1.0
20.0,200.0,200.0,200.0,20,0.0,1.0
24.0,240.0,240.0,240.0,23,0.0,1.0
20.0,200.0,200.0,200.0,20,0.0,1.0
20.0,200.0,200.0,200.0,20,0.0,1.0
20.0,200.0,200.0,200.0,22,0.0,1.0
20.0,200.0,200.0,200.0,20,0.0,1.0
20.0,200.0,200.0,200.0,20,0.0,1.0
19.0,190.0,190.0,190.0,20,0.0,1.0
24.0,240.0,240.0,240.0,21,0.0,1.0
20.0,200.0,200.0,200.0,20,0.0,1.0
20.0,200.0,200.0,200.0,21,0.0,1.0
24.0,240.0,240.0,240.0,21,0.0,1.0
20.0,200.0,200.0,200.0,20,0.0,1.0
20.0,200.0,200.0,200.0,20,0.0,1.0
25.0,250.0,250.0,250.0,22,0.0,1.0
20.0,200.0,200.0,200.0,20,0.0,1.0
20.0,200.0,200.0,200.0,20,0.0,1.0
21.0,210.0,210.0,210.0,23,0.0,1.0
20.0,200.0,200.0,200.0,19,0.0,1.0
19.0,190.0,190.0,190.0,20,0.0,1.0
19.0,190.0,190.0,190.0,21,0.0,1.0
24.0,240.0,240.0,240.0,21,0.0,1.0
20.0,200.0,200.0,200.0,20,0.0,1.0
20.0,200.0,200.0,200.0,21,0.0,1.0
21.0,210.0,210.0,210.0,20,0.0,0.0
23.0,230.0,230.0,230.0,23,0.0,0.0
20.0,200.0,200.0,200.0,20,0.0,0.0
21.0,210.0,210.0,210.0,20,0.0,0.0
21.0,210.0,210.0,210.0,23,0.0,0.0
20.0,200.0,200.0,200.0,20,0.0,0.0
20.0,200.0,200.0,200.0,20,0.0,0.0
26.0,260.0,260.0,260.0,54,0.0,0.0
146.0,1460.0,1460.0,1460.0,160,0.0,0.0
167.0,1670.0,1670.0,1670.0,163,0.0,0.0
132.0,1320.0,1320.0,1320.0,155,0.0,0.0
168.0,1680.0,1680.0,1680.0,164,0.0,0.0
114.0,1140.0,1140.0,1140.0,104,0.0,0.0
147.0,1470.0,1470.0,1470.0,155,0.0,0.0
153.0,1530.0,1530.0,1530.0,159,0.0,0.0
132.0,1320.0,1320.0,1320.0,154,0.0,0.0
152.0,1520.0,1520.0,1520.0,147,0.0,0.0
106.0,1060.0,1060.0,1060.0,129,0.0,0.0
152.0,1520.0,1520.0,1520.0,147,0.0,0.0
131.0,1310.0,1310.0,1310.0,130,0.0,0.0
102.0,1020.0,1020.0,1020.0,106,0.0,0.0
106.0,1060.0,1060.0,1060.0,106,0.0,0.0
82.0,820.0,820.0,820.0,105,0.0,0.0
112.0,1120.0,1120.0,1120.0,98,0.0,0.0
21.0,210.0,210.0,210.0,20,0.0,0.0
23.0,230.0,230.0,230.0,23,0.0,0.0
20.0,200.0,200.0,200.0,20,0.0,0.0
21.0,210.0,210.0,210.0,20,0.0,0.0
21.0,210.0,210.0,210.0,23,0.0,0.0
20.0,200.0,200.0,200.0,20,0.0,0.0
20.0,200.0,200.0,200.0,20,0.0,0.0
26.0,260.0,260.0,260.0,54,0.0,0.0
146.0,1460.0,1460.0,1460.0,160,0.0,0.0
167.0,1670.0,1670.0,1670.0,163,0.0,0.0
132.0,1320.0,1320.0,1320.0,155,0.0,0.0
168.0,1680.0,1680.0,1680.0,164,0.0,0.0
114.0,1140.0,1140.0,1140.0,104,0.0,0.0
147.0,1470.0,1470.0,1470.0,155,0.0,0.0
153.0,1530.0,1530.0,1530.0,159,0.0,0.0
132.0,1320.0,1320.0,1320.0,154,0.0,0.0
152.0,1520.0,1520.0,1520.0,147,0.0,0.0
106.0,1060.0,1060.0,1060.0,129,0.0,0.0
152.0,1520.0,1520.0,1520.0,147,0.0,0.0
131.0,1310.0,1310.0,1310.0,130,0.0,0.0
102.0,1020.0,1020.0,1020.0,106,0.0,0.0
106.0,1060.0,1060.0,1060.0,106,0.0,0.0
82.0,820.0,820.0,820.0,105,0.0,0.0
112.0,1120.0,1120.0,1120.0,98,0.0,0.0
62.0,620.0,620.0,620.0,58,0.0,0.0
82.0,820.0,820.0,820.0,99,0.0,0.0
98.0,980.0,980.0,980.0,101,0.0,0.0
81.0,810.0,810.0,810.0,98,0.0,0.0
91.0,910.0,910.0,910.0,104,0.0,0.0
80.0,800.0,800.0,800.0,89,0.0,0.0
112.0,1120.0,1120.0,1120.0,106,0.0,0.0
104.0,1040.0,1040.0,1040.0,122,0.0,0.0
162.0,1620.0,1620.0,1620.0,163,0.0,0.0
163.0,1630.0,1630.0,1630.0,153,0.0,0.0
125.0,1250.0,1250.0,1250.0,161,0.0,0.0
165.0,1650.0,1650.0,1650.0,156,0.0,0.0
102.0,1020.0,1020.0,1020.0,92,0.0,0.0
145.0,1450.0,1450.0,1450.0,151,0.0,0.0
156.0,1560.0,1560.0,1560.0,161,0.0,0.0
123.0,1230.0,1230.0,1230.0,148,0.0,0.0
155.0,1550.0,1550.0,1550.0,151,0.0,0.0
107.0,1070.0,1070.0,1070.0,112,0.0,0.0
130.0,1300.0,1300.0,1300.0,141,0.0,0.0
138.0,1380.0,1380.0,1380.0,130,0.0,0.0
106.0,1060.0,1060.0,1060.0,119,0.0,0.0
122.0,1220.0,1220.0,1220.0,119,0.0,0.0
85.0,850.0,850.0,850.0,106,0.0,0.0
117.0,1170.0,1170.0,1170.0,100,0.0,0.0
62.0,620.0,620.0,620.0,58,0.0,0.0
82.0,820.0,820.0,820.0,99,0.0,0.0
98.0,980.0,980.0,980.0,101,0.0,0.0
81.0,810.0,810.0,810.0,98,0.0,0.0
91.0,910.0,910.0,910.0,104,0.0,0.0
80.0,800.0,800.0,800.0,89,0.0,0.0
112.0,1120.0,1120.0,1120.0,106,0.0,0.0
104.0,1040.0,1040.0,1040.0,122,0.0,0.0
162.0,1620.0,1620.0,1620.0,163,0.0,0.0
163.0,1630.0,1630.0,1630.0,153,0.0,0.0
125.0,1250.0,1250.0,1250.0,161,0.0,0.0
165.0,1650.0,1650.0,1650.0,156,0.0,0.0
102.0,1020.0,1020.0,1020.0,92,0.0,0.0
145.0,1450.0,1450.0,1450.0,151,0.0,0.0
156.0,1560.0,1560.0,1560.0,161,0.0,0.0
123.0,1230.0,1230.0,1230.0,148,0.0,0.0
155.0,1550.0,1550.0,1550.0,151,0.0,0.0
107.0,1070.0,1070.0,1070.0,112,0.0,0.0
130.0,1300.0,1300.0,1300.0,141,0.0,0.0
138.0,1380.0,1380.0,1380.0,130,0.0,0.0
106.0,1060.0,1060.0,1060.0,119,0.0,0.0
122.0,1220.0,1220.0,1220.0,119,0.0,0.0
85.0,850.0,850.0,850.0,106,0.0,0.0
117.0,1170.0,1170.0,1170.0,100,0.0,0.0
62.0,620.0,620.0,620.0,58,0.0,0.0
82.0,820.0,820.0,820.0,99,0.0,0.0
98.0,980.0,980.0,980.0,101,0.0,0.0
81.0,810.0,810.0,810.0,98,0.0,0.0
91.0,910.0,910.0,910.0,104,0.0,0.0
80.0,800.0,800.0,800.0,89,0.0,0.0
112.0,1120.0,1120.0,1120.0,106,0.0,0.0
104.0,1040.0,1040.0,1040.0,122,0.0,0.0
162.0,1620.0,1620.0,1620.0,163,0.0,0.0
163.0,1630.0,1630.0,1630.0,153,0.0,0.0
125.0,1250.0,1250.0,1250.0,161,0.0,0.0
165.0,1650.0,1650.0,1650.0,156,0.0,0.0
102.0,1020.0,1020.0,1020.0,92,0.0,0.0
145.0,1450.0,1450.0,1450.0,151,0.0,0.0
156.0,1560.0,1560.0,1560.0,161,0.0,0.0
123.0,1230.0,1230.0,1230.0,148,0.0,0.0
155.0,1550.0,1550.0,1550.0,151,0.0,0.0
107.0,1070.0,1070.0,1070.0,112,0.0,0.0
130.0,1300.0,1300.0,1300.0,141,0.0,0.0
138.0,1380.0,1380.0,1380.0,130,0.0,0.0
106.0,1060.0,1060.0,1060.0,119,0.0,0.0
122.0,1220.0,1220.0,1220.0,119,0.0,0.0
85.0,850.0,850.0,850.0,106,0.0,0.0
117.0,1170.0,1170.0,1170.0,100,0.0,0.0
57.0,570.0,570.0,570.0,59,0.0,1.0
91.0,910.0,910.0,910.0,101,0.0,1.0
100.0,1000.0,1000.0,1000.0,96,0.0,1.0
83.0,830.0,830.0,830.0,99,0.0,1.0
100.0,1000.0,1000.0,1000.0,101,0.0,1.0
72.0,720.0,720.0,720.0,84,0.0,1.0
112.0,1120.0,1120.0,1120.0,102,0.0,1.0
82.0,820.0,820.0,820.0,56,0.0,1.0
21.0,210.0,210.0,210.0,20,0.0,1.0
20.0,200.0,200.0,200.0,20,0.0,1.0
21.0,210.0,210.0,210.0,23,0.0,1.0
21.0,210.0,210.0,210.0,21,0.0,1.0
20.0,200.0,200.0,200.0,20,0.0,1.0
20.0,200.0,200.0,200.0,22,0.0,1.0
22.0,220.0,220.0,220.0,21,0.0,1.0
20.0,200.0,200.0,200.0,20,0.0,1.0
20.0,200.0,200.0,200.0,21,0.0,1.0
25.0,250.0,250.0,250.0,22,0.0,1.0
20.0,200.0,200.0,200.0,20,0.0,1.0
20.0,200.0,200.0,200.0,20,0.0,1.0
24.0,240.0,240.0,240.0,23,0.0,1.0
21.0,210.0,210.0,210.0,21,0.0,1.0
20.0,200.0,200.0,200.0,20,0.0,1.0
20.0,200.0,200.0,200.0,23,0.0,1.0
20.0,200.0,200.0,200.0,20,0.0,1.0
24.0,240.0,240.0,240.0,23,0.0,1.0
20.0,200.0,200.0,200.0,20,0.0,1.0
20.0,200.0,200.0,200.0,20,0.0,1.0
20.0,200.0,200.0,200.0,22,0.0,1.0
20.0,200.0,200.0,200.0,20,0.0,1.0
20.0,200.0,200.0,200.0,20,0.0,1.0
19.0,190.0,190.0,190.0,20,0.0,1.0
24.0,240.0,240.0,240.0,21,0.0,1.0
20.0,200.0,200.0,200.0,20,0.0,1.0
20.0,200.0,200.0,200.0,21,0.0,1.0
24.0,240.0,240.0,240.0,21,0.0,1.0
20.0,200.0,200.0,200.0,20,0.0,1.0
20.0,200.0,200.0,200.0,20,0.0,1.0
25.0,250.0,250.0,250.0,22,0.0,1.0
20.0,200.0,200.0,200.0,20,0.0,1.0
20.0,200.0,200.0,200.0,20,0.0,1.0
21.0,210.0,210.0,210.0,23,0.0,1.0
20.0,200.0,200.0,200.0,19,0.0,1.0
19.0,190.0,190.0,190.0,20,0.0,1.0
19.0,190.0,190.0,190.0,21,0.0,1.0
24.0,240.0,240.0,240.0,21,0.0,1.0
20.0,200.0,200.0,200.0,20,0.0,1.0
20.0,200.0,200.0,200.0,21,0.0,1.0
68.0,680.0,680.0,680.0,62,0.0,0.0
86.0,860.0,860.0,860.0,95,0.0,0.0
105.0,1050.0,1050.0,1050.0,101,0.0,0.0
87.0,870.0,870.0,870.0,94,0.0,0.0
95.0,950.0,950.0,950.0,99,0.0,0.0
79.0,790.0,790.0,790.0,86,0.0,0.0
105.0,1050.0,1050.0,1050.0,96,0.0,0.0
100.0,1000.0,1000.0,1000.0,126,0.0,0.0
145.0,1450.0,1450.0,1450.0,152,0.0,0.0
167.0,1670.0,1670.0,1670.0,164,0.0,0.0
116.0,1160.0,1160.0,1160.0,148,0.0,0.0
165.0,1650.0,1650.0,1650.0,165,0.0,0.0
99.0,990.0,990.0,990.0,90,0.0,0.0
164.0,1640.0,1640.0,1640.0,164,0.0,0.0
143.0,1430.0,1430.0,1430.0,152,0.0,0.0
131.0,1310.0,1310.0,1310.0,144,0.0,0.0
144.0,1440.0,1440.0,1440.0,144,0.0,0.0
104.0,1040.0,1040.0,1040.0,114,0.0,0.0
140.0,1400.0,1400.0,1400.0,124,0.0,0.0
101.0,1010.0,1010.0,1010.0,99,0.0,0.0
107.0,1070.0,1070.0,1070.0,118,0.0,0.0
117.0,1170.0,1170.0,1170.0,113,0.0,0.0
98.0,980.0,980.0,980.0,102,0.0,0.0
99.0,990.0,990.0,990.0,97,0.0,0.0
68.0,680.0,680.0,680.0,62,0.0,0.0
86.0,860.0,860.0,860.0,95,0.0,0.0
105.0,1050.0,1050.0,1050.0,101,0.0,0.0
87.0,870.0,870.0,870.0,94,0.0,0.0
95.0,950.0,950.0,950.0,99,0.0,0.0
79.0,790.0,790.0,790.0,86,0.0,0.0
105.0,1050.0,1050.0,1050.0,96,0.0,0.0
100.0,1000.0,1000.0,1000.0,126,0.0,0.0
145.0,1450.0,1450.0,1450.0,152,0.0,0.0
167.0,1670.0,1670.0,1670.0,164,0.0,0.0
116.0,1160.0,1160.0,1160.0,148,0.0,0.0
165.0,1650.0,1650.0,1650.0,165,0.0,0.0
99.0,990.0,990.0,990.0,90,0.0,0.0
164.0,1640.0,1640.0,1640.0,164,0.0,0.0
143.0,1430.0,1430.0,1430.0,152,0.0,0.0
131.0,1310.0,1310.0,1310.0,144,0.0,0.0
144.0,1440.0,1440.0,1440.0,144,0.0,0.0
104.0,1040.0,1040.0,1040.0,114,0.0,0.0
140.0,1400.0,1400.0,1400.0,124,0.0,0.0
101.0,1010.0,1010.0,1010.0,99,0.0,0.0
107.0,1070.0,1070.0,1070.0,118,0.0,0.0
117.0,1170.0,1170.0,1170.0,113,0.0,0.0
98.0,980.0,980.0,980.0,102,0.0,0.0
99.0,990.0,990.0,990.0,97,0.0,0.0
63.0,630.0,630.0,630.0,61,0.0,0.0
85.0,850.0,850.0,850.0,100,0.0,0.0
103.0,1030.0,1030.0,1030.0,102,0.0,0.0
83.0,830.0,830.0,830.0,99,0.0,0.0
109.0,1090.0,1090.0,1090.0,105,0.0,0.0
81.0,810.0,810.0,810.0,92,0.0,0.0
107.0,1070.0,1070.0,1070.0,109,0.0,0.0
98.0,980.0,980.0,980.0,115,0.0,0.0
151.0,1510.0,1510.0,1510.0,164,0.0,0.0
157.0,1570.0,1570.0,1570.0,160,0.0,0.0
122.0,1220.0,1220.0,1220.0,151,0.0,0.0
160.0,1600.0,1600.0,1600.0,167,0.0,0.0
107.0,1070.0,1070.0,1070.0,98,0.0,0.0
157.0,1570.0,1570.0,1570.0,162,0.0,0.0
151.0,1510.0,1510.0,1510.0,151,0.0,0.0
119.0,1190.0,1190.0,1190.0,140,0.0,0.0
131.0,1310.0,1310.0,1310.0,137,0.0,0.0
99.0,990.0,990.0,990.0,125,0.0,0.0
157.0,1570.0,1570.0,1570.0,148,0.0,0.0
122.0,1220.0,1220.0,1220.0,117,0.0,0.0
96.0,960.0,960.0,960.0,105,0.0,0.0
108.0,1080.0,1080.0,1080.0,111,0.0,0.0
89.0,890.0,890.0,890.0,103,0.0,0.0
100.0,1000.0,1000.0,1000.0,95,0.0,0.0
63.0,630.0,630.0,630.0,61,0.0,0.0
85.0,850.0,850.0,850.0,100,0.0,0.0
103.0,1030.0,1030.0,1030.0,102,0.0,0.0
83.0,830.0,830.0,830.0,99,0.0,0.0
109.0,1090.0,1090.0,1090.0,105,0.0,0.0
81.0,810.0,810.0,810.0,92,0.0,0.0
107.0,1070.0,1070.0,1070.0,109,0.0,0.0
98.0,980.0,980.0,980.0,115,0.0,0.0
151.0,1510.0,1510.0,1510.0,164,0.0,0.0
157.0,1570.0,1570.0,1570.0,160,0.0,0.0
122.0,1220.0,1220.0,1220.0,151,0.0,0.0
160.0,1600.0,1600.0,1600.0,167,0.0,0.0
107.0,1070.0,1070.0,1070.0,98,0.0,0.0
157.0,1570.0,1570.0,1570.0,162,0.0,0.0
151.0,1510.0,1510.0,1510.0,151,0.0,0.0
119.0,1190.0,1190.0,1190.0,140,0.0,0.0
131.0,1310.0,1310.0,1310.0,137,0.0,0.0
99.0,990.0,990.0,990.0,125,0.0,0.0
157.0,1570.0,1570.0,1570.0,148,0.0,0.0
122.0,1220.0,1220.0,1220.0,117,0.0,0.0
96.0,960.0,960.0,960.0,105,0.0,0.0
108.0,1080.0,1080.0,1080.0,111,0.0,0.0
89.0,890.0,890.0,890.0,103,0.0,0.0
100.0,1000.0,1000.0,1000.0,95,0.0,0.0
62.0,620.0,620.0,620.0,58,0.0,0.0
82.0,820.0,820.0,820.0,99,0.0,0.0
98.0,980.0,980.0,980.0,101,0.0,0.0
81.0,810.0,810.0,810.0,98,0.0,0.0
91.0,910.0,910.0,910.0,104,0.0,0.0
80.0,800.0,800.0,800.0,89,0.0,0.0
112.0,1120.0,1120.0,1120.0,106,0.0,0.0
104.0,1040.0,1040.0,1040.0,122,0.0,0.0
162.0,1620.0,1620.0,1620.0,163,0.0,0.0
163.0,1630.0,1630.0,1630.0,153,0.0,0.0
125.0,1250.0,1250.0,1250.0,161,0.0,0.0
165.0,1650.0,1650.0,1650.0,156,0.0,0.0
102.0,1020.0,1020.0,1020.0,92,0.0,0.0
145.0,1450.0,1450.0,1450.0,151,0.0,0.0
156.0,1560.0,1560.0,1560.0,161,0.0,0.0
123.0,1230.0,1230.0,1230.0,148,0.0,0.0
155.0,1550.0,1550.0,1550.0,151,0.0,0.0
107.0,1070.0,1070.0,1070.0,112,0.0,0.0
130.0,1300.0,1300.0,1300.0,141,0.0,0.0
138.0,1380.0,1380.0,1380.0,130,0.0,0.0
106.0,1060.0,1060.0,1060.0,119,0.0,0.0
122.0,1220.0,1220.0,1220.0,119,0.0,0.0
85.0,850.0,850.0,850.0,106,0.0,0.0
117.0,1170.0,1170.0,1170.0,100,0.0,0.0
76.0,760.0,760.0,760.0,70,0.0,1.0
95.0,950.0,950.0,950.0,107,0.0,1.0
118.0,1180.0,1180.0,1180.0,109,0.0,1.0
89.0,890.0,890.0,890.0,100,0.0,1.0
101.0,1010.0,1010.0,1010.0,102,0.0,1.0
82.0,820.0,820.0,820.0,86,0.0,1.0
103.0,1030.0,1030.0,1030.0,101,0.0,1.0
97.0,970.0,970.0,970.0,72,0.0,1.0
21.0,210.0,210.0,210.0,23,0.0,1.0
21.0,210.0,210.0,210.0,21,0.0,1.0
21.0,210.0,210.0,210.0,21,0.0,1.0
21.0,210.0,210.0,210.0,23,0.0,1.0
24.0,240.0,240.0,240.0,22,0.0,1.0
21.0,210.0,210.0,210.0,21,0.0,1.0
20.0,200.0,200.0,200.0,21,0.0,1.0
25.0,250.0,250.0,250.0,23,0.0,1.0
21.0,210.0,210.0,210.0,21,0.0,1.0
21.0,210.0,210.0,210.0,21,0.0,1.0
21.0,210.0,210.0,210.0,23,0.0,1.0
20.0,200.0,200.0,200.0,21,0.0,1.0
20.0,200.0,200.0,200.0,21,0.0,1.0
22.0,220.0,220.0,220.0,24,0.0,1.0
21.0,210.0,210.0,210.0,21,0.0,1.0
21.0,210.0,210.0,210.0,21,0.0,1.0
21.0,210.0,210.0,210.0,21,0.0,1.0
25.0,250.0,250.0,250.0,23,0.0,1.0
21.0,210.0,210.0,210.0,21,0.0,1.0
21.0,210.0,210.0,210.0,21,0.0,1.0
23.0,230.0,230.0,230.0,24,0.0,1.0
21.0,210.0,210.0,210.0,21,0.0,1.0
21.0,210.0,210.0,210.0,21,0.0,1.0
21.0,210.0,210.0,210.0,24,0.0,1.0
21.0,210.0,210.0,210.0,21,0.0,1.0
21.0,210.0,210.0,210.0,21,0.0,1.0
21.0,210.0,210.0,210.0,22,0.0,1.0
24.0,240.0,240.0,240.0,22,0.0,1.0
21.0,210.0,210.0,210.0,21,0.0,1.0
21.0,210.0,210.0,210.0,21,0.0,1.0
26.0,260.0,260.0,260.0,23,0.0,1.0
20.0,200.0,200.0,200.0,21,0.0,1.0
20.0,200.0,200.0,200.0,20,0.0,1.0
22.0,220.0,220.0,220.0,23,0.0,1.0
20.0,200.0,200.0,200.0,20,0.0,1.0
20.0,200.0,200.0,200.0,20,0.0,1.0
20.0,200.0,200.0,200.0,23,0.0,1.0
22.0,220.0,220.0,220.0,22,0.0,1.0
21.0,210.0,210.0,210.0,21,0.0,1.0
21.0,210.0,210.0,210.0,22,0.0,1.0
26.0,260.0,260.0,260.0,23,0.0,0.0
21.0,210.0,210.0,210.0,21,0.0,0.0
21.0,210.0,210.0,210.0,21,0.0,0.0
24.0,240.0,240.0,240.0,23,0.0,0.0
21.0,210.0,210.0,210.0,21,0.0,0.0
21.0,210.0,210.0,210.0,21,0.0,0.0
23.0,230.0,230.0,230.0,23,0.0,0.0
22.0,220.0,220.0,220.0,59,0.0,0.0
153.0,1530.0,1530.0,1530.0,175,0.0,0.0
181.0,1810.0,1810.0,1810.0,170,0.0,0.0
125.0,1250.0,1250.0,1250.0,149,0.0,0.0
173.0,1730.0,1730.0,1730.0,174,0.0,0.0
105.0,1050.0,1050.0,1050.0,106,0.0,0.0
177.0,1770.0,1770.0,1770.0,179,0.0,0.0
170.0,1700.0,1700.0,1700.0,167,0.0,0.0
125.0,1250.0,1250.0,1250.0,154,0.0,0.0
162.0,1620.0,1620.0,1620.0,147,0.0,0.0
98.0,980.0,980.0,980.0,119,0.0,0.0
128.0,1280.0,1280.0,1280.0,134,0.0,0.0
133.0,1330.0,1330.0,1330.0,122,0.0,0.0
108.0,1080.0,1080.0,1080.0,110,0.0,0.0
100.0,1000.0,1000.0,1000.0,104,0.0,0.0
92.0,920.0,920.0,920.0,105,0.0,0.0
103.0,1030.0,1030.0,1030.0,99,0.0,0.0
68.0,680.0,680.0,680.0,65,0.0,0.0
97.0,970.0,970.0,970.0,108,0.0,0.0
120.0,1200.0,1200.0,1200.0,116,0.0,0.0
90.0,900.0,900.0,900.0,104,0.0,0.0
101.0,1010.0,1010.0,1010.0,101,0.0,0.0
79.0,790.0,790.0,790.0,85,0.0,0.0
109.0,1090.0,1090.0,1090.0,111,0.0,0.0
108.0,1080.0,1080.0,1080.0,126,0.0,0.0
162.0,1620.0,1620.0,1620.0,171,0.0,0.0
169.0,1690.0,1690.0,1690.0,168,0.0,0.0
129.0,1290.0,1290.0,1290.0,161,0.0,0.0
178.0,1780.0,1780.0,1780.0,173,0.0,0.0
105.0,1050.0,1050.0,1050.0,104,0.0,0.0
170.0,1700.0,1700.0,1700.0,165,0.0,0.0
161.0,1610.0,1610.0,1610.0,166,0.0,0.0
133.0,1330.0,1330.0,1330.0,159,0.0,0.0
161.0,1610.0,1610.0,1610.0,161,0.0,0.0
110.0,1100.0,1100.0,1100.0,123,0.0,0.0
150.0,1500.0,1500.0,1500.0,163,0.0,0.0
159.0,1590.0,1590.0,1590.0,158,0.0,0.0
122.0,1220.0,1220.0,1220.0,124,0.0,0.0
125.0,1250.0,1250.0,1250.0,125,0.0,0.0
98.0,980.0,980.0,980.0,105,0.0,0.0
106.0,1060.0,1060.0,1060.0,95,0.0,0.0
66.0,660.0,660.0,660.0,65,1.0,0.0
102.0,1020.0,1020.0,1020.0,105,1.0,0.0
109.0,1090.0,1090.0,1090.0,110,1.0,0.0
86.0,860.0,860.0,860.0,103,1.0,0.0
120.0,1200.0,1200.0,1200.0,112,1.0,0.0
80.0,800.0,800.0,800.0,88,1.0,0.0
100.0,1000.0,1000.0,1000.0,103,1.0,0.0
92.0,920.0,920.0,920.0,63,1.0,0.0
20.0,200.0,200.0,200.0,21,1.0,0.0
21.0,210.0,210.0,210.0,21,1.0,0.0
21.0,210.0,210.0,210.0,23,1.0,0.0
21.0,210.0,210.0,210.0,21,1.0,0.0
21.0,210.0,210.0,210.0,20,1.0,0.0
21.0,210.0,210.0,210.0,24,1.0,0.0
21.0,210.0,210.0,210.0,21,1.0,0.0
21.0,210.0,210.0,210.0,21,1.0,0.0
21.0,210.0,210.0,210.0,23,1.0,0.0
25.0,250.0,250.0,250.0,22,1.0,0.0
21.0,210.0,210.0,210.0,21,1.0,0.0
21.0,210.0,210.0,210.0,21,1.0,0.0
24.0,240.0,240.0,240.0,24,1.0,0.0
21.0,210.0,210.0,210.0,21,1.0,0.0
22.0,220.0,220.0,220.0,22,1.0,0.0
21.0,210.0,210.0,210.0,24,1.0,0.0
21.0,210.0,210.0,210.0,21,0.0,0.0
21.0,210.0,210.0,210.0,21,0.0,0.0
21.0,210.0,210.0,210.0,23,0.0,0.0
24.0,240.0,240.0,240.0,22,0.0,0.0
21.0,210.0,210.0,210.0,21,0.0,0.0
21.0,210.0,210.0,210.0,22,0.0,0.0
26.0,260.0,260.0,260.0,23,0.0,0.0
21.0,210.0,210.0,210.0,56,0.0,0.0
160.0,1600.0,1600.0,1600.0,185,0.0,0.0
185.0,1850.0,1850.0,1850.0,186,0.0,0.0
144.0,1440.0,1440.0,1440.0,165,0.0,0.0
164.0,1640.0,1640.0,1640.0,171,0.0,0.0
108.0,1080.0,1080.0,1080.0,101,0.0,0.0
173.0,1730.0,1730.0,1730.0,166,0.0,0.0
154.0,1540.0,1540.0,1540.0,160,0.0,0.0
126.0,1260.0,1260.0,1260.0,155,0.0,0.0
149.0,1490.0,1490.0,1490.0,159,0.0,0.0
107.0,1070.0,1070.0,1070.0,125,0.0,0.0
140.0,1400.0,1400.0,1400.0,125,0.0,0.0
124.0,1240.0,1240.0,1240.0,115,0.0,0.0
120.0,1200.0,1200.0,1200.0,128,0.0,0.0
128.0,1280.0,1280.0,1280.0,121,0.0,0.0
104.0,1040.0,1040.0,1040.0,114,0.0,0.0
99.0,990.0,990.0,990.0,101,0.0,0.0
72.0,720.0,720.0,720.0,67,0.0,0.0
93.0,930.0,930.0,930.0,104,0.0,0.0
106.0,1060.0,1060.0,1060.0,102,0.0,0.0
97.0,970.0,970.0,970.0,105,0.0,0.0
96.0,960.0,960.0,960.0,98,0.0,0.0
81.0,810.0,810.0,810.0,89,0.0,0.0
115.0,1150.0,1150.0,1150.0,107,0.0,0.0
101.0,1010.0,1010.0,1010.0,118,0.0,0.0
153.0,1530.0,1530.0,1530.0,172,0.0,0.0
172.0,1720.0,1720.0,1720.0,170,0.0,0.0
127.0,1270.0,1270.0,1270.0,158,0.0,0.0
167.0,1670.0,1670.0,1670.0,164,0.0,0.0
103.0,1030.0,1030.0,1030.0,106,0.0,0.0
174.0,1740.0,1740.0,1740.0,167,0.0,0.0
149.0,1490.0,1490.0,1490.0,153,0.0,0.0
107.0,1070.0,1070.0,1070.0,133,0.0,0.0
137.0,1370.0,1370.0,1370.0,145,0.0,0.0
111.0,1110.0,1110.0,1110.0,120,0.0,0.0
110.0,1100.0,1100.0,1100.0,108,0.0,0.0
106.0,1060.0,1060.0,1060.0,100,0.0,0.0
102.0,1020.0,1020.0,1020.0,103,0.0,0.0
107.0,1070.0,1070.0,1070.0,102,0.0,0.0
91.0,910.0,910.0,910.0,100,0.0,0.0
101.0,1010.0,1010.0,1010.0,85,0.0,0.0
60.0,600.0,600.0,600.0,61,0.0,1.0
95.0,950.0,950.0,950.0,104,0.0,1.0
105.0,1050.0,1050.0,1050.0,103,0.0,1.0
92.0,920.0,920.0,920.0,103,0.0,1.0
114.0,1140.0,1140.0,1140.0,106,0.0,1.0
78.0,780.0,780.0,780.0,87,0.0,1.0
114.0,1140.0,1140.0,1140.0,104,0.0,1.0
88.0,880.0,880.0,880.0,63,0.0,1.0
22.0,220.0,220.0,220.0,24,0.0,1.0
23.0,230.0,230.0,230.0,22,0.0,1.0
22.0,220.0,220.0,220.0,22,0.0,1.0
22.0,220.0,220.0,220.0,25,0.0,1.0
22.0,220.0,220.0,220.0,23,0.0,1.0
22.0,220.0,220.0,220.0,22,0.0,1.0
22.0,220.0,220.0,220.0,23,0.0,1.0
27.0,270.0,270.0,270.0,24,0.0,1.0
22.0,220.0,220.0,220.0,23,0.0,1.0
23.0,230.0,230.0,230.0,22,0.0,1.0
25.0,250.0,250.0,250.0,24,0.0,1.0
22.0,220.0,220.0,220.0,22,0.0,1.0
22.0,220.0,220.0,220.0,22,0.0,1.0
25.0,250.0,250.0,250.0,25,0.0,1.0
23.0,230.0,230.0,230.0,23,0.0,1.0
22.0,220.0,220.0,220.0,23,0.0,1.0
23.0,230.0,230.0,230.0,23,0.0,1.0
22.0,220.0,220.0,220.0,23,0.0,1.0
23.0,230.0,230.0,230.0,25,0.0,1.0
23.0,230.0,230.0,230.0,23,0.0,1.0
23.0,230.0,230.0,230.0,23,0.0,1.0
22.0,220.0,220.0,220.0,24,0.0,1.0
27.0,270.0,270.0,270.0,24,0.0,1.0
26.0,260.0,260.0,260.0,64,0.0,1.0
160.0,1600.0,1600.0,1600.0,177,0.0,1.0
164.0,1640.0,1640.0,1640.0,158,0.0,1.0
128.0,1280.0,1280.0,1280.0,157,0.0,1.0
173.0,1730.0,1730.0,1730.0,164,0.0,1.0
110.0,1100.0,1100.0,1100.0,106,0.0,1.0
155.0,1550.0,1550.0,1550.0,158,0.0,1.0
149.0,1490.0,1490.0,1490.0,154,0.0,1.0
125.0,1250.0,1250.0,1250.0,141,0.0,1.0
147.0,1470.0,1470.0,1470.0,153,0.0,1.0
110.0,1100.0,1100.0,1100.0,128,0.0,1.0
153.0,1530.0,1530.0,1530.0,159,0.0,1.0
155.0,1550.0,1550.0,1550.0,142,0.0,1.0
111.0,1110.0,1110.0,1110.0,111,0.0,1.0
121.0,1210.0,1210.0,1210.0,120,0.0,1.0
92.0,920.0,920.0,920.0,112,0.0,1.0
110.0,1100.0,1100.0,1100.0,101,0.0,1.0
23.0,230.0,230.0,230.0,23,0.0,0.0
22.0,220.0,220.0,220.0,23,0.0,0.0
23.0,230.0,230.0,230.0,25,0.0,0.0
23.0,230.0,230.0,230.0,23,0.0,0.0
23.0,230.0,230.0,230.0,23,0.0,0.0
22.0,220.0,220.0,220.0,24,0.0,0.0
27.0,270.0,270.0,270.0,24,0.0,0.0
26.0,260.0,260.0,260.0,64,0.0,0.0
160.0,1600.0,1600.0,1600.0,177,0.0,0.0
164.0,1640.0,1640.0,1640.0,158,0.0,0.0
128.0,1280.0,1280.0,1280.0,157,0.0,0.0
173.0,1730.0,1730.0,1730.0,164,0.0,0.0
110.0,1100.0,1100.0,1100.0,106,0.0,0.0
155.0,1550.0,1550.0,1550.0,158,0.0,0.0
149.0,1490.0,1490.0,1490.0,154,0.0,0.0
125.0,1250.0,1250.0,1250.0,141,0.0,0.0
147.0,1470.0,1470.0,1470.0,153,0.0,0.0
110.0,1100.0,1100.0,1100.0,128,0.0,0.0
153.0,1530.0,1530.0,1530.0,159,0.0,0.0
155.0,1550.0,1550.0,1550.0,142,0.0,0.0
111.0,1110.0,1110.0,1110.0,111,0.0,0.0
121.0,1210.0,1210.0,1210.0,120,0.0,0.0
92.0,920.0,920.0,920.0,112,0.0,0.0
110.0,1100.0,1100.0,1100.0,101,0.0,0.0
68.0,680.0,680.0,680.0,64,0.0,0.0
90.0,900.0,900.0,900.0,98,0.0,0.0
100.0,1000.0,1000.0,1000.0,104,0.0,0.0
96.0,960.0,960.0,960.0,101,0.0,0.0
106.0,1060.0,1060.0,1060.0,105,0.0,0.0
94.0,940.0,940.0,940.0,97,0.0,0.0
117.0,1170.0,1170.0,1170.0,107,0.0,0.0
106.0,1060.0,1060.0,1060.0,124,0.0,0.0
157.0,1570.0,1570.0,1570.0,171,0.0,0.0
171.0,1710.0,1710.0,1710.0,173,0.0,0.0
130.0,1300.0,1300.0,1300.0,160,0.0,0.0
171.0,1710.0,1710.0,1710.0,169,0.0,0.0
102.0,1020.0,1020.0,1020.0,100,0.0,0.0
185.0,1850.0,1850.0,1850.0,176,0.0,0.0
166.0,1660.0,1660.0,1660.0,155,0.0,0.0
130.0,1300.0,1300.0,1300.0,151,0.0,0.0
142.0,1420.0,1420.0,1420.0,144,0.0,0.0
105.0,1050.0,1050.0,1050.0,118,0.0,0.0
141.0,1410.0,1410.0,1410.0,138,0.0,0.0
138.0,1380.0,1380.0,1380.0,132,0.0,0.0
128.0,1280.0,1280.0,1280.0,128,0.0,0.0
122.0,1220.0,1220.0,1220.0,125,0.0,0.0
94.0,940.0,940.0,940.0,107,0.0,0.0
121.0,1210.0,1210.0,1210.0,107,0.0,0.0
75.0,750.0,750.0,750.0,67,0.0,0.0
92.0,920.0,920.0,920.0,98,0.0,0.0
110.0,1100.0,1100.0,1100.0,110,0.0,0.0
76.0,760.0,760.0,760.0,96,0.0,0.0
107.0,1070.0,1070.0,1070.0,107,0.0,0.0
82.0,820.0,820.0,820.0,92,0.0,0.0
103.0,1030.0,1030.0,1030.0,104,0.0,0.0
106.0,1060.0,1060.0,1060.0,126,0.0,0.0
148.0,1480.0,1480.0,1480.0,169,0.0,0.0
159.0,1590.0,1590.0,1590.0,160,0.0,0.0
122.0,1220.0,1220.0,1220.0,149,0.0,0.0
160.0,1600.0,1600.0,1600.0,168,0.0,0.0
93.0,930.0,930.0,930.0,94,0.0,0.0
176.0,1760.0,1760.0,1760.0,178,0.0,0.0
172.0,1720.0,1720.0,1720.0,164,0.0,0.0
130.0,1300.0,1300.0,1300.0,153,0.0,0.0
163.0,1630.0,1630.0,1630.0,159,0.0,0.0
109.0,1090.0,1090.0,1090.0,131,0.0,0.0
157.0,1570.0,1570.0,1570.0,157,0.0,0.0
153.0,1530.0,1530.0,1530.0,125,0.0,0.0
101.0,1010.0,1010.0,1010.0,105,0.0,0.0
105.0,1050.0,1050.0,1050.0,110,0.0,0.0
91.0,910.0,910.0,910.0,102,0.0,0.0
111.0,1110.0,1110.0,1110.0,102,0.0,0.0
75.0,750.0,750.0,750.0,70,0.0,0.0
88.0,880.0,880.0,880.0,98,0.0,0.0
104.0,1040.0,1040.0,1040.0,103,0.0,0.0
84.0,840.0,840.0,840.0,100,0.0,0.0
113.0,1130.0,1130.0,1130.0,105,0.0,0.0
84.0,840.0,840.0,840.0,89,0.0,0.0
105.0,1050.0,1050.0,1050.0,101,0.0,0.0
100.0,1000.0,1000.0,1000.0,117,0.0,0.0
147.0,1470.0,1470.0,1470.0,165,0.0,0.0
157.0,1570.0,1570.0,1570.0,163,0.0,0.0
116.0,1160.0,1160.0,1160.0,158,0.0,0.0
157.0,1570.0,1570.0,1570.0,164,0.0,0.0
103.0,1030.0,1030.0,1030.0,96,0.0,0.0
163.0,1630.0,1630.0,1630.0,168,0.0,0.0
169.0,1690.0,1690.0,1690.0,163,0.0,0.0
115.0,1150.0,1150.0,1150.0,139,0.0,0.0
150.0,1500.0,1500.0,1500.0,150,0.0,0.0
96.0,960.0,960.0,960.0,101,0.0,0.0
108.0,1080.0,1080.0,1080.0,102,0.0,0.0
96.0,960.0,960.0,960.0,101,0.0,0.0
122.0,1220.0,1220.0,1220.0,133,0.0,0.0
135.0,1350.0,1350.0,1350.0,127,0.0,0.0
103.0,1030.0,1030.0,1030.0,114,0.0,0.0
113.0,1130.0,1130.0,1130.0,104,0.0,0.0
72.0,720.0,720.0,720.0,67,0.0,0.0
86.0,860.0,860.0,860.0,100,0.0,0.0
106.0,1060.0,1060.0,1060.0,107,0.0,0.0
80.0,800.0,800.0,800.0,97,0.0,0.0
103.0,1030.0,1030.0,1030.0,106,0.0,0.0
86.0,860.0,860.0,860.0,93,0.0,0.0
99.0,990.0,990.0,990.0,100,0.0,0.0
92.0,920.0,920.0,920.0,115,0.0,0.0
130.0,1300.0,1300.0,1300.0,147,0.0,0.0
141.0,1410.0,1410.0,1410.0,140,0.0,0.0
120.0,1200.0,1200.0,1200.0,143,0.0,0.0
150.0,1500.0,1500.0,1500.0,149,0.0,0.0
94.0,940.0,940.0,940.0,91,0.0,0.0
156.0,1560.0,1560.0,1560.0,150,0.0,0.0
142.0,1420.0,1420.0,1420.0,143,0.0,0.0
124.0,1240.0,1240.0,1240.0,137,0.0,0.0
137.0,1370.0,1370.0,1370.0,135,0.0,0.0
93.0,930.0,930.0,930.0,109,0.0,0.0
156.0,1560.0,1560.0,1560.0,146,0.0,0.0
129.0,1290.0,1290.0,1290.0,129,0.0,0.0
106.0,1060.0,1060.0,1060.0,106,0.0,0.0
112.0,1120.0,1120.0,1120.0,110,0.0,0.0
91.0,910.0,910.0,910.0,103,0.0,0.0
98.0,980.0,980.0,980.0,89,0.0,0.0
54.0,540.0,540.0,540.0,54,0.0,1.0
83.0,830.0,830.0,830.0,96,0.0,1.0
100.0,1000.0,1000.0,1000.0,98,0.0,1.0
78.0,780.0,780.0,780.0,93,0.0,1.0
98.0,980.0,980.0,980.0,101,0.0,1.0
73.0,730.0,730.0,730.0,80,0.0,1.0
95.0,950.0,950.0,950.0,98,0.0,1.0
86.0,860.0,860.0,860.0,69,0.0,1.0
24.0,240.0,240.0,240.0,22,0.0,1.0
20.0,200.0,200.0,200.0,20,0.0,1.0
20.0,200.0,200.0,200.0,20,0.0,1.0
20.0,200.0,200.0,200.0,22,0.0,1.0
20.0,200.0,200.0,200.0,20,0.0,1.0
20.0,200.0,200.0,200.0,19,0.0,1.0
19.0,190.0,190.0,190.0,21,0.0,1.0
23.0,230.0,230.0,230.0,20,0.0,1.0
20.0,200.0,200.0,200.0,20,0.0,1.0
20.0,200.0,200.0,200.0,20,0.0,1.0
23.0,230.0,230.0,230.0,22,0.0,1.0
20.0,200.0,200.0,200.0,20,0.0,1.0
19.0,190.0,190.0,190.0,20,0.0,1.0
20.0,200.0,200.0,200.0,23,0.0,1.0
20.0,200.0,200.0,200.0,21,0.0,1.0
20.0,200.0,200.0,200.0,20,0.0,1.0
20.0,200.0,200.0,200.0,20,0.0,1.0
24.0,240.0,240.0,240.0,23,0.0,1.0
20.0,200.0,200.0,200.0,20,0.0,1.0
20.0,200.0,200.0,200.0,20,0.0,1.0
20.0,200.0,200.0,200.0,22,0.0,1.0
20.0,200.0,200.0,200.0,20,0.0,1.0
20.0,200.0,200.0,200.0,20,0.0,1.0
19.0,190.0,190.0,190.0,20,0.0,1.0
24.0,240.0,240.0,240.0,21,0.0,1.0
20.0,200.0,200.0,200.0,20,0.0,1.0
20.0,200.0,200.0,200.0,21,0.0,1.0
24.0,240.0,240.0,240.0,21,0.0,1.0
20.0,200.0,200.0,200.0,20,0.0,1.0
20.0,200.0,200.0,200.0,20,0.0,1.0
25.0,250.0,250.0,250.0,22,0.0,1.0
20.0,200.0,200.0,200.0,20,0.0,1.0
20.0,200.0,200.0,200.0,20,0.0,1.0
21.0,210.0,210.0,210.0,23,0.0,1.0
20.0,200.0,200.0,200.0,19,0.0,1.0
19.0,190.0,190.0,190.0,20,0.0,1.0
19.0,190.0,190.0,190.0,21,0.0,1.0
24.0,240.0,240.0,240.0,21,0.0,1.0
20.0,200.0,200.0,200.0,20,0.0,1.0
20.0,200.0,200.0,200.0,21,0.0,1.0
25.0,250.0,250.0,250.0,22,0.0,0.0
20.0,200.0,200.0,200.0,20,0.0,0.0
20.0,200.0,200.0,200.0,20,0.0,0.0
20.0,200.0,200.0,200.0,22,0.0,0.0
20.0,200.0,200.0,200.0,20,0.0,0.0
20.0,200.0,200.0,200.0,20,0.0,0.0
20.0,200.0,200.0,200.0,22,0.0,0.0
22.0,220.0,220.0,220.0,50,0.0,0.0
154.0,1540.0,1540.0,1540.0,174,0.0,0.0
183.0,1830.0,1830.0,1830.0,160,0.0,0.0
124.0,1240.0,1240.0,1240.0,164,0.0,0.0
160.0,1600.0,1600.0,1600.0,169,0.0,0.0
109.0,1090.0,1090.0,1090.0,104,0.0,0.0
173.0,1730.0,1730.0,1730.0,170,0.0,0.0
149.0,1490.0,1490.0,1490.0,163,0.0,0.0
128.0,1280.0,1280.0,1280.0,157,0.0,0.0
163.0,1630.0,1630.0,1630.0,161,0.0,0.0
120.0,1200.0,1200.0,1200.0,138,0.0,0.0
161.0,1610.0,1610.0,1610.0,152,0.0,0.0
140.0,1400.0,1400.0,1400.0,128,0.0,0.0
94.0,940.0,940.0,940.0,96,0.0,0.0
96.0,960.0,960.0,960.0,89,0.0,0.0
90.0,900.0,900.0,900.0,93,0.0,0.0
89.0,890.0,890.0,890.0,87,0.0,0.0
71.0,710.0,710.0,710.0,64,0.0,0.0
85.0,850.0,850.0,850.0,93,0.0,0.0
91.0,910.0,910.0,910.0,94,0.0,0.0
74.0,740.0,740.0,740.0,88,0.0,0.0
91.0,910.0,910.0,910.0,85,0.0,0.0
67.0,670.0,670.0,670.0,81,0.0,0.0
102.0,1020.0,1020.0,1020.0,95,0.0,0.0
94.0,940.0,940.0,940.0,115,0.0,0.0
160.0,1600.0,1600.0,1600.0,170,0.0,0.0
166.0,1660.0,1660.0,1660.0,171,0.0,0.0
133.0,1330.0,1330.0,1330.0,159,0.0,0.0
164.0,1640.0,1640.0,1640.0,167,0.0,0.0
101.0,1010.0,1010.0,1010.0,99,0.0,0.0
182.0,1820.0,1820.0,1820.0,177,0.0,0.0
159.0,1590.0,1590.0,1590.0,167,0.0,0.0
126.0,1260.0,1260.0,1260.0,162,0.0,0.0
163.0,1630.0,1630.0,1630.0,154,0.0,0.0
102.0,1020.0,1020.0,1020.0,118,0.0,0.0
146.0,1460.0,1460.0,1460.0,146,0.0,0.0
154.0,1540.0,1540.0,1540.0,144,0.0,0.0
108.0,1080.0,1080.0,1080.0,115,0.0,0.0
113.0,1130.0,1130.0,1130.0,112,0.0,0.0
92.0,920.0,920.0,920.0,100,0.0,0.0
104.0,1040.0,1040.0,1040.0,93,0.0,0.0
68.0,680.0,680.0,680.0,62,1.0,0.0
83.0,830.0,830.0,830.0,89,1.0,0.0
89.0,890.0,890.0,890.0,97,1.0,0.0
86.0,860.0,860.0,860.0,96,1.0,0.0
96.0,960.0,960.0,960.0,94,1.0,0.0
73.0,730.0,730.0,730.0,79,1.0,0.0
108.0,1080.0,1080.0,1080.0,95,1.0,0.0
75.0,750.0,750.0,750.0,54,1.0,0.0
20.0,200.0,200.0,200.0,21,1.0,0.0
25.0,250.0,250.0,250.0,23,1.0,0.0
21.0,210.0,210.0,210.0,21,1.0,0.0
21.0,210.0,210.0,210.0,21,1.0,0.0
20.0,200.0,200.0,200.0,22,1.0,0.0
24.0,240.0,240.0,240.0,21,1.0,0.0
20.0,200.0,200.0,200.0,20,1.0,0.0
20.0,200.0,200.0,200.0,20,1.0,0.0
21.0,210.0,210.0,210.0,23,1.0,0.0
21.0,210.0,210.0,210.0,21,1.0,0.0
20.0,200.0,200.0,200.0,21,1.0,0.0
21.0,210.0,210.0,210.0,23,1.0,0.0
21.0,210.0,210.0,210.0,21,1.0,0.0
24.0,240.0,240.0,240.0,22,1.0,0.0
21.0,210.0,210.0,210.0,23,1.0,0.0
22.0,220.0,220.0,220.0,21,1.0,0.0
20.0,200.0,200.0,200.0,20,0.0,0.0
20.0,200.0,200.0,200.0,21,0.0,0.0
25.0,250.0,250.0,250.0,22,0.0,0.0
20.0,200.0,200.0,200.0,20,0.0,0.0
20.0,200.0,200.0,200.0,20,0.0,0.0
25.0,250.0,250.0,250.0,23,0.0,0.0
20.0,200.0,200.0,200.0,20,0.0,0.0
26.0,260.0,260.0,260.0,64,0.0,0.0
157.0,1570.0,1570.0,1570.0,170,0.0,0.0
162.0,1620.0,1620.0,1620.0,162,0.0,0.0
129.0,1290.0,1290.0,1290.0,157,0.0,0.0
170.0,1700.0,1700.0,1700.0,172,0.0,0.0
115.0,1150.0,1150.0,1150.0,106,0.0,0.0
181.0,1810.0,1810.0,1810.0,166,0.0,0.0
166.0,1660.0,1660.0,1660.0,163,0.0,0.0
120.0,1200.0,1200.0,1200.0,150,0.0,0.0
139.0,1390.0,1390.0,1390.0,152,0.0,0.0
104.0,1040.0,1040.0,1040.0,101,0.0,0.0
112.0,1120.0,1120.0,1120.0,106,0.0,0.0
106.0,1060.0,1060.0,1060.0,109,0.0,0.0
104.0,1040.0,1040.0,1040.0,110,0.0,0.0
107.0,1070.0,1070.0,1070.0,103,0.0,0.0
89.0,890.0,890.0,890.0,101,0.0,0.0
103.0,1030.0,1030.0,1030.0,93,0.0,0.0
62.0,620.0,620.0,620.0,61,0.0,0.0
91.0,910.0,910.0,910.0,94,0.0,0.0
105.0,1050.0,1050.0,1050.0,107,0.0,0.0
84.0,840.0,840.0,840.0,98,0.0,0.0
100.0,1000.0,1000.0,1000.0,95,0.0,0.0
77.0,770.0,770.0,770.0,82,0.0,0.0
102.0,1020.0,1020.0,1020.0,102,0.0,0.0
100.0,1000.0,1000.0,1000.0,121,0.0,0.0
144.0,1440.0,1440.0,1440.0,153,0.0,0.0
145.0,1450.0,1450.0,1450.0,144,0.0,0.0
115.0,1150.0,1150.0,1150.0,140,0.0,0.0
156.0,1560.0,1560.0,1560.0,156,0.0,0.0
96.0,960.0,960.0,960.0,93,0.0,0.0
149.0,1490.0,1490.0,1490.0,149,0.0,0.0
149.0,1490.0,1490.0,1490.0,153,0.0,0.0
115.0,1150.0,1150.0,1150.0,132,0.0,0.0
138.0,1380.0,1380.0,1380.0,144,0.0,0.0
100.0,1000.0,1000.0,1000.0,121,0.0,0.0
126.0,1260.0,1260.0,1260.0,132,0.0,0.0
140.0,1400.0,1400.0,1400.0,124,0.0,0.0
98.0,980.0,980.0,980.0,103,0.0,0.0
109.0,1090.0,1090.0,1090.0,105,0.0,0.0
85.0,850.0,850.0,850.0,101,0.0,0.0
106.0,1060.0,1060.0,1060.0,93,0.0,0.0
57.0,570.0,570.0,570.0,59,0.0,1.0
91.0,910.0,910.0,910.0,101,0.0,1.0
100.0,1000.0,1000.0,1000.0,96,0.0,1.0
83.0,830.0,830.0,830.0,99,0.0,1.0
100.0,1000.0,1000.0,1000.0,101,0.0,1.0
72.0,720.0,720.0,720.0,84,0.0,1.0
112.0,1120.0,1120.0,1120.0,102,0.0,1.0
82.0,820.0,820.0,820.0,56,0.0,1.0
21.0,210.0,210.0,210.0,20,0.0,1.0
20.0,200.0,200.0,200.0,20,0.0,1.0
21.0,210.0,210.0,210.0,23,0.0,1.0
21.0,210.0,210.0,210.0,21,0.0,1.0
20.0,200.0,200.0,200.0,20,0.0,1.0
20.0,200.0,200.0,200.0,22,0.0,1.0
22.0,220.0,220.0,220.0,21,0.0,1.0
20.0,200.0,200.0,200.0,20,0.0,1.0
20.0,200.0,200.0,200.0,21,0.0,1.0
25.0,250.0,250.0,250.0,22,0.0,1.0
20.0,200.0,200.0,200.0,20,0.0,1.0
20.0,200.0,200.0,200.0,20,0.0,1.0
24.0,240.0,240.0,240.0,23,0.0,1.0
21.0,210.0,210.0,210.0,21,0.0,1.0
20.0,200.0,200.0,200.0,20,0.0,1.0
20.0,200.0,200.0,200.0,23,0.0,1.0
21.0,210.0,210.0,210.0,21,0.0,1.0
21.0,210.0,210.0,210.0,21,0.0,1.0
21.0,210.0,210.0,210.0,23,0.0,1.0
22.0,220.0,220.0,220.0,21,0.0,1.0
21.0,210.0,210.0,210.0,21,0.0,1.0
21.0,210.0,210.0,210.0,22,0.0,1.0
25.0,250.0,250.0,250.0,22,0.0,1.0
20.0,200.0,200.0,200.0,20,0.0,1.0
20.0,200.0,200.0,200.0,20,0.0,1.0
21.0,210.0,210.0,210.0,23,0.0,1.0
20.0,200.0,200.0,200.0,20,0.0,1.0
21.0,210.0,210.0,210.0,21,0.0,1.0
21.0,210.0,210.0,210.0,23,0.0,1.0
20.0,200.0,200.0,200.0,21,0.0,1.0
20.0,200.0,200.0,200.0,20,0.0,1.0
20.0,200.0,200.0,200.0,21,0.0,1.0
25.0,250.0,250.0,250.0,22,0.0,1.0
20.0,200.0,200.0,200.0,20,0.0,1.0
21.0,210.0,210.0,210.0,21,0.0,1.0
25.0,250.0,250.0,250.0,22,0.0,1.0
20.0,200.0,200.0,200.0,20,0.0,1.0
21.0,210.0,210.0,210.0,21,0.0,1.0
25.0,250.0,250.0,250.0,23,0.0,1.0
21.0,210.0,210.0,210.0,21,0.0,1.0
21.0,210.0,210.0,210.0,20,0.0,0.0
23.0,230.0,230.0,230.0,23,0.0,0.0
20.0,200.0,200.0,200.0,20,0.0,0.0
21.0,210.0,210.0,210.0,20,0.0,0.0
21.0,210.0,210.0,210.0,23,0.0,0.0
20.0,200.0,200.0,200.0,20,0.0,0.0
20.0,200.0,200.0,200.0,20,0.0,0.0
26.0,260.0,260.0,260.0,54,0.0,0.0
146.0,1460.0,1460.0,1460.0,160,0.0,0.0
167.0,1670.0,1670.0,1670.0,163,0.0,0.0
132.0,1320.0,1320.0,1320.0,155,0.0,0.0
168.0,1680.0,1680.0,1680.0,164,0.0,0.0
114.0,1140.0,1140.0,1140.0,104,0.0,0.0
147.0,1470.0,1470.0,1470.0,155,0.0,0.0
153.0,1530.0,1530.0,1530.0,159,0.0,0.0
132.0,1320.0,1320.0,1320.0,154,0.0,0.0
152.0,1520.0,1520.0,1520.0,147,0.0,0.0
106.0,1060.0,1060.0,1060.0,129,0.0,0.0
152.0,1520.0,1520.0,1520.0,147,0.0,0.0
131.0,1310.0,1310.0,1310.0,130,0.0,0.0
102.0,1020.0,1020.0,1020.0,106,0.0,0.0
106.0,1060.0,1060.0,1060.0,106,0.0,0.0
82.0,820.0,820.0,820.0,105,0.0,0.0
112.0,1120.0,1120.0,1120.0,98,0.0,0.0
62.0,620.0,620.0,620.0,58,0.0,0.0
82.0,820.0,820.0,820.0,99,0.0,0.0
98.0,980.0,980.0,980.0,101,0.0,0.0
81.0,810.0,810.0,810.0,98,0.0,0.0
91.0,910.0,910.0,910.0,104,0.0,0.0
80.0,800.0,800.0,800.0,89,0.0,0.0
112.0,1120.0,1120.0,1120.0,106,0.0,0.0
104.0,1040.0,1040.0,1040.0,122,0.0,0.0
162.0,1620.0,1620.0,1620.0,163,0.0,0.0
163.0,1630.0,1630.0,1630.0,153,0.0,0.0
125.0,1250.0,1250.0,1250.0,161,0.0,0.0
165.0,1650.0,1650.0,1650.0,156,0.0,0.0
102.0,1020.0,1020.0,1020.0,92,0.0,0.0
145.0,1450.0,1450.0,1450.0,151,0.0,0.0
156.0,1560.0,1560.0,1560.0,161,0.0,0.0
123.0,1230.0,1230.0,1230.0,148,0.0,0.0
155.0,1550.0,1550.0,1550.0,151,0.0,0.0
107.0,1070.0,1070.0,1070.0,112,0.0,0.0
130.0,1300.0,1300.0,1300.0,141,0.0,0.0
138.0,1380.0,1380.0,1380.0,130,0.0,0.0
106.0,1060.0,1060.0,1060.0,119,0.0,0.0
122.0,1220.0,1220.0,1220.0,119,0.0,0.0
85.0,850.0,850.0,850.0,106,0.0,0.0
117.0,1170.0,1170.0,1170.0,100,0.0,0.0
62.0,620.0,620.0,620.0,58,0.0,0.0
85.0,850.0,850.0,850.0,98,0.0,0.0
102.0,1020.0,1020.0,1020.0,101,0.0,0.0
93.0,930.0,930.0,930.0,103,0.0,0.0
104.0,1040.0,1040.0,1040.0,100,0.0,0.0
87.0,870.0,870.0,870.0,94,0.0,0.0
103.0,1030.0,1030.0,1030.0,100,0.0,0.0
100.0,1000.0,1000.0,1000.0,121,0.0,0.0
141.0,1410.0,1410.0,1410.0,155,0.0,0.0
148.0,1480.0,1480.0,1480.0,154,0.0,0.0
115.0,1150.0,1150.0,1150.0,147,0.0,0.0
149.0,1490.0,1490.0,1490.0,157,0.0,0.0
96.0,960.0,960.0,960.0,91,0.0,0.0
161.0,1610.0,1610.0,1610.0,157,0.0,0.0
151.0,1510.0,1510.0,1510.0,157,0.0,0.0
123.0,1230.0,1230.0,1230.0,145,0.0,0.0
144.0,1440.0,1440.0,1440.0,137,0.0,0.0
102.0,1020.0,1020.0,1020.0,117,0.0,0.0
143.0,1430.0,1430.0,1430.0,133,0.0,0.0
132.0,1320.0,1320.0,1320.0,131,0.0,0.0
119.0,1190.0,1190.0,1190.0,115,0.0,0.0
100.0,1000.0,1000.0,1000.0,104,0.0,0.0
91.0,910.0,910.0,910.0,97,0.0,0.0
96.0,960.0,960.0,960.0,98,0.0,0.0
68.0,680.0,680.0,680.0,62,0.0,0.0
86.0,860.0,860.0,860.0,95,0.0,0.0
105.0,1050.0,1050.0,1050.0,101,0.0,0.0
87.0,870.0,870.0,870.0,94,0.0,0.0
95.0,950.0,950.0,950.0,99,0.0,0.0
79.0,790.0,790.0,790.0,86,0.0,0.0
105.0,1050.0,1050.0,1050.0,96,0.0,0.0
100.0,1000.0,1000.0,1000.0,126,0.0,0.0
145.0,1450.0,1450.0,1450.0,152,0.0,0.0
167.0,1670.0,1670.0,1670.0,164,0.0,0.0
116.0,1160.0,1160.0,1160.0,148,0.0,0.0
165.0,1650.0,1650.0,1650.0,165,0.0,0.0
99.0,990.0,990.0,990.0,90,0.0,0.0
164.0,1640.0,1640.0,1640.0,164,0.0,0.0
143.0,1430.0,1430.0,1430.0,152,0.0,0.0
131.0,1310.0,1310.0,1310.0,144,0.0,0.0
144.0,1440.0,1440.0,1440.0,144,0.0,0.0
104.0,1040.0,1040.0,1040.0,114,0.0,0.0
140.0,1400.0,1400.0,1400.0,124,0.0,0.0
101.0,1010.0,1010.0,1010.0,99,0.0,0.0
107.0,1070.0,1070.0,1070.0,118,0.0,0.0
117.0,1170.0,1170.0,1170.0,113,0.0,0.0
98.0,980.0,980.0,980.0,102,0.0,0.0
99.0,990.0,990.0,990.0,97,0.0,0.0
63.0,630.0,630.0,630.0,61,0.0,0.0
85.0,850.0,850.0,850.0,100,0.0,0.0
103.0,1030.0,1030.0,1030.0,102,0.0,0.0
83.0,830.0,830.0,830.0,99,0.0,0.0
109.0,1090.0,1090.0,1090.0,105,0.0,0.0
81.0,810.0,810.0,810.0,92,0.0,0.0
107.0,1070.0,1070.0,1070.0,109,0.0,0.0
98.0,980.0,980.0,980.0,115,0.0,0.0
151.0,1510.0,1510.0,1510.0,164,0.0,0.0
157.0,1570.0,1570.0,1570.0,160,0.0,0.0
122.0,1220.0,1220.0,1220.0,151,0.0,0.0
160.0,1600.0,1600.0,1600.0,167,0.0,0.0
107.0,1070.0,1070.0,1070.0,98,0.0,0.0
157.0,1570.0,1570.0,1570.0,162,0.0,0.0
151.0,1510.0,1510.0,1510.0,151,0.0,0.0
119.0,1190.0,1190.0,1190.0,140,0.0,0.0
131.0,1310.0,1310.0,1310.0,137,0.0,0.0
99.0,990.0,990.0,990.0,125,0.0,0.0
157.0,1570.0,1570.0,1570.0,148,0.0,0.0
122.0,1220.0,1220.0,1220.0,117,0.0,0.0
96.0,960.0,960.0,960.0,105,0.0,0.0
108.0,1080.0,1080.0,1080.0,111,0.0,0.0
89.0,890.0,890.0,890.0,103,0.0,0.0
100.0,1000.0,1000.0,1000.0,95,0.0,0.0
67.0,670.0,670.0,670.0,61,0.0,1.0
90.0,900.0,900.0,900.0,99,0.0,1.0
103.0,1030.0,1030.0,1030.0,95,0.0,1.0
84.0,840.0,840.0,840.0,96,0.0,1.0
106.0,1060.0,1060.0,1060.0,102,0.0,1.0
86.0,860.0,860.0,860.0,88,0.0,1.0
105.0,1050.0,1050.0,1050.0,100,0.0,1.0
84.0,840.0,840.0,840.0,65,0.0,1.0
26.0,260.0,260.0,260.0,23,0.0,1.0
21.0,210.0,210.0,210.0,21,0.0,1.0
21.0,210.0,210.0,210.0,21,0.0,1.0
21.0,210.0,210.0,210.0,23,0.0,1.0
21.0,210.0,210.0,210.0,21,0.0,1.0
21.0,210.0,210.0,210.0,21,0.0,1.0
21.0,210.0,210.0,210.0,23,0.0,1.0
23.0,230.0,230.0,230.0,22,0.0,1.0
21.0,210.0,210.0,210.0,21,0.0,1.0
21.0,210.0,210.0,210.0,22,0.0,1.0
26.0,260.0,260.0,260.0,23,0.0,1.0
21.0,210.0,210.0,210.0,21,0.0,1.0
21.0,210.0,210.0,210.0,21,0.0,1.0
21.0,210.0,210.0,210.0,23,0.0,1.0
21.0,210.0,210.0,210.0,21,0.0,1.0
21.0,210.0,210.0,210.0,21,0.0,1.0
22.0,220.0,220.0,220.0,24,0.0,1.0
21.0,210.0,210.0,210.0,21,0.0,1.0
21.0,210.0,210.0,210.0,21,0.0,1.0
22.0,220.0,220.0,220.0,23,0.0,1.0
26.0,260.0,260.0,260.0,23,0.0,1.0
21.0,210.0,210.0,210.0,21,0.0,1.0
22.0,220.0,220.0,220.0,21,0.0,1.0
21.0,210.0,210.0,210.0,24,0.0,1.0
21.0,210.0,210.0,210.0,21,0.0,1.0
21.0,210.0,210.0,210.0,21,0.0,1.0
21.0,210.0,210.0,210.0,23,0.0,1.0
25.0,250.0,250.0,250.0,22,0.0,1.0
21.0,210.0,210.0,210.0,21,0.0,1.0
21.0,210.0,210.0,210.0,21,0.0,1.0
24.0,240.0,240.0,240.0,23,0.0,1.0
21.0,210.0,210.0,210.0,21,0.0,1.0
21.0,210.0,210.0,210.0,21,0.0,1.0
24.0,240.0,240.0,240.0,23,0.0,1.0
21.0,210.0,210.0,210.0,21,0.0,1.0
21.0,210.0,210.0,210.0,21,0.0,1.0
22.0,220.0,220.0,220.0,23,0.0,1.0
21.0,210.0,210.0,210.0,21,0.0,1.0
21.0,210.0,210.0,210.0,21,0.0,1.0
21.0,210.0,210.0,210.0,24,0.0,1.0
21.0,210.0,210.0,210.0,21,0.0,0.0
21.0,210.0,210.0,210.0,21,0.0,0.0
21.0,210.0,210.0,210.0,21,0.0,0.0
26.0,260.0,260.0,260.0,23,0.0,0.0
21.0,210.0,210.0,210.0,21,0.0,0.0
21.0,210.0,210.0,210.0,21,0.0,0.0
22.0,220.0,220.0,220.0,24,0.0,0.0
22.0,220.0,220.0,220.0,49,0.0,0.0
145.0,1450.0,1450.0,1450.0,160,0.0,0.0
168.0,1680.0,1680.0,1680.0,169,0.0,0.0
134.0,1340.0,1340.0,1340.0,160,0.0,0.0
167.0,1670.0,1670.0,1670.0,167,0.0,0.0
115.0,1150.0,1150.0,1150.0,104,0.0,0.0
157.0,1570.0,1570.0,1570.0,159,0.0,0.0
156.0,1560.0,1560.0,1560.0,156,0.0,0.0
119.0,1190.0,1190.0,1190.0,142,0.0,0.0
146.0,1460.0,1460.0,1460.0,147,0.0,0.0
111.0,1110.0,1110.0,1110.0,125,0.0,0.0
168.0,1680.0,1680.0,1680.0,157,0.0,0.0
150.0,1500.0,1500.0,1500.0,146,0.0,0.0
114.0,1140.0,1140.0,1140.0,113,0.0,0.0
102.0,1020.0,1020.0,1020.0,113,0.0,0.0
98.0,980.0,980.0,980.0,103,0.0,0.0
109.0,1090.0,1090.0,1090.0,99,0.0,0.0
62.0,620.0,620.0,620.0,61,0.0,0.0
89.0,890.0,890.0,890.0,99,0.0,0.0
102.0,1020.0,1020.0,1020.0,104,0.0,0.0
98.0,980.0,980.0,980.0,103,0.0,0.0
107.0,1070.0,1070.0,1070.0,105,0.0,0.0
84.0,840.0,840.0,840.0,90,0.0,0.0
116.0,1160.0,1160.0,1160.0,109,0.0,0.0
101.0,1010.0,1010.0,1010.0,122,0.0,0.0
165.0,1650.0,1650.0,1650.0,179,0.0,0.0
175.0,1750.0,1750.0,1750.0,173,0.0,0.0
134.0,1340.0,1340.0,1340.0,171,0.0,0.0
184.0,1840.0,1840.0,1840.0,174,0.0,0.0
93.0,930.0,930.0,930.0,94,0.0,0.0
163.0,1630.0,1630.0,1630.0,170,0.0,0.0
167.0,1670.0,1670.0,1670.0,165,0.0,0.0
130.0,1300.0,1300.0,1300.0,152,0.0,0.0
167.0,1670.0,1670.0,1670.0,162,0.0,0.0
107.0,1070.0,1070.0,1070.0,124,0.0,0.0
161.0,1610.0,1610.0,1610.0,147,0.0,0.0
140.0,1400.0,1400.0,1400.0,144,0.0,0.0
124.0,1240.0,1240.0,1240.0,121,0.0,0.0
128.0,1280.0,1280.0,1280.0,121,0.0,0.0
97.0,970.0,970.0,970.0,106,0.0,0.0
110.0,1100.0,1100.0,1100.0,99,0.0,0.0
63.0,630.0,630.0,630.0,62,0.0,0.0
90.0,900.0,900.0,900.0,102,0.0,0.0
107.0,1070.0,1070.0,1070.0,109,0.0,0.0
89.0,890.0,890.0,890.0,104,0.0,0.0
107.0,1070.0,1070.0,1070.0,100,0.0,0.0
70.0,700.0,700.0,700.0,85,0.0,0.0
116.0,1160.0,1160.0,1160.0,103,0.0,0.0
109.0,1090.0,1090.0,1090.0,132,0.0,0.0
167.0,1670.0,1670.0,1670.0,172,0.0,0.0
169.0,1690.0,1690.0,1690.0,177,0.0,0.0
133.0,1330.0,1330.0,1330.0,173,0.0,0.0
185.0,1850.0,1850.0,1850.0,168,0.0,0.0
103.0,1030.0,1030.0,1030.0,103,0.0,0.0
177.0,1770.0,1770.0,1770.0,182,0.0,0.0
175.0,1750.0,1750.0,1750.0,177,0.0,0.0
152.0,1520.0,1520.0,1520.0,156,0.0,0.0
159.0,1590.0,1590.0,1590.0,167,0.0,0.0
130.0,1300.0,1300.0,1300.0,136,0.0,0.0
154.0,1540.0,1540.0,1540.0,152,0.0,0.0
142.0,1420.0,1420.0,1420.0,128,0.0,0.0
104.0,1040.0,1040.0,1040.0,113,0.0,0.0
108.0,1080.0,1080.0,1080.0,111,0.0,0.0
92.0,920.0,920.0,920.0,101,0.0,0.0
109.0,1090.0,1090.0,1090.0,96,0.0,0.0
69.0,690.0,690.0,690.0,66,0.0,0.0
90.0,900.0,900.0,900.0,105,0.0,0.0
113.0,1130.0,1130.0,1130.0,113,0.0,0.0
99.0,990.0,990.0,990.0,105,0.0,0.0
109.0,1090.0,1090.0,1090.0,106,0.0,0.0
82.0,820.0,820.0,820.0,91,0.0,0.0
118.0,1180.0,1180.0,1180.0,112,0.0,0.0
106.0,1060.0,1060.0,1060.0,129,0.0,0.0
159.0,1590.0,1590.0,1590.0,170,0.0,0.0
170.0,1700.0,1700.0,1700.0,170,0.0,0.0
132.0,1320.0,1320.0,1320.0,156,0.0,0.0
172.0,1720.0,1720.0,1720.0,162,0.0,0.0
106.0,1060.0,1060.0,1060.0,102,0.0,0.0
152.0,1520.0,1520.0,1520.0,158,0.0,0.0
158.0,1580.0,1580.0,1580.0,159,0.0,0.0
135.0,1350.0,1350.0,1350.0,151,0.0,0.0
156.0,1560.0,1560.0,1560.0,160,0.0,0.0
128.0,1280.0,1280.0,1280.0,132,0.0,0.0
150.0,1500.0,1500.0,1500.0,132,0.0,0.0
112.0,1120.0,1120.0,1120.0,115,0.0,0.0
108.0,1080.0,1080.0,1080.0,122,0.0,0.0
132.0,1320.0,1320.0,1320.0,123,0.0,0.0
106.0,1060.0,1060.0,1060.0,113,0.0,0.0
114.0,1140.0,1140.0,1140.0,105,0.0,0.0
72.0,720.0,720.0,720.0,68,0.0,0.0
96.0,960.0,960.0,960.0,108,0.0,0.0
106.0,1060.0,1060.0,1060.0,110,0.0,0.0
104.0,1040.0,1040.0,1040.0,107,0.0,0.0
115.0,1150.0,1150.0,1150.0,109,0.0,0.0
85.0,850.0,850.0,850.0,90,0.0,0.0
118.0,1180.0,1180.0,1180.0,109,0.0,0.0
110.0,1100.0,1100.0,1100.0,128,0.0,0.0
154.0,1540.0,1540.0,1540.0,156,0.0,0.0
158.0,1580.0,1580.0,1580.0,160,0.0,0.0
127.0,1270.0,1270.0,1270.0,157,0.0,0.0
141.0,1410.0,1410.0,1410.0,149,0.0,0.0
81.0,810.0,810.0,810.0,89,0.0,0.0
158.0,1580.0,1580.0,1580.0,155,0.0,0.0
143.0,1430.0,1430.0,1430.0,152,0.0,0.0
125.0,1250.0,1250.0,1250.0,140,0.0,0.0
140.0,1400.0,1400.0,1400.0,142,0.0,0.0
105.0,1050.0,1050.0,1050.0,122,0.0,0.0
139.0,1390.0,1390.0,1390.0,139,0.0,0.0
135.0,1350.0,1350.0,1350.0,113,0.0,0.0
91.0,910.0,910.0,910.0,101,0.0,0.0
110.0,1100.0,1100.0,1100.0,108,0.0,0.0
96.0,960.0,960.0,960.0,107,0.0,0.0
109.0,1090.0,1090.0,1090.0,97,0.0,0.0
63.0,630.0,630.0,630.0,63,0.0,1.0
96.0,960.0,960.0,960.0,105,0.0,1.0
106.0,1060.0,1060.0,1060.0,104,0.0,1.0
92.0,920.0,920.0,920.0,105,0.0,1.0
108.0,1080.0,1080.0,1080.0,107,0.0,1.0
89.0,890.0,890.0,890.0,92,0.0,1.0
102.0,1020.0,1020.0,1020.0,107,0.0,1.0
92.0,920.0,920.0,920.0,61,0.0,1.0
27.0,270.0,270.0,270.0,24,0.0,1.0
22.0,220.0,220.0,220.0,22,0.0,1.0
22.0,220.0,220.0,220.0,22,0.0,1.0
22.0,220.0,220.0,220.0,25,0.0,1.0
22.0,220.0,220.0,220.0,22,0.0,1.0
22.0,220.0,220.0,220.0,22,0.0,1.0
22.0,220.0,220.0,220.0,23,0.0,1.0
28.0,280.0,280.0,280.0,25,0.0,1.0
23.0,230.0,230.0,230.0,23,0.0,1.0
22.0,220.0,220.0,220.0,22,0.0,1.0
22.0,220.0,220.0,220.0,25,0.0,1.0
22.0,220.0,220.0,220.0,22,0.0,1.0
22.0,220.0,220.0,220.0,22,0.0,1.0
23.0,230.0,230.0,230.0,24,0.0,1.0
26.0,260.0,260.0,260.0,23,0.0,1.0
22.0,220.0,220.0,220.0,22,0.0,1.0
22.0,220.0,220.0,220.0,22,0.0,1.0
24.0,240.0,240.0,240.0,25,0.0,1.0
22.0,220.0,220.0,220.0,22,0.0,1.0
22.0,220.0,220.0,220.0,22,0.0,1.0
22.0,220.0,220.0,220.0,24,0.0,1.0
22.0,220.0,220.0,220.0,22,0.0,1.0
22.0,220.0,220.0,220.0,22,0.0,1.0
21.0,210.0,210.0,210.0,24,0.0,1.0
22.0,220.0,220.0,220.0,22,0.0,1.0
24.0,240.0,240.0,240.0,23,0.0,1.0
22.0,220.0,220.0,220.0,23,0.0,1.0
27.0,270.0,270.0,270.0,24,0.0,1.0
22.0,220.0,220.0,220.0,22,0.0,1.0
22.0,220.0,220.0,220.0,22,0.0,1.0
22.0,220.0,220.0,220.0,24,0.0,1.0
22.0,220.0,220.0,220.0,22,0.0,1.0
24.0,240.0,240.0,240.0,23,0.0,1.0
22.0,220.0,220.0,220.0,23,0.0,1.0
27.0,270.0,270.0,270.0,23,0.0,1.0
22.0,220.0,220.0,220.0,22,0.0,1.0
22.0,220.0,220.0,220.0,22,0.0,1.0
26.0,260.0,260.0,260.0,25,0.0,1.0
23.0,230.0,230.0,230.0,23,0.0,1.0
24.0,240.0,240.0,240.0,23,0.0,1.0
22.0,220.0,220.0,220.0,23,0.0,0.0
26.0,260.0,260.0,260.0,23,0.0,0.0
22.0,220.0,220.0,220.0,22,0.0,0.0
22.0,220.0,220.0,220.0,22,0.0,0.0
22.0,220.0,220.0,220.0,24,0.0,0.0
22.0,220.0,220.0,220.0,22,0.0,0.0
24.0,240.0,240.0,240.0,22,0.0,0.0
24.0,240.0,240.0,240.0,56,0.0,0.0
151.0,1510.0,1510.0,1510.0,171,0.0,0.0
179.0,1790.0,1790.0,1790.0,166,0.0,0.0
137.0,1370.0,1370.0,1370.0,161,0.0,0.0
169.0,1690.0,1690.0,1690.0,168,0.0,0.0
120.0,1200.0,1200.0,1200.0,115,0.0,0.0
169.0,1690.0,1690.0,1690.0,175,0.0,0.0
165.0,1650.0,1650.0,1650.0,175,0.0,0.0
135.0,1350.0,1350.0,1350.0,163,0.0,0.0
158.0,1580.0,1580.0,1580.0,165,0.0,0.0
123.0,1230.0,1230.0,1230.0,136,0.0,0.0
154.0,1540.0,1540.0,1540.0,152,0.0,0.0
141.0,1410.0,1410.0,1410.0,130,0.0,0.0
101.0,1010.0,1010.0,1010.0,108,0.0,0.0
110.0,1100.0,1100.0,1100.0,111,0.0,0.0
84.0,840.0,840.0,840.0,95,0.0,0.0
110.0,1100.0,1100.0,1100.0,98,0.0,0.0
64.0,640.0,640.0,640.0,63,0.0,0.0
87.0,870.0,870.0,870.0,99,0.0,0.0
104.0,1040.0,1040.0,1040.0,103,0.0,0.0
90.0,900.0,900.0,900.0,100,0.0,0.0
105.0,1050.0,1050.0,1050.0,105,0.0,0.0
82.0,820.0,820.0,820.0,87,0.0,0.0
109.0,1090.0,1090.0,1090.0,98,0.0,0.0
72.0,720.0,720.0,720.0,93,0.0,0.0
141.0,1410.0,1410.0,1410.0,154,0.0,0.0
165.0,1650.0,1650.0,1650.0,160,0.0,0.0
127.0,1270.0,1270.0,1270.0,142,0.0,0.0
159.0,1590.0,1590.0,1590.0,164,0.0,0.0
106.0,1060.0,1060.0,1060.0,103,0.0,0.0
157.0,1570.0,1570.0,1570.0,165,0.0,0.0
156.0,1560.0,1560.0,1560.0,166,0.0,0.0
139.0,1390.0,1390.0,1390.0,161,0.0,0.0
150.0,1500.0,1500.0,1500.0,158,0.0,0.0
127.0,1270.0,1270.0,1270.0,136,0.0,0.0
150.0,1500.0,1500.0,1500.0,154,0.0,0.0
155.0,1550.0,1550.0,1550.0,142,0.0,0.0
134.0,1340.0,1340.0,1340.0,129,0.0,0.0
132.0,1320.0,1320.0,1320.0,121,0.0,0.0
91.0,910.0,910.0,910.0,107,0.0,0.0
105.0,1050.0,1050.0,1050.0,101,0.0,0.0
72.0,720.0,720.0,720.0,68,0.0,0.0
92.0,920.0,920.0,920.0,99,0.0,0.0
107.0,1070.0,1070.0,1070.0,104,0.0,0.0
92.0,920.0,920.0,920.0,103,0.0,0.0
96.0,960.0,960.0,960.0,100,0.0,0.0
84.0,840.0,840.0,840.0,85,0.0,0.0
102.0,1020.0,1020.0,1020.0,103,0.0,0.0
105.0,1050.0,1050.0,1050.0,128,0.0,0.0
158.0,1580.0,1580.0,1580.0,169,0.0,0.0
168.0,1680.0,1680.0,1680.0,172,0.0,0.0
135.0,1350.0,1350.0,1350.0,166,0.0,0.0
168.0,1680.0,1680.0,1680.0,172,0.0,0.0
119.0,1190.0,1190.0,1190.0,110,0.0,0.0
159.0,1590.0,1590.0,1590.0,169,0.0,0.0
168.0,1680.0,1680.0,1680.0,165,0.0,0.0
129.0,1290.0,1290.0,1290.0,158,0.0,0.0
159.0,1590.0,1590.0,1590.0,151,0.0,0.0
108.0,1080.0,1080.0,1080.0,129,0.0,0.0
156.0,1560.0,1560.0,1560.0,155,0.0,0.0
148.0,1480.0,1480.0,1480.0,132,0.0,0.0
106.0,1060.0,1060.0,1060.0,109,0.0,0.0
107.0,1070.0,1070.0,1070.0,105,0.0,0.0
87.0,870.0,870.0,870.0,101,0.0,0.0
106.0,1060.0,1060.0,1060.0,95,0.0,0.0
64.0,640.0,640.0,640.0,65,0.0,0.0
96.0,960.0,960.0,960.0,103,0.0,0.0
103.0,1030.0,1030.0,1030.0,104,0.0,0.0
89.0,890.0,890.0,890.0,99,0.0,0.0
108.0,1080.0,1080.0,1080.0,106,0.0,0.0
94.0,940.0,940.0,940.0,91,0.0,0.0
106.0,1060.0,1060.0,1060.0,104,0.0,0.0
106.0,1060.0,1060.0,1060.0,119,0.0,0.0
142.0,1420.0,1420.0,1420.0,155,0.0,0.0
166.0,1660.0,1660.0,1660.0,166,0.0,0.0
134.0,1340.0,1340.0,1340.0,164,0.0,0.0
161.0,1610.0,1610.0,1610.0,161,0.0,0.0
116.0,1160.0,1160.0,1160.0,111,0.0,0.0
158.0,1580.0,1580.0,1580.0,153,0.0,0.0
153.0,1530.0,1530.0,1530.0,162,0.0,0.0
128.0,1280.0,1280.0,1280.0,152,0.0,0.0
154.0,1540.0,1540.0,1540.0,153,0.0,0.0
123.0,1230.0,1230.0,1230.0,130,0.0,0.0
122.0,1220.0,1220.0,1220.0,122,0.0,0.0
120.0,1200.0,1200.0,1200.0,123,0.0,0.0
122.0,1220.0,1220.0,1220.0,133,0.0,0.0
141.0,1410.0,1410.0,1410.0,129,0.0,0.0
108.0,1080.0,1080.0,1080.0,118,0.0,0.0
115.0,1150.0,1150.0,1150.0,105,0.0,0.0
72.0,720.0,720.0,720.0,70,0.0,0.0
100.0,1000.0,1000.0,1000.0,107,0.0,0.0
106.0,1060.0,1060.0,1060.0,104,0.0,0.0
98.0,980.0,980.0,980.0,101,0.0,0.0
113.0,1130.0,1130.0,1130.0,111,0.0,0.0
83.0,830.0,830.0,830.0,90,0.0,0.0
107.0,1070.0,1070.0,1070.0,105,0.0,0.0
113.0,1130.0,1130.0,1130.0,133,0.0,0.0
155.0,1550.0,1550.0,1550.0,168,0.0,0.0
172.0,1720.0,1720.0,1720.0,168,0.0,0.0
127.0,1270.0,1270.0,1270.0,156,0.0,0.0
174.0,1740.0,1740.0,1740.0,168,0.0,0.0
108.0,1080.0,1080.0,1080.0,104,0.0,0.0
160.0,1600.0,1600.0,1600.0,154,0.0,0.0
160.0,1600.0,1600.0,1600.0,159,0.0,0.0
126.0,1260.0,1260.0,1260.0,150,0.0,0.0
153.0,1530.0,1530.0,1530.0,157,0.0,0.0
119.0,1190.0,1190.0,1190.0,136,0.0,0.0
152.0,1520.0,1520.0,1520.0,145,0.0,0.0
142.0,1420.0,1420.0,1420.0,136,0.0,0.0
113.0,1130.0,1130.0,1130.0,121,0.0,0.0
116.0,1160.0,1160.0,1160.0,109,0.0,0.0
92.0,920.0,920.0,920.0,104,0.0,0.0
101.0,1010.0,1010.0,1010.0,100,0.0,0.0
71.0,710.0,710.0,710.0,66,0.0,1.0
97.0,970.0,970.0,970.0,106,0.0,1.0
107.0,1070.0,1070.0,1070.0,104,0.0,1.0
95.0,950.0,950.0,950.0,107,0.0,1.0
105.0,1050.0,1050.0,1050.0,109,0.0,1.0
80.0,800.0,800.0,800.0,90,0.0,1.0
104.0,1040.0,1040.0,1040.0,102,0.0,1.0
92.0,920.0,920.0,920.0,71,0.0,1.0
22.0,220.0,220.0,220.0,23,0.0,1.0
24.0,240.0,240.0,240.0,25,0.0,1.0
29.0,290.0,290.0,290.0,26,0.0,1.0
24.0,240.0,240.0,240.0,26,0.0,1.0
25.0,250.0,250.0,250.0,25,0.0,1.0
27.0,270.0,270.0,270.0,23,0.0,1.0
22.0,220.0,220.0,220.0,22,0.0,1.0
22.0,220.0,220.0,220.0,23,0.0,1.0
26.0,260.0,260.0,260.0,25,0.0,1.0
23.0,230.0,230.0,230.0,23,0.0,1.0
22.0,220.0,220.0,220.0,22,0.0,1.0
23.0,230.0,230.0,230.0,25,0.0,1.0
23.0,230.0,230.0,230.0,23,0.0,1.0
23.0,230.0,230.0,230.0,23,0.0,1.0
23.0,230.0,230.0,230.0,23,0.0,1.0
26.0,260.0,260.0,260.0,24,0.0,1.0
23.0,230.0,230.0,230.0,23,0.0,1.0
22.0,220.0,220.0,220.0,22,0.0,1.0
22.0,220.0,220.0,220.0,25,0.0,1.0
22.0,220.0,220.0,220.0,22,0.0,1.0
22.0,220.0,220.0,220.0,23,0.0,1.0
22.0,220.0,220.0,220.0,22,0.0,1.0
25.0,250.0,250.0,250.0,24,0.0,1.0
22.0,220.0,220.0,220.0,22,0.0,1.0
21.0,210.0,210.0,210.0,22,0.0,1.0
22.0,220.0,220.0,220.0,24,0.0,1.0
22.0,220.0,220.0,220.0,22,0.0,1.0
22.0,220.0,220.0,220.0,22,0.0,1.0
23.0,230.0,230.0,230.0,24,0.0,1.0
25.0,250.0,250.0,250.0,23,0.0,1.0
22.0,220.0,220.0,220.0,22,0.0,1.0
22.0,220.0,220.0,220.0,22,0.0,1.0
27.0,270.0,270.0,270.0,25,0.0,1.0
22.0,220.0,220.0,220.0,22,0.0,1.0
22.0,220.0,220.0,220.0,22,0.0,1.0
22.0,220.0,220.0,220.0,24,0.0,1.0
22.0,220.0,220.0,220.0,22,0.0,1.0
23.0,230.0,230.0,230.0,23,0.0,1.0
22.0,220.0,220.0,220.0,23,0.0,1.0
26.0,260.0,260.0,260.0,24,0.0,1.0
22.0,220.0,220.0,220.0,22,0.0,0.0
22.0,220.0,220.0,220.0,22,0.0,0.0
22.0,220.0,220.0,220.0,24,0.0,0.0
22.0,220.0,220.0,220.0,22,0.0,0.0
22.0,220.0,220.0,220.0,23,0.0,0.0
22.0,220.0,220.0,220.0,24,0.0,0.0
25.0,250.0,250.0,250.0,23,0.0,0.0
26.0,260.0,260.0,260.0,62,0.0,0.0
154.0,1540.0,1540.0,1540.0,183,0.0,0.0
185.0,1850.0,1850.0,1850.0,178,0.0,0.0
157.0,1570.0,1570.0,1570.0,171,0.0,0.0
173.0,1730.0,1730.0,1730.0,181,0.0,0.0
123.0,1230.0,1230.0,1230.0,119,0.0,0.0
175.0,1750.0,1750.0,1750.0,186,0.0,0.0
185.0,1850.0,1850.0,1850.0,177,0.0,0.0
148.0,1480.0,1480.0,1480.0,178,0.0,0.0
180.0,1800.0,1800.0,1800.0,171,0.0,0.0
130.0,1300.0,1300.0,1300.0,146,0.0,0.0
182.0,1820.0,1820.0,1820.0,173,0.0,0.0
164.0,1640.0,1640.0,1640.0,150,0.0,0.0
109.0,1090.0,1090.0,1090.0,119,0.0,0.0
120.0,1200.0,1200.0,1200.0,123,0.0,0.0
100.0,1000.0,1000.0,1000.0,112,0.0,0.0
118.0,1180.0,1180.0,1180.0,107,0.0,0.0
83.0,830.0,830.0,830.0,76,0.0,0.0
100.0,1000.0,1000.0,1000.0,110,0.0,0.0
114.0,1140.0,1140.0,1140.0,117,0.0,0.0
104.0,1040.0,1040.0,1040.0,116,0.0,0.0
122.0,1220.0,1220.0,1220.0,110,0.0,0.0
94.0,940.0,940.0,940.0,97,0.0,0.0
121.0,1210.0,1210.0,1210.0,118,0.0,0.0
116.0,1160.0,1160.0,1160.0,132,0.0,0.0
176.0,1760.0,1760.0,1760.0,188,0.0,0.0
184.0,1840.0,1840.0,1840.0,186,0.0,0.0
138.0,1380.0,1380.0,1380.0,164,0.0,0.0
162.0,1620.0,1620.0,1620.0,173,0.0,0.0
128.0,1280.0,1280.0,1280.0,112,0.0,0.0
168.0,1680.0,1680.0,1680.0,171,0.0,0.0
182.0,1820.0,1820.0,1820.0,177,0.0,0.0
137.0,1370.0,1370.0,1370.0,163,0.0,0.0
166.0,1660.0,1660.0,1660.0,170,0.0,0.0
118.0,1180.0,1180.0,1180.0,134,0.0,0.0
161.0,1610.0,1610.0,1610.0,161,0.0,0.0
162.0,1620.0,1620.0,1620.0,156,0.0,0.0
133.0,1330.0,1330.0,1330.0,128,0.0,0.0
124.0,1240.0,1240.0,1240.0,127,0.0,0.0
108.0,1080.0,1080.0,1080.0,115,0.0,0.0
116.0,1160.0,1160.0,1160.0,108,0.0,0.0
76.0,760.0,760.0,760.0,73,0.0,0.0
100.0,1000.0,1000.0,1000.0,111,0.0,0.0
106.0,1060.0,1060.0,1060.0,114,0.0,0.0
106.0,1060.0,1060.0,1060.0,112,0.0,0.0
118.0,1180.0,1180.0,1180.0,112,0.0,0.0
79.0,790.0,790.0,790.0,92,0.0,0.0
114.0,1140.0,1140.0,1140.0,115,0.0,0.0
96.0,960.0,960.0,960.0,130,0.0,0.0
170.0,1700.0,1700.0,1700.0,177,0.0,0.0
171.0,1710.0,1710.0,1710.0,180,0.0,0.0
150.0,1500.0,1500.0,1500.0,178,0.0,0.0
186.0,1860.0,1860.0,1860.0,176,0.0,0.0
120.0,1200.0,1200.0,1200.0,109,0.0,0.0
158.0,1580.0,1580.0,1580.0,169,0.0,0.0
167.0,1670.0,1670.0,1670.0,171,0.0,0.0
138.0,1380.0,1380.0,1380.0,163,0.0,0.0
165.0,1650.0,1650.0,1650.0,168,0.0,0.0
133.0,1330.0,1330.0,1330.0,154,0.0,0.0
177.0,1770.0,1770.0,1770.0,168,0.0,0.0
152.0,1520.0,1520.0,1520.0,139,0.0,0.0
108.0,1080.0,1080.0,1080.0,114,0.0,0.0
110.0,1100.0,1100.0,1100.0,118,0.0,0.0
102.0,1020.0,1020.0,1020.0,103,0.0,0.0
107.0,1070.0,1070.0,1070.0,106,0.0,0.0
72.0,720.0,720.0,720.0,72,0.0,0.0
96.0,960.0,960.0,960.0,107,0.0,0.0
115.0,1150.0,1150.0,1150.0,112,0.0,0.0
112.0,1120.0,1120.0,1120.0,116,0.0,0.0
111.0,1110.0,1110.0,1110.0,113,0.0,0.0
98.0,980.0,980.0,980.0,97,0.0,0.0
118.0,1180.0,1180.0,1180.0,121,0.0,0.0
120.0,1200.0,1200.0,1200.0,141,0.0,0.0
178.0,1780.0,1780.0,1780.0,190,0.0,0.0
188.0,1880.0,1880.0,1880.0,180,0.0,0.0
142.0,1420.0,1420.0,1420.0,166,0.0,0.0
188.0,1880.0,1880.0,1880.0,183,0.0,0.0
116.0,1160.0,1160.0,1160.0,103,0.0,0.0
169.0,1690.0,1690.0,1690.0,183,0.0,0.0
171.0,1710.0,1710.0,1710.0,179,0.0,0.0
147.0,1470.0,1470.0,1470.0,170,0.0,0.0
166.0,1660.0,1660.0,1660.0,169,0.0,0.0
132.0,1320.0,1320.0,1320.0,138,0.0,0.0
171.0,1710.0,1710.0,1710.0,170,0.0,0.0
160.0,1600.0,1600.0,1600.0,159,0.0,0.0
133.0,1330.0,1330.0,1330.0,139,0.0,0.0
125.0,1250.0,1250.0,1250.0,127,0.0,0.0
119.0,1190.0,1190.0,1190.0,125,0.0,0.0
125.0,1250.0,1250.0,1250.0,111,0.0,0.0
90.0,900.0,900.0,900.0,80,0.0,0.0
98.0,980.0,980.0,980.0,112,0.0,0.0
117.0,1170.0,1170.0,1170.0,115,0.0,0.0
101.0,1010.0,1010.0,1010.0,114,0.0,0.0
104.0,1040.0,1040.0,1040.0,112,0.0,0.0
96.0,960.0,960.0,960.0,102,0.0,0.0
123.0,1230.0,1230.0,1230.0,121,0.0,0.0
112.0,1120.0,1120.0,1120.0,133,0.0,0.0
166.0,1660.0,1660.0,1660.0,162,0.0,0.0
168.0,1680.0,1680.0,1680.0,171,0.0,0.0
156.0,1560.0,1560.0,1560.0,165,0.0,0.0
165.0,1650.0,1650.0,1650.0,177,0.0,0.0
104.0,1040.0,1040.0,1040.0,102,0.0,0.0
170.0,1700.0,1700.0,1700.0,174,0.0,0.0
170.0,1700.0,1700.0,1700.0,164,0.0,0.0
130.0,1300.0,1300.0,1300.0,156,0.0,0.0
156.0,1560.0,1560.0,1560.0,162,0.0,0.0
140.0,1400.0,1400.0,1400.0,148,0.0,0.0
154.0,1540.0,1540.0,1540.0,150,0.0,0.0
139.0,1390.0,1390.0,1390.0,138,0.0,0.0
119.0,1190.0,1190.0,1190.0,117,0.0,0.0
108.0,1080.0,1080.0,1080.0,114,0.0,0.0
117.0,1170.0,1170.0,1170.0,114,0.0,0.0
116.0,1160.0,1160.0,1160.0,106,0.0,0.0
70.0,700.0,700.0,700.0,67,0.0,1.0
95.0,950.0,950.0,950.0,110,0.0,1.0
119.0,1190.0,1190.0,1190.0,115,0.0,1.0
92.0,920.0,920.0,920.0,100,0.0,1.0
105.0,1050.0,1050.0,1050.0,109,0.0,1.0
85.0,850.0,850.0,850.0,88,0.0,1.0
109.0,1090.0,1090.0,1090.0,103,0.0,1.0
82.0,820.0,820.0,820.0,57,0.0,1.0
25.0,250.0,250.0,250.0,23,0.0,1.0
22.0,220.0,220.0,220.0,22,0.0,1.0
22.0,220.0,220.0,220.0,22,0.0,1.0
24.0,240.0,240.0,240.0,24,0.0,1.0
22.0,220.0,220.0,220.0,22,0.0,1.0
22.0,220.0,220.0,220.0,22,0.0,1.0
22.0,220.0,220.0,220.0,25,0.0,1.0
22.0,220.0,220.0,220.0,22,0.0,1.0
22.0,220.0,220.0,220.0,22,0.0,1.0
23.0,230.0,230.0,230.0,23,0.0,1.0
23.0,230.0,230.0,230.0,24,0.0,1.0
22.0,220.0,220.0,220.0,22,0.0,1.0
22.0,220.0,220.0,220.0,22,0.0,1.0
22.0,220.0,220.0,220.0,24,0.0,1.0
25.0,250.0,250.0,250.0,23,0.0,1.0
22.0,220.0,220.0,220.0,22,0.0,1.0
22.0,220.0,220.0,220.0,22,0.0,1.0
24.0,240.0,240.0,240.0,24,0.0,1.0
22.0,220.0,220.0,220.0,22,0.0,1.0
22.0,220.0,220.0,220.0,22,0.0,1.0
22.0,220.0,220.0,220.0,24,0.0,1.0
26.0,260.0,260.0,260.0,23,0.0,1.0
22.0,220.0,220.0,220.0,22,0.0,1.0
21.0,210.0,210.0,210.0,22,0.0,1.0
23.0,230.0,230.0,230.0,24,0.0,1.0
22.0,220.0,220.0,220.0,22,0.0,1.0
22.0,220.0,220.0,220.0,22,0.0,1.0
22.0,220.0,220.0,220.0,24,0.0,1.0
22.0,220.0,220.0,220.0,22,0.0,1.0
23.0,230.0,230.0,230.0,22,0.0,1.0
22.0,220.0,220.0,220.0,23,0.0,1.0
28.0,280.0,280.0,280.0,25,0.0,1.0
23.0,230.0,230.0,230.0,23,0.0,1.0
24.0,240.0,240.0,240.0,23,0.0,1.0
22.0,220.0,220.0,220.0,24,0.0,1.0
23.0,230.0,230.0,230.0,23,0.0,1.0
22.0,220.0,220.0,220.0,22,0.0,1.0
23.0,230.0,230.0,230.0,25,0.0,1.0
23.0,230.0,230.0,230.0,23,0.0,1.0
23.0,230.0,230.0,230.0,23,0.0,1.0
23.0,230.0,230.0,230.0,23,0.0,0.0
28.0,280.0,280.0,280.0,24,0.0,0.0
23.0,230.0,230.0,230.0,22,0.0,0.0
23.0,230.0,230.0,230.0,23,0.0,0.0
24.0,240.0,240.0,240.0,25,0.0,0.0
23.0,230.0,230.0,230.0,22,0.0,0.0
22.0,220.0,220.0,220.0,22,0.0,0.0
29.0,290.0,290.0,290.0,58,0.0,0.0
148.0,1480.0,1480.0,1480.0,190,0.0,0.0
192.0,1920.0,1920.0,1920.0,189,0.0,0.0
164.0,1640.0,1640.0,1640.0,185,0.0,0.0
174.0,1740.0,1740.0,1740.0,181,0.0,0.0
132.0,1320.0,1320.0,1320.0,115,0.0,0.0
178.0,1780.0,1780.0,1780.0,190,0.0,0.0
178.0,1780.0,1780.0,1780.0,189,0.0,0.0
151.0,1510.0,1510.0,1510.0,169,0.0,0.0
164.0,1640.0,1640.0,1640.0,160,0.0,0.0
117.0,1170.0,1170.0,1170.0,134,0.0,0.0
155.0,1550.0,1550.0,1550.0,156,0.0,0.0
145.0,1450.0,1450.0,1450.0,143,0.0,0.0
115.0,1150.0,1150.0,1150.0,127,0.0,0.0
121.0,1210.0,1210.0,1210.0,127,0.0,0.0
100.0,1000.0,1000.0,1000.0,114,0.0,0.0
124.0,1240.0,1240.0,1240.0,112,0.0,0.0
69.0,690.0,690.0,690.0,71,0.0,0.0
93.0,930.0,930.0,930.0,108,0.0,0.0
118.0,1180.0,1180.0,1180.0,113,0.0,0.0
96.0,960.0,960.0,960.0,113,0.0,0.0
113.0,1130.0,1130.0,1130.0,117,0.0,0.0
86.0,860.0,860.0,860.0,94,0.0,0.0
117.0,1170.0,1170.0,1170.0,114,0.0,0.0
105.0,1050.0,1050.0,1050.0,139,0.0,0.0
165.0,1650.0,1650.0,1650.0,171,0.0,0.0
170.0,1700.0,1700.0,1700.0,167,0.0,0.0
140.0,1400.0,1400.0,1400.0,172,0.0,0.0
169.0,1690.0,1690.0,1690.0,172,0.0,0.0
116.0,1160.0,1160.0,1160.0,111,0.0,0.0
156.0,1560.0,1560.0,1560.0,166,0.0,0.0
172.0,1720.0,1720.0,1720.0,157,0.0,0.0
125.0,1250.0,1250.0,1250.0,156,0.0,0.0
148.0,1480.0,1480.0,1480.0,160,0.0,0.0
104.0,1040.0,1040.0,1040.0,120,0.0,0.0
164.0,1640.0,1640.0,1640.0,153,0.0,0.0
153.0,1530.0,1530.0,1530.0,156,0.0,0.0
133.0,1330.0,1330.0,1330.0,133,0.0,0.0
123.0,1230.0,1230.0,1230.0,126,0.0,0.0
98.0,980.0,980.0,980.0,114,0.0,0.0
131.0,1310.0,1310.0,1310.0,113,0.0,0.0
70.0,700.0,700.0,700.0,69,0.0,0.0
97.0,970.0,970.0,970.0,103,0.0,0.0
119.0,1190.0,1190.0,1190.0,120,0.0,0.0
92.0,920.0,920.0,920.0,103,0.0,0.0
116.0,1160.0,1160.0,1160.0,112,0.0,0.0
86.0,860.0,860.0,860.0,95,0.0,0.0
125.0,1250.0,1250.0,1250.0,117,0.0,0.0
120.0,1200.0,1200.0,1200.0,140,0.0,0.0
151.0,1510.0,1510.0,1510.0,163,0.0,0.0
162.0,1620.0,1620.0,1620.0,160,0.0,0.0
127.0,1270.0,1270.0,1270.0,148,0.0,0.0
166.0,1660.0,1660.0,1660.0,156,0.0,0.0
97.0,970.0,970.0,970.0,93,0.0,0.0
153.0,1530.0,1530.0,1530.0,153,0.0,0.0
149.0,1490.0,1490.0,1490.0,151,0.0,0.0
132.0,1320.0,1320.0,1320.0,150,0.0,0.0
142.0,1420.0,1420.0,1420.0,160,0.0,0.0
102.0,1020.0,1020.0,1020.0,128,0.0,0.0
166.0,1660.0,1660.0,1660.0,162,0.0,0.0
146.0,1460.0,1460.0,1460.0,137,0.0,0.0
126.0,1260.0,1260.0,1260.0,128,0.0,0.0
126.0,1260.0,1260.0,1260.0,126,0.0,0.0
91.0,910.0,910.0,910.0,114,0.0,0.0
103.0,1030.0,1030.0,1030.0,110,0.0,0.0
73.0,730.0,730.0,730.0,70,0.0,0.0
98.0,980.0,980.0,980.0,111,0.0,0.0
126.0,1260.0,1260.0,1260.0,118,0.0,0.0
106.0,1060.0,1060.0,1060.0,117,0.0,0.0
118.0,1180.0,1180.0,1180.0,116,0.0,0.0
99.0,990.0,990.0,990.0,101,0.0,0.0
124.0,1240.0,1240.0,1240.0,118,0.0,0.0
120.0,1200.0,1200.0,1200.0,149,0.0,0.0
171.0,1710.0,1710.0,1710.0,182,0.0,0.0
154.0,1540.0,1540.0,1540.0,162,0.0,0.0
123.0,1230.0,1230.0,1230.0,154,0.0,0.0
163.0,1630.0,1630.0,1630.0,164,0.0,0.0
113.0,1130.0,1130.0,1130.0,105,0.0,0.0
147.0,1470.0,1470.0,1470.0,171,0.0,0.0
175.0,1750.0,1750.0,1750.0,163,0.0,0.0
114.0,1140.0,1140.0,1140.0,150,0.0,0.0
163.0,1630.0,1630.0,1630.0,162,0.0,0.0
123.0,1230.0,1230.0,1230.0,135,0.0,0.0
152.0,1520.0,1520.0,1520.0,150,0.0,0.0
160.0,1600.0,1600.0,1600.0,159,0.0,0.0
128.0,1280.0,1280.0,1280.0,136,0.0,0.0
140.0,1400.0,1400.0,1400.0,131,0.0,0.0
104.0,1040.0,1040.0,1040.0,121,0.0,0.0
129.0,1290.0,1290.0,1290.0,115,0.0,0.0
74.0,740.0,740.0,740.0,71,0.0,0.0
104.0,1040.0,1040.0,1040.0,119,0.0,0.0
125.0,1250.0,1250.0,1250.0,117,0.0,0.0
98.0,980.0,980.0,980.0,119,0.0,0.0
116.0,1160.0,1160.0,1160.0,118,0.0,0.0
105.0,1050.0,1050.0,1050.0,106,0.0,0.0
108.0,1080.0,1080.0,1080.0,114,0.0,0.0
122.0,1220.0,1220.0,1220.0,135,0.0,0.0
135.0,1350.0,1350.0,1350.0,156,0.0,0.0
162.0,1620.0,1620.0,1620.0,170,0.0,0.0
151.0,1510.0,1510.0,1510.0,172,0.0,0.0
184.0,1840.0,1840.0,1840.0,180,0.0,0.0
136.0,1360.0,1360.0,1360.0,122,0.0,0.0
185.0,1850.0,1850.0,1850.0,179,0.0,0.0
184.0,1840.0,1840.0,1840.0,177,0.0,0.0
152.0,1520.0,1520.0,1520.0,175,0.0,0.0
165.0,1650.0,1650.0,1650.0,166,0.0,0.0
126.0,1260.0,1260.0,1260.0,141,0.0,0.0
164.0,1640.0,1640.0,1640.0,142,0.0,0.0
127.0,1270.0,1270.0,1270.0,110,0.0,0.0
100.0,1000.0,1000.0,1000.0,109,0.0,0.0
121.0,1210.0,1210.0,1210.0,116,0.0,0.0
108.0,1080.0,1080.0,1080.0,123,0.0,0.0
122.0,1220.0,1220.0,1220.0,102,0.0,0.0
71.0,710.0,710.0,710.0,71,0.0,1.0
103.0,1030.0,1030.0,1030.0,116,0.0,1.0
107.0,1070.0,1070.0,1070.0,111,0.0,1.0
104.0,1040.0,1040.0,1040.0,109,0.0,1.0
120.0,1200.0,1200.0,1200.0,125,0.0,1.0
96.0,960.0,960.0,960.0,97,0.0,1.0
119.0,1190.0,1190.0,1190.0,118,0.0,1.0
95.0,950.0,950.0,950.0,71,0.0,1.0
24.0,240.0,240.0,240.0,23,0.0,1.0
23.0,230.0,230.0,230.0,23,0.0,1.0
23.0,230.0,230.0,230.0,26,0.0,1.0
23.0,230.0,230.0,230.0,24,0.0,1.0
23.0,230.0,230.0,230.0,24,0.0,1.0
23.0,230.0,230.0,230.0,25,0.0,1.0
25.0,250.0,250.0,250.0,24,0.0,1.0
23.0,230.0,230.0,230.0,23,0.0,1.0
23.0,230.0,230.0,230.0,23,0.0,1.0
28.0,280.0,280.0,280.0,26,0.0,1.0
24.0,240.0,240.0,240.0,24,0.0,1.0
24.0,240.0,240.0,240.0,24,0.0,1.0
24.0,240.0,240.0,240.0,25,0.0,1.0
23.0,230.0,230.0,230.0,24,0.0,1.0
24.0,240.0,240.0,240.0,24,0.0,1.0
23.0,230.0,230.0,230.0,26,0.0,1.0
23.0,230.0,230.0,230.0,23,0.0,1.0
23.0,230.0,230.0,230.0,23,0.0,1.0
23.0,230.0,230.0,230.0,24,0.0,1.0
27.0,270.0,270.0,270.0,25,0.0,1.0
22.0,220.0,220.0,220.0,23,0.0,1.0
22.0,220.0,220.0,220.0,23,0.0,1.0
27.0,270.0,270.0,270.0,25,0.0,1.0
23.0,230.0,230.0,230.0,23,0.0,1.0
23.0,230.0,230.0,230.0,24,0.0,1.0
28.0,280.0,280.0,280.0,26,0.0,1.0
24.0,240.0,240.0,240.0,24,0.0,1.0
24.0,240.0,240.0,240.0,24,0.0,1.0
27.0,270.0,270.0,270.0,26,0.0,1.0
24.0,240.0,240.0,240.0,24,0.0,1.0
24.0,240.0,240.0,240.0,24,0.0,1.0
24.0,240.0,240.0,240.0,26,0.0,1.0
24.0,240.0,240.0,240.0,24,0.0,1.0
24.0,240.0,240.0,240.0,24,0.0,1.0
24.0,240.0,240.0,240.0,26,0.0,1.0
25.0,250.0,250.0,250.0,24,0.0,1.0
24.0,240.0,240.0,240.0,24,0.0,1.0
24.0,240.0,240.0,240.0,24,0.0,1.0
29.0,290.0,290.0,290.0,26,0.0,1.0
24.0,240.0,240.0,240.0,24,0.0,1.0
24.0,240.0,240.0,240.0,24,0.0,0.0
23.0,230.0,230.0,230.0,26,0.0,0.0
23.0,230.0,230.0,230.0,24,0.0,0.0
23.0,230.0,230.0,230.0,24,0.0,0.0
24.0,240.0,240.0,240.0,26,0.0,0.0
24.0,240.0,240.0,240.0,24,0.0,0.0
23.0,230.0,230.0,230.0,23,0.0,0.0
28.0,280.0,280.0,280.0,57,0.0,0.0
144.0,1440.0,1440.0,1440.0,175,0.0,0.0
185.0,1850.0,1850.0,1850.0,178,0.0,0.0
135.0,1350.0,1350.0,1350.0,167,0.0,0.0
176.0,1760.0,1760.0,1760.0,183,0.0,0.0
131.0,1310.0,1310.0,1310.0,121,0.0,0.0
169.0,1690.0,1690.0,1690.0,185,0.0,0.0
183.0,1830.0,1830.0,1830.0,180,0.0,0.0
155.0,1550.0,1550.0,1550.0,182,0.0,0.0
172.0,1720.0,1720.0,1720.0,168,0.0,0.0
132.0,1320.0,1320.0,1320.0,150,0.0,0.0
183.0,1830.0,1830.0,1830.0,177,0.0,0.0
158.0,1580.0,1580.0,1580.0,153,0.0,0.0
110.0,1100.0,1100.0,1100.0,112,0.0,0.0
115.0,1150.0,1150.0,1150.0,118,0.0,0.0
102.0,1020.0,1020.0,1020.0,109,0.0,0.0
126.0,1260.0,1260.0,1260.0,107,0.0,0.0
67.0,670.0,670.0,670.0,66,0.0,0.0
94.0,940.0,940.0,940.0,104,0.0,0.0
124.0,1240.0,1240.0,1240.0,113,0.0,0.0
90.0,900.0,900.0,900.0,104,0.0,0.0
112.0,1120.0,1120.0,1120.0,110,0.0,0.0
76.0,760.0,760.0,760.0,90,0.0,0.0
119.0,1190.0,1190.0,1190.0,113,0.0,0.0
113.0,1130.0,1130.0,1130.0,137,0.0,0.0
190.0,1900.0,1900.0,1900.0,202,0.0,0.0
183.0,1830.0,1830.0,1830.0,179,0.0,0.0
139.0,1390.0,1390.0,1390.0,163,0.0,0.0
182.0,1820.0,1820.0,1820.0,193,0.0,0.0
134.0,1340.0,1340.0,1340.0,118,0.0,0.0
179.0,1790.0,1790.0,1790.0,187,0.0,0.0
168.0,1680.0,1680.0,1680.0,177,0.0,0.0
139.0,1390.0,1390.0,1390.0,163,0.0,0.0
167.0,1670.0,1670.0,1670.0,164,0.0,0.0
122.0,1220.0,1220.0,1220.0,128,0.0,0.0
160.0,1600.0,1600.0,1600.0,166,0.0,0.0
177.0,1770.0,1770.0,1770.0,160,0.0,0.0
132.0,1320.0,1320.0,1320.0,135,0.0,0.0
125.0,1250.0,1250.0,1250.0,124,0.0,0.0
105.0,1050.0,1050.0,1050.0,113,0.0,0.0
110.0,1100.0,1100.0,1100.0,104,0.0,0.0
69.0,690.0,690.0,690.0,67,0.0,0.0
90.0,900.0,900.0,900.0,104,0.0,0.0
118.0,1180.0,1180.0,1180.0,110,0.0,0.0
101.0,1010.0,1010.0,1010.0,112,0.0,0.0
116.0,1160.0,1160.0,1160.0,109,0.0,0.0
93.0,930.0,930.0,930.0,98,0.0,0.0
113.0,1130.0,1130.0,1130.0,114,0.0,0.0
116.0,1160.0,1160.0,1160.0,132,0.0,0.0
164.0,1640.0,1640.0,1640.0,180,0.0,0.0
184.0,1840.0,1840.0,1840.0,179,0.0,0.0
142.0,1420.0,1420.0,1420.0,159,0.0,0.0
146.0,1460.0,1460.0,1460.0,144,0.0,0.0
119.0,1190.0,1190.0,1190.0,108,0.0,0.0
145.0,1450.0,1450.0,1450.0,167,0.0,0.0
177.0,1770.0,1770.0,1770.0,166,0.0,0.0
133.0,1330.0,1330.0,1330.0,164,0.0,0.0
163.0,1630.0,1630.0,1630.0,161,0.0,0.0
133.0,1330.0,1330.0,1330.0,156,0.0,0.0
153.0,1530.0,1530.0,1530.0,160,0.0,0.0
162.0,1620.0,1620.0,1620.0,141,0.0,0.0
100.0,1000.0,1000.0,1000.0,109,0.0,0.0
113.0,1130.0,1130.0,1130.0,113,0.0,0.0
88.0,880.0,880.0,880.0,106,0.0,0.0
120.0,1200.0,1200.0,1200.0,104,0.0,0.0
69.0,690.0,690.0,690.0,68,0.0,0.0
90.0,900.0,900.0,900.0,104,0.0,0.0
116.0,1160.0,1160.0,1160.0,113,0.0,0.0
95.0,950.0,950.0,950.0,107,0.0,0.0
111.0,1110.0,1110.0,1110.0,104,0.0,0.0
82.0,820.0,820.0,820.0,93,0.0,0.0
110.0,1100.0,1100.0,1100.0,110,0.0,0.0
105.0,1050.0,1050.0,1050.0,129,0.0,0.0
163.0,1630.0,1630.0,1630.0,182,0.0,0.0
171.0,1710.0,1710.0,1710.0,178,0.0,0.0
147.0,1470.0,1470.0,1470.0,172,0.0,0.0
190.0,1900.0,1900.0,1900.0,188,0.0,0.0
115.0,1150.0,1150.0,1150.0,111,0.0,0.0
163.0,1630.0,1630.0,1630.0,190,0.0,0.0
191.0,1910.0,1910.0,1910.0,187,0.0,0.0
135.0,1350.0,1350.0,1350.0,164,0.0,0.0
188.0,1880.0,1880.0,1880.0,170,0.0,0.0
126.0,1260.0,1260.0,1260.0,135,0.0,0.0
164.0,1640.0,1640.0,1640.0,157,0.0,0.0
163.0,1630.0,1630.0,1630.0,163,0.0,0.0
137.0,1370.0,1370.0,1370.0,142,0.0,0.0
139.0,1390.0,1390.0,1390.0,140,0.0,0.0
113.0,1130.0,1130.0,1130.0,119,0.0,0.0
124.0,1240.0,1240.0,1240.0,108,0.0,0.0
69.0,690.0,690.0,690.0,68,0.0,0.0
97.0,970.0,970.0,970.0,106,0.0,0.0
115.0,1150.0,1150.0,1150.0,116,0.0,0.0
92.0,920.0,920.0,920.0,108,0.0,0.0
109.0,1090.0,1090.0,1090.0,106,0.0,0.0
83.0,830.0,830.0,830.0,96,0.0,0.0
117.0,1170.0,1170.0,1170.0,112,0.0,0.0
118.0,1180.0,1180.0,1180.0,133,0.0,0.0
145.0,1450.0,1450.0,1450.0,161,0.0,0.0
187.0,1870.0,1870.0,1870.0,175,0.0,0.0
140.0,1400.0,1400.0,1400.0,164,0.0,0.0
184.0,1840.0,1840.0,1840.0,179,0.0,0.0
113.0,1130.0,1130.0,1130.0,108,0.0,0.0
157.0,1570.0,1570.0,1570.0,170,0.0,0.0
167.0,1670.0,1670.0,1670.0,175,0.0,0.0
138.0,1380.0,1380.0,1380.0,143,0.0,0.0
164.0,1640.0,1640.0,1640.0,158,0.0,0.0
120.0,1200.0,1200.0,1200.0,147,0.0,0.0
169.0,1690.0,1690.0,1690.0,160,0.0,0.0
149.0,1490.0,1490.0,1490.0,136,0.0,0.0
116.0,1160.0,1160.0,1160.0,122,0.0,0.0
116.0,1160.0,1160.0,1160.0,114,0.0,0.0
107.0,1070.0,1070.0,1070.0,111,0.0,0.0
95.0,950.0,950.0,950.0,93,0.0,0.0
76.0,760.0,760.0,760.0,67,0.0,1.0
92.0,920.0,920.0,920.0,104,0.0,1.0
107.0,1070.0,1070.0,1070.0,106,0.0,1.0
94.0,940.0,940.0,940.0,103,0.0,1.0
112.0,1120.0,1120.0,1120.0,104,0.0,1.0
80.0,800.0,800.0,800.0,89,0.0,1.0
105.0,1050.0,1050.0,1050.0,98,0.0,1.0
83.0,830.0,830.0,830.0,53,0.0,1.0
23.0,230.0,230.0,230.0,22,0.0,1.0
23.0,230.0,230.0,230.0,25,0.0,1.0
23.0,230.0,230.0,230.0,23,0.0,1.0
22.0,220.0,220.0,220.0,23,0.0,1.0
22.0,220.0,220.0,220.0,24,0.0,1.0
22.0,220.0,220.0,220.0,22,0.0,1.0
22.0,220.0,220.0,220.0,22,0.0,1.0
21.0,210.0,210.0,210.0,23,0.0,1.0
26.0,260.0,260.0,260.0,23,0.0,1.0
22.0,220.0,220.0,220.0,22,0.0,1.0
22.0,220.0,220.0,220.0,22,0.0,1.0
26.0,260.0,260.0,260.0,24,0.0,1.0
23.0,230.0,230.0,230.0,22,0.0,1.0
23.0,230.0,230.0,230.0,23,0.0,1.0
23.0,230.0,230.0,230.0,24,0.0,1.0
23.0,230.0,230.0,230.0,22,0.0,1.0
22.0,220.0,220.0,220.0,22,0.0,1.0
22.0,220.0,220.0,220.0,25,0.0,1.0
24.0,240.0,240.0,240.0,23,0.0,1.0
22.0,220.0,220.0,220.0,23,0.0,1.0
23.0,230.0,230.0,230.0,23,0.0,1.0
23.0,230.0,230.0,230.0,24,0.0,1.0
22.0,220.0,220.0,220.0,22,0.0,1.0
21.0,210.0,210.0,210.0,22,0.0,1.0
24.0,240.0,240.0,240.0,24,0.0,1.0
22.0,220.0,220.0,220.0,22,0.0,1.0
22.0,220.0,220.0,220.0,23,0.0,1.0
24.0,240.0,240.0,240.0,26,0.0,1.0
24.0,240.0,240.0,240.0,23,0.0,1.0
23.0,230.0,230.0,230.0,23,0.0,1.0
23.0,230.0,230.0,230.0,24,0.0,1.0
27.0,270.0,270.0,270.0,24,0.0,1.0
23.0,230.0,230.0,230.0,24,0.0,1.0
22.0,220.0,220.0,220.0,22,0.0,1.0
25.0,250.0,250.0,250.0,25,0.0,1.0
23.0,230.0,230.0,230.0,23,0.0,1.0
22.0,220.0,220.0,220.0,22,0.0,1.0
24.0,240.0,240.0,240.0,25,0.0,1.0
23.0,230.0,230.0,230.0,23,0.0,1.0
23.0,230.0,230.0,230.0,23,0.0,1.0
23.0,230.0,230.0,230.0,25,0.0,0.0
23.0,230.0,230.0,230.0,23,0.0,0.0
23.0,230.0,230.0,230.0,23,0.0,0.0
23.0,230.0,230.0,230.0,24,0.0,0.0
27.0,270.0,270.0,270.0,24,0.0,0.0
23.0,230.0,230.0,230.0,23,0.0,0.0
23.0,230.0,230.0,230.0,22,0.0,0.0
33.0,330.0,330.0,330.0,63,0.0,0.0
145.0,1450.0,1450.0,1450.0,168,0.0,0.0
172.0,1720.0,1720.0,1720.0,170,0.0,0.0
148.0,1480.0,1480.0,1480.0,173,0.0,0.0
185.0,1850.0,1850.0,1850.0,172,0.0,0.0
116.0,1160.0,1160.0,1160.0,104,0.0,0.0
148.0,1480.0,1480.0,1480.0,168,0.0,0.0
169.0,1690.0,1690.0,1690.0,169,0.0,0.0
141.0,1410.0,1410.0,1410.0,160,0.0,0.0
173.0,1730.0,1730.0,1730.0,158,0.0,0.0
128.0,1280.0,1280.0,1280.0,129,0.0,0.0
153.0,1530.0,1530.0,1530.0,158,0.0,0.0
153.0,1530.0,1530.0,1530.0,139,0.0,0.0
113.0,1130.0,1130.0,1130.0,120,0.0,0.0
124.0,1240.0,1240.0,1240.0,117,0.0,0.0
94.0,940.0,940.0,940.0,104,0.0,0.0
116.0,1160.0,1160.0,1160.0,102,0.0,0.0
68.0,680.0,680.0,680.0,68,0.0,0.0
86.0,860.0,860.0,860.0,103,0.0,0.0
110.0,1100.0,1100.0,1100.0,105,0.0,0.0
88.0,880.0,880.0,880.0,105,0.0,0.0
106.0,1060.0,1060.0,1060.0,106,0.0,0.0
94.0,940.0,940.0,940.0,98,0.0,0.0
105.0,1050.0,1050.0,1050.0,98,0.0,0.0
93.0,930.0,930.0,930.0,119,0.0,0.0
166.0,1660.0,1660.0,1660.0,180,0.0,0.0
176.0,1760.0,1760.0,1760.0,180,0.0,0.0
150.0,1500.0,1500.0,1500.0,168,0.0,0.0
177.0,1770.0,1770.0,1770.0,176,0.0,0.0
132.0,1320.0,1320.0,1320.0,110,0.0,0.0
141.0,1410.0,1410.0,1410.0,159,0.0,0.0
182.0,1820.0,1820.0,1820.0,179,0.0,0.0
147.0,1470.0,1470.0,1470.0,158,0.0,0.0
177.0,1770.0,1770.0,1770.0,171,0.0,0.0
124.0,1240.0,1240.0,1240.0,129,0.0,0.0
146.0,1460.0,1460.0,1460.0,153,0.0,0.0
153.0,1530.0,1530.0,1530.0,151,0.0,0.0
131.0,1310.0,1310.0,1310.0,134,0.0,0.0
132.0,1320.0,1320.0,1320.0,126,0.0,0.0
109.0,1090.0,1090.0,1090.0,112,0.0,0.0
104.0,1040.0,1040.0,1040.0,106,0.0,0.0
89.0,890.0,890.0,890.0,76,0.0,0.0
91.0,910.0,910.0,910.0,102,0.0,0.0
106.0,1060.0,1060.0,1060.0,106,0.0,0.0
107.0,1070.0,1070.0,1070.0,110,0.0,0.0
108.0,1080.0,1080.0,1080.0,106,0.0,0.0
95.0,950.0,950.0,950.0,94,0.0,0.0
101.0,1010.0,1010.0,1010.0,102,0.0,0.0
114.0,1140.0,1140.0,1140.0,130,0.0,0.0
157.0,1570.0,1570.0,1570.0,181,0.0,0.0
187.0,1870.0,1870.0,1870.0,178,0.0,0.0
152.0,1520.0,1520.0,1520.0,174,0.0,0.0
172.0,1720.0,1720.0,1720.0,178,0.0,0.0
131.0,1310.0,1310.0,1310.0,112,0.0,0.0
146.0,1460.0,1460.0,1460.0,173,0.0,0.0
185.0,1850.0,1850.0,1850.0,175,0.0,0.0
144.0,1440.0,1440.0,1440.0,158,0.0,0.0
178.0,1780.0,1780.0,1780.0,177,0.0,0.0
120.0,1200.0,1200.0,1200.0,138,0.0,0.0
169.0,1690.0,1690.0,1690.0,169,0.0,0.0
164.0,1640.0,1640.0,1640.0,157,0.0,0.0
106.0,1060.0,1060.0,1060.0,117,0.0,0.0
117.0,1170.0,1170.0,1170.0,115,0.0,0.0
87.0,870.0,870.0,870.0,104,0.0,0.0
110.0,1100.0,1100.0,1100.0,105,0.0,0.0
78.0,780.0,780.0,780.0,73,0.0,0.0
89.0,890.0,890.0,890.0,99,0.0,0.0
106.0,1060.0,1060.0,1060.0,104,0.0,0.0
94.0,940.0,940.0,940.0,105,0.0,0.0
100.0,1000.0,1000.0,1000.0,106,0.0,0.0
102.0,1020.0,1020.0,1020.0,96,0.0,0.0
109.0,1090.0,1090.0,1090.0,110,0.0,0.0
116.0,1160.0,1160.0,1160.0,133,0.0,0.0
150.0,1500.0,1500.0,1500.0,166,0.0,0.0
172.0,1720.0,1720.0,1720.0,180,0.0,0.0
159.0,1590.0,1590.0,1590.0,184,0.0,0.0
191.0,1910.0,1910.0,1910.0,190,0.0,0.0
131.0,1310.0,1310.0,1310.0,120,0.0,0.0
166.0,1660.0,1660.0,1660.0,186,0.0,0.0
185.0,1850.0,1850.0,1850.0,184,0.0,0.0
148.0,1480.0,1480.0,1480.0,161,0.0,0.0
177.0,1770.0,1770.0,1770.0,174,0.0,0.0
118.0,1180.0,1180.0,1180.0,128,0.0,0.0
155.0,1550.0,1550.0,1550.0,147,0.0,0.0
141.0,1410.0,1410.0,1410.0,147,0.0,0.0
132.0,1320.0,1320.0,1320.0,130,0.0,0.0
127.0,1270.0,1270.0,1270.0,125,0.0,0.0
104.0,1040.0,1040.0,1040.0,111,0.0,0.0
119.0,1190.0,1190.0,1190.0,113,0.0,0.0
78.0,780.0,780.0,780.0,73,0.0,0.0
94.0,940.0,940.0,940.0,102,0.0,0.0
105.0,1050.0,1050.0,1050.0,110,0.0,0.0
86.0,860.0,860.0,860.0,99,0.0,0.0
105.0,1050.0,1050.0,1050.0,104,0.0,0.0
99.0,990.0,990.0,990.0,98,0.0,0.0
109.0,1090.0,1090.0,1090.0,113,0.0,0.0
113.0,1130.0,1130.0,1130.0,137,0.0,0.0
154.0,1540.0,1540.0,1540.0,174,0.0,0.0
168.0,1680.0,1680.0,1680.0,166,0.0,0.0
139.0,1390.0,1390.0,1390.0,164,0.0,0.0
163.0,1630.0,1630.0,1630.0,171,0.0,0.0
112.0,1120.0,1120.0,1120.0,100,0.0,0.0
156.0,1560.0,1560.0,1560.0,174,0.0,0.0
165.0,1650.0,1650.0,1650.0,181,0.0,0.0
153.0,1530.0,1530.0,1530.0,167,0.0,0.0
176.0,1760.0,1760.0,1760.0,171,0.0,0.0
124.0,1240.0,1240.0,1240.0,143,0.0,0.0
168.0,1680.0,1680.0,1680.0,170,0.0,0.0
140.0,1400.0,1400.0,1400.0,134,0.0,0.0
97.0,970.0,970.0,970.0,104,0.0,0.0
106.0,1060.0,1060.0,1060.0,103,0.0,0.0
91.0,910.0,910.0,910.0,102,0.0,0.0
93.0,930.0,930.0,930.0,96,0.0,0.0
70.0,700.0,700.0,700.0,65,0.0,1.0
89.0,890.0,890.0,890.0,97,0.0,1.0
100.0,1000.0,1000.0,1000.0,97,0.0,1.0
85.0,850.0,850.0,850.0,97,0.0,1.0
106.0,1060.0,1060.0,1060.0,100,0.0,1.0
83.0,830.0,830.0,830.0,83,0.0,1.0
103.0,1030.0,1030.0,1030.0,101,0.0,1.0
105.0,1050.0,1050.0,1050.0,75,0.0,1.0
26.0,260.0,260.0,260.0,26,0.0,1.0
27.0,270.0,270.0,270.0,27,0.0,1.0
27.0,270.0,270.0,270.0,30,0.0,1.0
31.0,310.0,310.0,310.0,29,0.0,1.0
26.0,260.0,260.0,260.0,26,0.0,1.0
27.0,270.0,270.0,270.0,25,0.0,1.0
23.0,230.0,230.0,230.0,23,0.0,1.0
24.0,240.0,240.0,240.0,24,0.0,1.0
24.0,240.0,240.0,240.0,24,0.0,1.0
23.0,230.0,230.0,230.0,23,0.0,1.0
22.0,220.0,220.0,220.0,22,0.0,1.0
22.0,220.0,220.0,220.0,24,0.0,1.0
21.0,210.0,210.0,210.0,22,0.0,1.0
23.0,230.0,230.0,230.0,22,0.0,1.0
23.0,230.0,230.0,230.0,25,0.0,1.0
22.0,220.0,220.0,220.0,22,0.0,1.0
22.0,220.0,220.0,220.0,23,0.0,1.0
23.0,230.0,230.0,230.0,26,0.0,1.0
23.0,230.0,230.0,230.0,23,0.0,1.0
24.0,240.0,240.0,240.0,23,0.0,1.0
23.0,230.0,230.0,230.0,23,0.0,1.0
27.0,270.0,270.0,270.0,24,0.0,1.0
22.0,220.0,220.0,220.0,22,0.0,1.0
22.0,220.0,220.0,220.0,22,0.0,1.0
22.0,220.0,220.0,220.0,24,0.0,1.0
22.0,220.0,220.0,220.0,22,0.0,1.0
23.0,230.0,230.0,230.0,23,0.0,1.0
22.0,220.0,220.0,220.0,25,0.0,1.0
23.0,230.0,230.0,230.0,23,0.0,1.0
24.0,240.0,240.0,240.0,24,0.0,1.0
24.0,240.0,240.0,240.0,26,0.0,1.0
24.0,240.0,240.0,240.0,24,0.0,1.0
24.0,240.0,240.0,240.0,25,0.0,1.0
23.0,230.0,230.0,230.0,24,0.0,1.0
26.0,260.0,260.0,260.0,23,0.0,1.0
22.0,220.0,220.0,220.0,22,0.0,1.0
23.0,230.0,230.0,230.0,23,0.0,1.0
26.0,260.0,260.0,260.0,25,0.0,1.0
23.0,230.0,230.0,230.0,23,0.0,1.0
23.0,230.0,230.0,230.0,23,0.0,1.0
23.0,230.0,230.0,230.0,25,0.0,0.0
23.0,230.0,230.0,230.0,23,0.0,0.0
23.0,230.0,230.0,230.0,23,0.0,0.0
22.0,220.0,220.0,220.0,24,0.0,0.0
23.0,230.0,230.0,230.0,22,0.0,0.0
23.0,230.0,230.0,230.0,23,0.0,0.0
23.0,230.0,230.0,230.0,24,0.0,0.0
31.0,310.0,310.0,310.0,65,0.0,0.0
153.0,1530.0,1530.0,1530.0,186,0.0,0.0
195.0,1950.0,1950.0,1950.0,191,0.0,0.0
149.0,1490.0,1490.0,1490.0,175,0.0,0.0
188.0,1880.0,1880.0,1880.0,186,0.0,0.0
134.0,1340.0,1340.0,1340.0,115,0.0,0.0
146.0,1460.0,1460.0,1460.0,167,0.0,0.0
177.0,1770.0,1770.0,1770.0,184,0.0,0.0
143.0,1430.0,1430.0,1430.0,164,0.0,0.0
177.0,1770.0,1770.0,1770.0,174,0.0,0.0
125.0,1250.0,1250.0,1250.0,138,0.0,0.0
164.0,1640.0,1640.0,1640.0,157,0.0,0.0
158.0,1580.0,1580.0,1580.0,157,0.0,0.0
117.0,1170.0,1170.0,1170.0,125,0.0,0.0
119.0,1190.0,1190.0,1190.0,120,0.0,0.0
104.0,1040.0,1040.0,1040.0,116,0.0,0.0
112.0,1120.0,1120.0,1120.0,103,0.0,0.0
70.0,700.0,700.0,700.0,69,0.0,0.0
77.0,770.0,770.0,770.0,96,0.0,0.0
117.0,1170.0,1170.0,1170.0,112,0.0,0.0
115.0,1150.0,1150.0,1150.0,110,0.0,0.0
106.0,1060.0,1060.0,1060.0,106,0.0,0.0
121.0,1210.0,1210.0,1210.0,143,0.0,0.0
125.0,1250.0,1250.0,1250.0,123,0.0,0.0
112.0,1120.0,1120.0,1120.0,111,0.0,0.0
112.0,1120.0,1120.0,1120.0,102,0.0,0.0
105.0,1050.0,1050.0,1050.0,112,0.0,0.0
112.0,1120.0,1120.0,1120.0,124,0.0,0.0
108.0,1080.0,1080.0,1080.0,139,0.0,0.0
120.0,1200.0,1200.0,1200.0,123,0.0,0.0
108.0,1080.0,1080.0,1080.0,107,0.0,0.0
123.0,1230.0,1230.0,1230.0,150,0.0,0.0
181.0,1810.0,1810.0,1810.0,181,0.0,0.0
179.0,1790.0,1790.0,1790.0,174,0.0,0.0
144.0,1440.0,1440.0,1440.0,143,0.0,0.0
152.0,1520.0,1520.0,1520.0,152,0.0,0.0
170.0,1700.0,1700.0,1700.0,174,0.0,0.0
168.0,1680.0,1680.0,1680.0,175,0.0,0.0
165.0,1650.0,1650.0,1650.0,174,0.0,0.0
187.0,1870.0,1870.0,1870.0,178,0.0,0.0
190.0,1900.0,1900.0,1900.0,188,0.0,0.0
75.0,750.0,750.0,750.0,73,0.0,0.0
90.0,900.0,900.0,900.0,102,0.0,0.0
109.0,1090.0,1090.0,1090.0,105,0.0,0.0
86.0,860.0,860.0,860.0,102,0.0,0.0
106.0,1060.0,1060.0,1060.0,105,0.0,0.0
81.0,810.0,810.0,810.0,89,0.0,0.0
112.0,1120.0,1120.0,1120.0,106,0.0,0.0
111.0,1110.0,1110.0,1110.0,132,0.0,0.0
157.0,1570.0,1570.0,1570.0,179,0.0,0.0
177.0,1770.0,1770.0,1770.0,185,0.0,0.0
158.0,1580.0,1580.0,1580.0,175,0.0,0.0
182.0,1820.0,1820.0,1820.0,185,0.0,0.0
110.0,1100.0,1100.0,1100.0,99,0.0,0.0
143.0,1430.0,1430.0,1430.0,166,0.0,0.0
186.0,1860.0,1860.0,1860.0,178,0.0,0.0
141.0,1410.0,1410.0,1410.0,134,0.0,0.0
155.0,1550.0,1550.0,1550.0,154,0.0,0.0
125.0,1250.0,1250.0,1250.0,140,0.0,0.0
169.0,1690.0,1690.0,1690.0,165,0.0,0.0
148.0,1480.0,1480.0,1480.0,138,0.0,0.0
110.0,1100.0,1100.0,1100.0,112,0.0,0.0
113.0,1130.0,1130.0,1130.0,112,0.0,0.0
101.0,1010.0,1010.0,1010.0,110,0.0,0.0
109.0,1090.0,1090.0,1090.0,104,0.0,0.0
70.0,700.0,700.0,700.0,67,0.0,0.0
75.0,750.0,750.0,750.0,90,0.0,0.0
119.0,1190.0,1190.0,1190.0,111,0.0,0.0
111.0,1110.0,1110.0,1110.0,109,0.0,0.0
107.0,1070.0,1070.0,1070.0,110,0.0,0.0
96.0,960.0,960.0,960.0,88,0.0,0.0
95.0,950.0,950.0,950.0,103,0.0,0.0
110.0,1100.0,1100.0,1100.0,107,0.0,0.0
124.0,1240.0,1240.0,1240.0,134,0.0,0.0
117.0,1170.0,1170.0,1170.0,113,0.0,0.0
107.0,1070.0,1070.0,1070.0,108,0.0,0.0
100.0,1000.0,1000.0,1000.0,134,0.0,0.0
123.0,1230.0,1230.0,1230.0,118,0.0,0.0
130.0,1300.0,1300.0,1300.0,122,0.0,0.0
132.0,1320.0,1320.0,1320.0,155,0.0,0.0
148.0,1480.0,1480.0,1480.0,152,0.0,0.0
186.0,1860.0,1860.0,1860.0,184,0.0,0.0
173.0,1730.0,1730.0,1730.0,172,0.0,0.0
188.0,1880.0,1880.0,1880.0,192,0.0,0.0
160.0,1600.0,1600.0,1600.0,160,0.0,0.0
150.0,1500.0,1500.0,1500.0,155,0.0,0.0
186.0,1860.0,1860.0,1860.0,187,0.0,0.0
196.0,1960.0,1960.0,1960.0,198,0.0,0.0
178.0,1780.0,1780.0,1780.0,187,0.0,0.0
67.0,670.0,670.0,670.0,65,0.0,0.0
95.0,950.0,950.0,950.0,96,0.0,0.0
99.0,990.0,990.0,990.0,101,0.0,0.0
98.0,980.0,980.0,980.0,107,0.0,0.0
109.0,1090.0,1090.0,1090.0,106,0.0,0.0
80.0,800.0,800.0,800.0,88,0.0,0.0
108.0,1080.0,1080.0,1080.0,106,0.0,0.0
107.0,1070.0,1070.0,1070.0,135,0.0,0.0
177.0,1770.0,1770.0,1770.0,187,0.0,0.0
190.0,1900.0,1900.0,1900.0,185,0.0,0.0
130.0,1300.0,1300.0,1300.0,169,0.0,0.0
177.0,1770.0,1770.0,1770.0,188,0.0,0.0
128.0,1280.0,1280.0,1280.0,116,0.0,0.0
154.0,1540.0,1540.0,1540.0,172,0.0,0.0
161.0,1610.0,1610.0,1610.0,166,0.0,0.0
134.0,1340.0,1340.0,1340.0,158,0.0,0.0
178.0,1780.0,1780.0,1780.0,165,0.0,0.0
114.0,1140.0,1140.0,1140.0,138,0.0,0.0
168.0,1680.0,1680.0,1680.0,158,0.0,0.0
143.0,1430.0,1430.0,1430.0,136,0.0,0.0
104.0,1040.0,1040.0,1040.0,114,0.0,0.0
117.0,1170.0,1170.0,1170.0,114,0.0,0.0
94.0,940.0,940.0,940.0,102,0.0,0.0
118.0,1180.0,1180.0,1180.0,101,0.0,0.0
66.0,660.0,660.0,660.0,64,0.0,1.0
90.0,900.0,900.0,900.0,101,0.0,1.0
105.0,1050.0,1050.0,1050.0,98,0.0,1.0
85.0,850.0,850.0,850.0,94,0.0,1.0
97.0,970.0,970.0,970.0,96,0.0,1.0
77.0,770.0,770.0,770.0,84,0.0,1.0
96.0,960.0,960.0,960.0,85,0.0,1.0
88.0,880.0,880.0,880.0,57,0.0,1.0
25.0,250.0,250.0,250.0,25,0.0,1.0
23.0,230.0,230.0,230.0,23,0.0,1.0
24.0,240.0,240.0,240.0,23,0.0,1.0
23.0,230.0,230.0,230.0,24,0.0,1.0
26.0,260.0,260.0,260.0,24,0.0,1.0
24.0,240.0,240.0,240.0,23,0.0,1.0
23.0,230.0,230.0,230.0,23,0.0,1.0
28.0,280.0,280.0,280.0,25,0.0,1.0
23.0,230.0,230.0,230.0,23,0.0,1.0
22.0,220.0,220.0,220.0,22,0.0,1.0
22.0,220.0,220.0,220.0,24,0.0,1.0
22.0,220.0,220.0,220.0,23,0.0,1.0
23.0,230.0,230.0,230.0,23,0.0,1.0
24.0,240.0,240.0,240.0,24,0.0,1.0
28.0,280.0,280.0,280.0,25,0.0,1.0
23.0,230.0,230.0,230.0,23,0.0,1.0
23.0,230.0,230.0,230.0,23,0.0,1.0
28.0,280.0,280.0,280.0,25,0.0,1.0
23.0,230.0,230.0,230.0,23,0.0,1.0
22.0,220.0,220.0,220.0,23,0.0,1.0
23.0,230.0,230.0,230.0,25,0.0,1.0
22.0,220.0,220.0,220.0,22,0.0,1.0
23.0,230.0,230.0,230.0,23,0.0,1.0
23.0,230.0,230.0,230.0,25,0.0,1.0
22.0,220.0,220.0,220.0,23,0.0,1.0
22.0,220.0,220.0,220.0,23,0.0,1.0
22.0,220.0,220.0,220.0,23,0.0,1.0
24.0,240.0,240.0,240.0,25,0.0,1.0
23.0,230.0,230.0,230.0,23,0.0,1.0
23.0,230.0,230.0,230.0,23,0.0,1.0
24.0,240.0,240.0,240.0,25,0.0,1.0
24.0,240.0,240.0,240.0,24,0.0,1.0
23.0,230.0,230.0,230.0,23,0.0,1.0
23.0,230.0,230.0,230.0,24,0.0,1.0
25.0,250.0,250.0,250.0,24,0.0,1.0
23.0,230.0,230.0,230.0,23,0.0,1.0
23.0,230.0,230.0,230.0,23,0.0,1.0
26.0,260.0,260.0,260.0,25,0.0,1.0
23.0,230.0,230.0,230.0,24,0.0,1.0
23.0,230.0,230.0,230.0,23,0.0,1.0
23.0,230.0,230.0,230.0,26,0.0,0.0
24.0,240.0,240.0,240.0,24,0.0,0.0
23.0,230.0,230.0,230.0,23,0.0,0.0
24.0,240.0,240.0,240.0,23,0.0,0.0
27.0,270.0,270.0,270.0,25,0.0,0.0
22.0,220.0,220.0,220.0,23,0.0,0.0
23.0,230.0,230.0,230.0,23,0.0,0.0
24.0,240.0,240.0,240.0,65,0.0,0.0
172.0,1720.0,1720.0,1720.0,188,0.0,0.0
182.0,1820.0,1820.0,1820.0,179,0.0,0.0
146.0,1460.0,1460.0,1460.0,185,0.0,0.0
182.0,1820.0,1820.0,1820.0,199,0.0,0.0
134.0,1340.0,1340.0,1340.0,117,0.0,0.0
157.0,1570.0,1570.0,1570.0,178,0.0,0.0
175.0,1750.0,1750.0,1750.0,178,0.0,0.0
141.0,1410.0,1410.0,1410.0,169,0.0,0.0
187.0,1870.0,1870.0,1870.0,183,0.0,0.0
136.0,1360.0,1360.0,1360.0,149,0.0,0.0
188.0,1880.0,1880.0,1880.0,171,0.0,0.0
154.0,1540.0,1540.0,1540.0,151,0.0,0.0
115.0,1150.0,1150.0,1150.0,127,0.0,0.0
129.0,1290.0,1290.0,1290.0,124,0.0,0.0
94.0,940.0,940.0,940.0,106,0.0,0.0
119.0,1190.0,1190.0,1190.0,110,0.0,0.0
76.0,760.0,760.0,760.0,71,0.0,0.0
83.0,830.0,830.0,830.0,100,0.0,0.0
106.0,1060.0,1060.0,1060.0,103,0.0,0.0
87.0,870.0,870.0,870.0,105,0.0,0.0
110.0,1100.0,1100.0,1100.0,107,0.0,0.0
91.0,910.0,910.0,910.0,91,0.0,0.0
109.0,1090.0,1090.0,1090.0,110,0.0,0.0
109.0,1090.0,1090.0,1090.0,133,0.0,0.0
170.0,1700.0,1700.0,1700.0,188,0.0,0.0
199.0,1990.0,1990.0,1990.0,191,0.0,0.0
164.0,1640.0,1640.0,1640.0,189,0.0,0.0
192.0,1920.0,1920.0,1920.0,190,0.0,0.0
142.0,1420.0,1420.0,1420.0,121,0.0,0.0
157.0,1570.0,1570.0,1570.0,178,0.0,0.0
192.0,1920.0,1920.0,1920.0,187,0.0,0.0
145.0,1450.0,1450.0,1450.0,167,0.0,0.0
201.0,2010.0,2010.0,2010.0,185,0.0,0.0
116.0,1160.0,1160.0,1160.0,132,0.0,0.0
179.0,1790.0,1790.0,1790.0,175,0.0,0.0
176.0,1760.0,1760.0,1760.0,170,0.0,0.0
132.0,1320.0,1320.0,1320.0,127,0.0,0.0
121.0,1210.0,1210.0,1210.0,130,0.0,0.0
108.0,1080.0,1080.0,1080.0,112,0.0,0.0
117.0,1170.0,1170.0,1170.0,109,0.0,0.0
85.0,850.0,850.0,850.0,78,0.0,0.0
96.0,960.0,960.0,960.0,107,0.0,0.0
89.0,890.0,890.0,890.0,100,0.0,0.0
85.0,850.0,850.0,850.0,102,0.0,0.0
100.0,1000.0,1000.0,1000.0,107,0.0,0.0
86.0,860.0,860.0,860.0,94,0.0,0.0
108.0,1080.0,1080.0,1080.0,106,0.0,0.0
104.0,1040.0,1040.0,1040.0,128,0.0,0.0
164.0,1640.0,1640.0,1640.0,193,0.0,0.0
195.0,1950.0,1950.0,1950.0,204,0.0,0.0
164.0,1640.0,1640.0,1640.0,179,0.0,0.0
180.0,1800.0,1800.0,1800.0,197,0.0,0.0
150.0,1500.0,1500.0,1500.0,128,0.0,0.0
177.0,1770.0,1770.0,1770.0,189,0.0,0.0
197.0,1970.0,1970.0,1970.0,199,0.0,0.0
151.0,1510.0,1510.0,1510.0,171,0.0,0.0
180.0,1800.0,1800.0,1800.0,182,0.0,0.0
133.0,1330.0,1330.0,1330.0,138,0.0,0.0
162.0,1620.0,1620.0,1620.0,162,0.0,0.0
170.0,1700.0,1700.0,1700.0,162,0.0,0.0
126.0,1260.0,1260.0,1260.0,131,0.0,0.0
118.0,1180.0,1180.0,1180.0,117,0.0,0.0
88.0,880.0,880.0,880.0,104,0.0,0.0
106.0,1060.0,1060.0,1060.0,103,0.0,0.0
73.0,730.0,730.0,730.0,71,0.0,0.0
88.0,880.0,880.0,880.0,99,0.0,0.0
97.0,970.0,970.0,970.0,103,0.0,0.0
86.0,860.0,860.0,860.0,100,0.0,0.0
101.0,1010.0,1010.0,1010.0,105,0.0,0.0
80.0,800.0,800.0,800.0,86,0.0,0.0
104.0,1040.0,1040.0,1040.0,106,0.0,0.0
101.0,1010.0,1010.0,1010.0,122,0.0,0.0
184.0,1840.0,1840.0,1840.0,197,0.0,0.0
186.0,1860.0,1860.0,1860.0,192,0.0,0.0
148.0,1480.0,1480.0,1480.0,180,0.0,0.0
177.0,1770.0,1770.0,1770.0,186,0.0,0.0
119.0,1190.0,1190.0,1190.0,104,0.0,0.0
157.0,1570.0,1570.0,1570.0,171,0.0,0.0
178.0,1780.0,1780.0,1780.0,182,0.0,0.0
149.0,1490.0,1490.0,1490.0,164,0.0,0.0
172.0,1720.0,1720.0,1720.0,165,0.0,0.0
110.0,1100.0,1100.0,1100.0,124,0.0,0.0
157.0,1570.0,1570.0,1570.0,164,0.0,0.0
163.0,1630.0,1630.0,1630.0,154,0.0,0.0
132.0,1320.0,1320.0,1320.0,132,0.0,0.0
119.0,1190.0,1190.0,1190.0,120,0.0,0.0
104.0,1040.0,1040.0,1040.0,115,0.0,0.0
107.0,1070.0,1070.0,1070.0,107,0.0,0.0
87.0,870.0,870.0,870.0,78,0.0,0.0
98.0,980.0,980.0,980.0,105,0.0,0.0
104.0,1040.0,1040.0,1040.0,105,0.0,0.0
89.0,890.0,890.0,890.0,102,0.0,0.0
100.0,1000.0,1000.0,1000.0,99,0.0,0.0
87.0,870.0,870.0,870.0,89,0.0,0.0
103.0,1030.0,1030.0,1030.0,103,0.0,0.0
98.0,980.0,980.0,980.0,122,0.0,0.0
169.0,1690.0,1690.0,1690.0,191,0.0,0.0
179.0,1790.0,1790.0,1790.0,185,0.0,0.0
162.0,1620.0,1620.0,1620.0,179,0.0,0.0
179.0,1790.0,1790.0,1790.0,188,0.0,0.0
125.0,1250.0,1250.0,1250.0,113,0.0,0.0
161.0,1610.0,1610.0,1610.0,180,0.0,0.0
177.0,1770.0,1770.0,1770.0,184,0.0,0.0
152.0,1520.0,1520.0,1520.0,175,0.0,0.0
195.0,1950.0,1950.0,1950.0,189,0.0,0.0
110.0,1100.0,1100.0,1100.0,138,0.0,0.0
175.0,1750.0,1750.0,1750.0,175,0.0,0.0
165.0,1650.0,1650.0,1650.0,145,0.0,0.0
107.0,1070.0,1070.0,1070.0,111,0.0,0.0
104.0,1040.0,1040.0,1040.0,107,0.0,0.0
93.0,930.0,930.0,930.0,100,0.0,0.0
98.0,980.0,980.0,980.0,102,0.0,0.0
72.0,720.0,720.0,720.0,68,0.0,1.0
93.0,930.0,930.0,930.0,96,0.0,1.0
100.0,1000.0,1000.0,1000.0,95,0.0,1.0
72.0,720.0,720.0,720.0,93,0.0,1.0
100.0,1000.0,1000.0,1000.0,97,0.0,1.0
75.0,750.0,750.0,750.0,81,0.0,1.0
98.0,980.0,980.0,980.0,95,0.0,1.0
81.0,810.0,810.0,810.0,61,0.0,1.0
28.0,280.0,280.0,280.0,25,0.0,1.0
24.0,240.0,240.0,240.0,24,0.0,1.0
24.0,240.0,240.0,240.0,24,0.0,1.0
26.0,260.0,260.0,260.0,27,0.0,1.0
24.0,240.0,240.0,240.0,23,0.0,1.0
23.0,230.0,230.0,230.0,24,0.0,1.0
24.0,240.0,240.0,240.0,24,0.0,1.0
27.0,270.0,270.0,270.0,26,0.0,1.0
24.0,240.0,240.0,240.0,24,0.0,1.0
24.0,240.0,240.0,240.0,24,0.0,1.0
24.0,240.0,240.0,240.0,25,0.0,1.0
28.0,280.0,280.0,280.0,25,0.0,1.0
23.0,230.0,230.0,230.0,24,0.0,1.0
24.0,240.0,240.0,240.0,25,0.0,1.0
24.0,240.0,240.0,240.0,26,0.0,1.0
24.0,240.0,240.0,240.0,24,0.0,1.0
24.0,240.0,240.0,240.0,24,0.0,1.0
24.0,240.0,240.0,240.0,25,0.0,1.0
29.0,290.0,290.0,290.0,25,0.0,1.0
24.0,240.0,240.0,240.0,24,0.0,1.0
23.0,230.0,230.0,230.0,24,0.0,1.0
24.0,240.0,240.0,240.0,26,0.0,1.0
23.0,230.0,230.0,230.0,24,0.0,1.0
24.0,240.0,240.0,240.0,24,0.0,1.0
24.0,240.0,240.0,240.0,24,0.0,1.0
25.0,250.0,250.0,250.0,26,0.0,1.0
24.0,240.0,240.0,240.0,24,0.0,1.0
23.0,230.0,230.0,230.0,24,0.0,1.0
26.0,260.0,260.0,260.0,26,0.0,1.0
24.0,240.0,240.0,240.0,24,0.0,1.0
24.0,240.0,240.0,240.0,24,0.0,1.0
24.0,240.0,240.0,240.0,25,0.0,1.0
29.0,290.0,290.0,290.0,26,0.0,1.0
24.0,240.0,240.0,240.0,24,0.0,1.0
23.0,230.0,230.0,230.0,23,0.0,1.0
24.0,240.0,240.0,240.0,25,0.0,1.0
23.0,230.0,230.0,230.0,24,0.0,1.0
24.0,240.0,240.0,240.0,24,0.0,1.0
23.0,230.0,230.0,230.0,24,0.0,1.0
26.0,260.0,260.0,260.0,26,0.0,1.0
24.0,240.0,240.0,240.0,24,0.0,0.0
23.0,230.0,230.0,230.0,24,0.0,0.0
24.0,240.0,240.0,240.0,25,0.0,0.0
27.0,270.0,270.0,270.0,25,0.0,0.0
23.0,230.0,230.0,230.0,24,0.0,0.0
24.0,240.0,240.0,240.0,24,0.0,0.0
25.0,250.0,250.0,250.0,26,0.0,0.0
30.0,300.0,300.0,300.0,71,0.0,0.0
177.0,1770.0,1770.0,1770.0,198,0.0,0.0
182.0,1820.0,1820.0,1820.0,184,0.0,0.0
148.0,1480.0,1480.0,1480.0,185,0.0,0.0
202.0,2020.0,2020.0,2020.0,190,0.0,0.0
130.0,1300.0,1300.0,1300.0,113,0.0,0.0
151.0,1510.0,1510.0,1510.0,169,0.0,0.0
176.0,1760.0,1760.0,1760.0,186,0.0,0.0
137.0,1370.0,1370.0,1370.0,158,0.0,0.0
163.0,1630.0,1630.0,1630.0,169,0.0,0.0
122.0,1220.0,1220.0,1220.0,136,0.0,0.0
186.0,1860.0,1860.0,1860.0,175,0.0,0.0
169.0,1690.0,1690.0,1690.0,157,0.0,0.0
98.0,980.0,980.0,980.0,102,0.0,0.0
105.0,1050.0,1050.0,1050.0,110,0.0,0.0
96.0,960.0,960.0,960.0,110,0.0,0.0
106.0,1060.0,1060.0,1060.0,95,0.0,0.0
70.0,700.0,700.0,700.0,68,0.0,0.0
84.0,840.0,840.0,840.0,102,0.0,0.0
116.0,1160.0,1160.0,1160.0,115,0.0,0.0
95.0,950.0,950.0,950.0,105,0.0,0.0
114.0,1140.0,1140.0,1140.0,108,0.0,0.0
81.0,810.0,810.0,810.0,89,0.0,0.0
111.0,1110.0,1110.0,1110.0,105,0.0,0.0
104.0,1040.0,1040.0,1040.0,134,0.0,0.0
179.0,1790.0,1790.0,1790.0,194,0.0,0.0
171.0,1710.0,1710.0,1710.0,181,0.0,0.0
152.0,1520.0,1520.0,1520.0,188,0.0,0.0
203.0,2030.0,2030.0,2030.0,207,0.0,0.0
124.0,1240.0,1240.0,1240.0,110,0.0,0.0
156.0,1560.0,1560.0,1560.0,182,0.0,0.0
194.0,1940.0,1940.0,1940.0,195,0.0,0.0
155.0,1550.0,1550.0,1550.0,179,0.0,0.0
184.0,1840.0,1840.0,1840.0,186,0.0,0.0
143.0,1430.0,1430.0,1430.0,159,0.0,0.0
170.0,1700.0,1700.0,1700.0,169,0.0,0.0
172.0,1720.0,1720.0,1720.0,169,0.0,0.0
146.0,1460.0,1460.0,1460.0,144,0.0,0.0
144.0,1440.0,1440.0,1440.0,144,0.0,0.0
131.0,1310.0,1310.0,1310.0,129,0.0,0.0
139.0,1390.0,1390.0,1390.0,122,0.0,0.0
91.0,910.0,910.0,910.0,88,0.0,0.0
110.0,1100.0,1100.0,1100.0,121,0.0,0.0
119.0,1190.0,1190.0,1190.0,119,0.0,0.0
109.0,1090.0,1090.0,1090.0,122,0.0,0.0
119.0,1190.0,1190.0,1190.0,119,0.0,0.0
97.0,970.0,970.0,970.0,105,0.0,0.0
123.0,1230.0,1230.0,1230.0,124,0.0,0.0
132.0,1320.0,1320.0,1320.0,156,0.0,0.0
187.0,1870.0,1870.0,1870.0,198,0.0,0.0
192.0,1920.0,1920.0,1920.0,198,0.0,0.0
160.0,1600.0,1600.0,1600.0,188,0.0,0.0
202.0,2020.0,2020.0,2020.0,208,0.0,0.0
145.0,1450.0,1450.0,1450.0,121,0.0,0.0
178.0,1780.0,1780.0,1780.0,194,0.0,0.0
190.0,1900.0,1900.0,1900.0,196,0.0,0.0
135.0,1350.0,1350.0,1350.0,161,0.0,0.0
181.0,1810.0,1810.0,1810.0,174,0.0,0.0
123.0,1230.0,1230.0,1230.0,147,0.0,0.0
190.0,1900.0,1900.0,1900.0,183,0.0,0.0
175.0,1750.0,1750.0,1750.0,151,0.0,0.0
104.0,1040.0,1040.0,1040.0,107,0.0,0.0
115.0,1150.0,1150.0,1150.0,110,0.0,0.0
95.0,950.0,950.0,950.0,103,0.0,0.0
116.0,1160.0,1160.0,1160.0,103,0.0,0.0
68.0,680.0,680.0,680.0,68,0.0,0.0
98.0,980.0,980.0,980.0,110,0.0,0.0
103.0,1030.0,1030.0,1030.0,111,0.0,0.0
91.0,910.0,910.0,910.0,110,0.0,0.0
113.0,1130.0,1130.0,1130.0,111,0.0,0.0
85.0,850.0,850.0,850.0,94,0.0,0.0
121.0,1210.0,1210.0,1210.0,116,0.0,0.0
121.0,1210.0,1210.0,1210.0,141,0.0,0.0
175.0,1750.0,1750.0,1750.0,192,0.0,0.0
195.0,1950.0,1950.0,1950.0,198,0.0,0.0
161.0,1610.0,1610.0,1610.0,187,0.0,0.0
207.0,2070.0,2070.0,2070.0,207,0.0,0.0
133.0,1330.0,1330.0,1330.0,112,0.0,0.0
170.0,1700.0,1700.0,1700.0,192,0.0,0.0
170.0,1700.0,1700.0,1700.0,187,0.0,0.0
143.0,1430.0,1430.0,1430.0,164,0.0,0.0
164.0,1640.0,1640.0,1640.0,166,0.0,0.0
117.0,1170.0,1170.0,1170.0,129,0.0,0.0
165.0,1650.0,1650.0,1650.0,174,0.0,0.0
172.0,1720.0,1720.0,1720.0,169,0.0,0.0
130.0,1300.0,1300.0,1300.0,128,0.0,0.0
124.0,1240.0,1240.0,1240.0,126,0.0,0.0
114.0,1140.0,1140.0,1140.0,122,0.0,0.0
127.0,1270.0,1270.0,1270.0,114,0.0,0.0
91.0,910.0,910.0,910.0,88,0.0,0.0
110.0,1100.0,1100.0,1100.0,121,0.0,0.0
119.0,1190.0,1190.0,1190.0,119,0.0,0.0
109.0,1090.0,1090.0,1090.0,122,0.0,0.0
119.0,1190.0,1190.0,1190.0,119,0.0,0.0
97.0,970.0,970.0,970.0,105,0.0,0.0
123.0,1230.0,1230.0,1230.0,124,0.0,0.0
132.0,1320.0,1320.0,1320.0,156,0.0,0.0
187.0,1870.0,1870.0,1870.0,198,0.0,0.0
192.0,1920.0,1920.0,1920.0,198,0.0,0.0
160.0,1600.0,1600.0,1600.0,188,0.0,0.0
202.0,2020.0,2020.0,2020.0,208,0.0,0.0
145.0,1450.0,1450.0,1450.0,121,0.0,0.0
178.0,1780.0,1780.0,1780.0,194,0.0,0.0
190.0,1900.0,1900.0,1900.0,196,0.0,0.0
135.0,1350.0,1350.0,1350.0,161,0.0,0.0
181.0,1810.0,1810.0,1810.0,174,0.0,0.0
123.0,1230.0,1230.0,1230.0,147,0.0,0.0
190.0,1900.0,1900.0,1900.0,183,0.0,0.0
175.0,1750.0,1750.0,1750.0,151,0.0,0.0
104.0,1040.0,1040.0,1040.0,107,0.0,0.0
115.0,1150.0,1150.0,1150.0,110,0.0,0.0
95.0,950.0,950.0,950.0,103,0.0,0.0
116.0,1160.0,1160.0,1160.0,103,0.0,0.0
21.0,210.0,210.0,210.0,23,0.0,1.0
21.0,210.0,210.0,210.0,21,0.0,1.0
21.0,210.0,210.0,210.0,21,0.0,1.0
21.0,210.0,210.0,210.0,21,0.0,1.0
26.0,260.0,260.0,260.0,23,0.0,1.0
21.0,210.0,210.0,210.0,20,0.0,1.0
20.0,200.0,200.0,200.0,21,0.0,1.0
20.0,200.0,200.0,200.0,22,0.0,1.0
20.0,200.0,200.0,200.0,21,0.0,1.0
21.0,210.0,210.0,210.0,21,0.0,1.0
21.0,210.0,210.0,210.0,22,0.0,1.0
26.0,260.0,260.0,260.0,23,0.0,1.0
21.0,210.0,210.0,210.0,21,0.0,1.0
21.0,210.0,210.0,210.0,21,0.0,1.0
21.0,210.0,210.0,210.0,22,0.0,1.0
21.0,210.0,210.0,210.0,22,0.0,1.0
20.0,200.0,200.0,200.0,21,0.0,1.0
21.0,210.0,210.0,210.0,21,0.0,1.0
23.0,230.0,230.0,230.0,23,0.0,1.0
20.0,200.0,200.0,200.0,21,0.0,1.0
21.0,210.0,210.0,210.0,21,0.0,1.0
21.0,210.0,210.0,210.0,23,0.0,1.0
21.0,210.0,210.0,210.0,21,0.0,1.0
21.0,210.0,210.0,210.0,21,0.0,1.0
21.0,210.0,210.0,210.0,21,0.0,1.0
25.0,250.0,250.0,250.0,23,0.0,1.0
21.0,210.0,210.0,210.0,21,0.0,1.0
21.0,210.0,210.0,210.0,21,0.0,1.0
21.0,210.0,210.0,210.0,22,0.0,1.0
24.0,240.0,240.0,240.0,22,0.0,1.0
20.0,200.0,200.0,200.0,20,0.0,1.0
20.0,200.0,200.0,200.0,20,0.0,1.0
21.0,210.0,210.0,210.0,23,0.0,1.0
24.0,240.0,240.0,240.0,22,0.0,1.0
21.0,210.0,210.0,210.0,21,0.0,1.0
21.0,210.0,210.0,210.0,21,0.0,1.0
21.0,210.0,210.0,210.0,23,0.0,1.0
21.0,210.0,210.0,210.0,21,0.0,1.0
21.0,210.0,210.0,210.0,21,0.0,1.0
21.0,210.0,210.0,210.0,22,0.0,1.0
21.0,210.0,210.0,210.0,23,0.0,1.0
21.0,210.0,210.0,210.0,21,0.0,1.0
20.0,200.0,200.0,200.0,20,0.0,1.0
21.0,210.0,210.0,210.0,21,0.0,1.0
26.0,260.0,260.0,260.0,23,0.0,1.0
22.0,220.0,220.0,220.0,22,0.0,1.0
21.0,210.0,210.0,210.0,22,0.0,1.0
20.0,200.0,200.0,200.0,22,0.0,1.0
23.0,230.0,230.0,230.0,21,0.0,0.0
21.0,210.0,210.0,210.0,21,0.0,0.0
21.0,210.0,210.0,210.0,21,0.0,0.0
22.0,220.0,220.0,220.0,23,0.0,0.0
21.0,210.0,210.0,210.0,21,0.0,0.0
21.0,210.0,210.0,210.0,21,0.0,0.0
21.0,210.0,210.0,210.0,22,0.0,0.0
24.0,240.0,240.0,240.0,21,0.0,0.0
20.0,200.0,200.0,200.0,20,0.0,0.0
21.0,210.0,210.0,210.0,21,0.0,0.0
21.0,210.0,210.0,210.0,22,0.0,0.0
21.0,210.0,210.0,210.0,21,0.0,0.0
21.0,210.0,210.0,210.0,21,0.0,0.0
21.0,210.0,210.0,210.0,22,0.0,0.0
23.0,230.0,230.0,230.0,23,0.0,0.0
21.0,210.0,210.0,210.0,21,0.0,0.0
21.0,210.0,210.0,210.0,21,0.0,0.0
21.0,210.0,210.0,210.0,22,0.0,0.0
26.0,260.0,260.0,260.0,22,0.0,0.0
21.0,210.0,210.0,210.0,21,0.0,0.0
21.0,210.0,210.0,210.0,22,0.0,0.0
21.0,210.0,210.0,210.0,22,0.0,0.0
24.0,240.0,240.0,240.0,22,0.0,0.0
21.0,210.0,210.0,210.0,21,0.0,0.0
21.0,210.0,210.0,210.0,21,0.0,0.0
21.0,210.0,210.0,210.0,23,0.0,0.0
20.0,200.0,200.0,200.0,21,0.0,0.0
21.0,210.0,210.0,210.0,21,0.0,0.0
20.0,200.0,200.0,200.0,21,0.0,0.0
20.0,200.0,200.0,200.0,22,0.0,0.0
21.0,210.0,210.0,210.0,21,0.0,0.0
20.0,200.0,200.0,200.0,20,0.0,0.0
20.0,200.0,200.0,200.0,22,0.0,0.0
21.0,210.0,210.0,210.0,21,0.0,0.0
21.0,210.0,210.0,210.0,21,0.0,0.0
21.0,210.0,210.0,210.0,22,0.0,0.0
21.0,210.0,210.0,210.0,23,0.0,0.0
21.0,210.0,210.0,210.0,21,0.0,0.0
21.0,210.0,210.0,210.0,21,0.0,0.0
22.0,220.0,220.0,220.0,23,0.0,0.0
24.0,240.0,240.0,240.0,22,0.0,0.0
21.0,210.0,210.0,210.0,21,0.0,0.0
21.0,210.0,210.0,210.0,22,0.0,0.0
21.0,210.0,210.0,210.0,23,0.0,0.0
20.0,200.0,200.0,200.0,21,0.0,0.0
21.0,210.0,210.0,210.0,22,0.0,0.0
21.0,210.0,210.0,210.0,21,0.0,0.0
21.0,210.0,210.0,210.0,23,0.0,0.0
21.0,210.0,210.0,210.0,21,0.0,0.0
21.0,210.0,210.0,210.0,21,0.0,0.0
20.0,200.0,200.0,200.0,20,0.0,0.0
25.0,250.0,250.0,250.0,22,0.0,0.0
21.0,210.0,210.0,210.0,21,0.0,0.0
21.0,210.0,210.0,210.0,21,0.0,0.0
21.0,210.0,210.0,210.0,23,0.0,0.0
20.0,200.0,200.0,200.0,20,0.0,0.0
20.0,200.0,200.0,200.0,21,0.0,0.0
20.0,200.0,200.0,200.0,21,0.0,0.0
20.0,200.0,200.0,200.0,22,0.0,0.0
21.0,210.0,210.0,210.0,21,0.0,0.0
21.0,210.0,210.0,210.0,21,0.0,0.0
21.0,210.0,210.0,210.0,22,0.0,0.0
24.0,240.0,240.0,240.0,22,0.0,0.0
21.0,210.0,210.0,210.0,22,0.0,0.0
21.0,210.0,210.0,210.0,21,0.0,0.0
21.0,210.0,210.0,210.0,23,0.0,0.0
22.0,220.0,220.0,220.0,21,0.0,0.0
21.0,210.0,210.0,210.0,21,0.0,0.0
21.0,210.0,210.0,210.0,21,0.0,0.0
21.0,210.0,210.0,210.0,23,0.0,0.0
21.0,210.0,210.0,210.0,21,0.0,0.0
22.0,220.0,220.0,220.0,21,0.0,0.0
21.0,210.0,210.0,210.0,21,0.0,0.0
25.0,250.0,250.0,250.0,22,0.0,0.0
21.0,210.0,210.0,210.0,21,0.0,0.0
21.0,210.0,210.0,210.0,21,0.0,0.0
21.0,210.0,210.0,210.0,22,0.0,0.0
22.0,220.0,220.0,220.0,21,0.0,0.0
21.0,210.0,210.0,210.0,21,0.0,0.0
20.0,200.0,200.0,200.0,20,0.0,0.0
20.0,200.0,200.0,200.0,22,0.0,0.0
20.0,200.0,200.0,200.0,21,0.0,0.0
21.0,210.0,210.0,210.0,21,0.0,0.0
21.0,210.0,210.0,210.0,22,0.0,0.0
24.0,240.0,240.0,240.0,22,0.0,0.0
21.0,210.0,210.0,210.0,22,0.0,0.0
21.0,210.0,210.0,210.0,21,0.0,0.0
22.0,220.0,220.0,220.0,23,0.0,0.0
21.0,210.0,210.0,210.0,22,0.0,0.0
21.0,210.0,210.0,210.0,22,0.0,0.0
21.0,210.0,210.0,210.0,21,0.0,0.0
22.0,220.0,220.0,220.0,22,0.0,0.0
21.0,210.0,210.0,210.0,21,0.0,0.0
21.0,210.0,210.0,210.0,21,0.0,0.0
21.0,210.0,210.0,210.0,22,0.0,0.0
26.0,260.0,260.0,260.0,23,0.0,0.0
21.0,210.0,210.0,210.0,21,0.0,0.0
21.0,210.0,210.0,210.0,21,0.0,0.0
20.0,200.0,200.0,200.0,20,0.0,0.0
25.0,250.0,250.0,250.0,22,0.0,0.0
21.0,210.0,210.0,210.0,22,0.0,0.0
21.0,210.0,210.0,210.0,21,0.0,0.0
19.0,190.0,190.0,190.0,22,0.0,0.0
20.0,200.0,200.0,200.0,20,0.0,0.0
20.0,200.0,200.0,200.0,20,0.0,0.0
21.0,210.0,210.0,210.0,21,0.0,0.0
24.0,240.0,240.0,240.0,24,0.0,0.0
23.0,230.0,230.0,230.0,24,0.0,0.0
24.0,240.0,240.0,240.0,24,0.0,0.0
23.0,230.0,230.0,230.0,23,0.0,0.0
27.0,270.0,270.0,270.0,24,0.0,0.0
21.0,210.0,210.0,210.0,22,0.0,0.0
21.0,210.0,210.0,210.0,22,0.0,0.0
22.0,220.0,220.0,220.0,23,0.0,0.0
22.0,220.0,220.0,220.0,22,0.0,0.0
21.0,210.0,210.0,210.0,21,0.0,0.0
21.0,210.0,210.0,210.0,21,0.0,0.0
24.0,240.0,240.0,240.0,23,0.0,0.0
21.0,210.0,210.0,210.0,21,0.0,0.0
21.0,210.0,210.0,210.0,21,0.0,0.0
21.0,210.0,210.0,210.0,22,0.0,1.0
25.0,250.0,250.0,250.0,22,0.0,1.0
21.0,210.0,210.0,210.0,21,0.0,1.0
21.0,210.0,210.0,210.0,21,0.0,1.0
21.0,210.0,210.0,210.0,21,0.0,1.0
24.0,240.0,240.0,240.0,22,0.0,1.0
21.0,210.0,210.0,210.0,21,0.0,1.0
21.0,210.0,210.0,210.0,21,0.0,1.0
20.0,200.0,200.0,200.0,22,0.0,1.0
24.0,240.0,240.0,240.0,22,0.0,1.0
21.0,210.0,210.0,210.0,21,0.0,1.0
21.0,210.0,210.0,210.0,21,0.0,1.0
21.0,210.0,210.0,210.0,23,0.0,1.0
21.0,210.0,210.0,210.0,21,0.0,1.0
21.0,210.0,210.0,210.0,21,0.0,1.0
22.0,220.0,220.0,220.0,21,0.0,1.0
24.0,240.0,240.0,240.0,24,0.0,1.0
21.0,210.0,210.0,210.0,21,0.0,1.0
21.0,210.0,210.0,210.0,21,0.0,1.0
21.0,210.0,210.0,210.0,22,0.0,1.0
26.0,260.0,260.0,260.0,23,0.0,1.0
22.0,220.0,220.0,220.0,22,0.0,1.0
21.0,210.0,210.0,210.0,21,0.0,1.0
23.0,230.0,230.0,230.0,23,0.0,1.0
21.0,210.0,210.0,210.0,21,0.0,1.0
21.0,210.0,210.0,210.0,21,0.0,1.0
21.0,210.0,210.0,210.0,21,0.0,1.0
21.0,210.0,210.0,210.0,23,0.0,1.0
21.0,210.0,210.0,210.0,21,0.0,1.0
21.0,210.0,210.0,210.0,21,0.0,1.0
21.0,210.0,210.0,210.0,21,0.0,1.0
25.0,250.0,250.0,250.0,22,0.0,1.0
20.0,200.0,200.0,200.0,21,0.0,1.0
21.0,210.0,210.0,210.0,21,0.0,1.0
21.0,210.0,210.0,210.0,23,0.0,1.0
21.0,210.0,210.0,210.0,21,0.0,1.0
21.0,210.0,210.0,210.0,21,0.0,1.0
20.0,200.0,200.0,200.0,21,0.0,1.0
20.0,200.0,200.0,200.0,22,0.0,1.0
20.0,200.0,200.0,200.0,21,0.0,1.0
21.0,210.0,210.0,210.0,21,0.0,1.0
21.0,210.0,210.0,210.0,22,0.0,1.0
24.0,240.0,240.0,240.0,22,0.0,1.0
21.0,210.0,210.0,210.0,21,0.0,1.0
21.0,210.0,210.0,210.0,21,0.0,1.0
21.0,210.0,210.0,210.0,22,0.0,1.0
22.0,220.0,220.0,220.0,21,0.0,1.0
20.0,200.0,200.0,200.0,21,0.0,1.0
21.0,210.0,210.0,210.0,21,0.0,0.0
21.0,210.0,210.0,210.0,23,0.0,0.0
21.0,210.0,210.0,210.0,20,0.0,0.0
21.0,210.0,210.0,210.0,22,0.0,0.0
20.0,200.0,200.0,200.0,21,0.0,0.0
25.0,250.0,250.0,250.0,21,0.0,0.0
20.0,200.0,200.0,200.0,20,0.0,0.0
27.0,270.0,270.0,270.0,70,0.0,0.0
158.0,1580.0,1580.0,1580.0,193,0.0,0.0
197.0,1970.0,1970.0,1970.0,191,0.0,0.0
167.0,1670.0,1670.0,1670.0,182,0.0,0.0
192.0,1920.0,1920.0,1920.0,187,0.0,0.0
144.0,1440.0,1440.0,1440.0,129,0.0,0.0
160.0,1600.0,1600.0,1600.0,182,0.0,0.0
191.0,1910.0,1910.0,1910.0,183,0.0,0.0
149.0,1490.0,1490.0,1490.0,167,0.0,0.0
191.0,1910.0,1910.0,1910.0,184,0.0,0.0
169.0,1690.0,1690.0,1690.0,146,0.0,0.0
103.0,1030.0,1030.0,1030.0,98,0.0,0.0
95.0,950.0,950.0,950.0,93,0.0,0.0
100.0,1000.0,1000.0,1000.0,109,0.0,0.0
116.0,1160.0,1160.0,1160.0,115,0.0,0.0
106.0,1060.0,1060.0,1060.0,109,0.0,0.0
108.0,1080.0,1080.0,1080.0,98,0.0,0.0
71.0,710.0,710.0,710.0,68,0.0,0.0
104.0,1040.0,1040.0,1040.0,99,0.0,0.0
96.0,960.0,960.0,960.0,96,0.0,0.0
86.0,860.0,860.0,860.0,98,0.0,0.0
103.0,1030.0,1030.0,1030.0,101,0.0,0.0
78.0,780.0,780.0,780.0,85,0.0,0.0
96.0,960.0,960.0,960.0,100,0.0,0.0
115.0,1150.0,1150.0,1150.0,128,0.0,0.0
158.0,1580.0,1580.0,1580.0,183,0.0,0.0
182.0,1820.0,1820.0,1820.0,185,0.0,0.0
142.0,1420.0,1420.0,1420.0,175,0.0,0.0
180.0,1800.0,1800.0,1800.0,185,0.0,0.0
119.0,1190.0,1190.0,1190.0,107,0.0,0.0
161.0,1610.0,1610.0,1610.0,181,0.0,0.0
180.0,1800.0,1800.0,1800.0,170,0.0,0.0
133.0,1330.0,1330.0,1330.0,155,0.0,0.0
178.0,1780.0,1780.0,1780.0,169,0.0,0.0
116.0,1160.0,1160.0,1160.0,126,0.0,0.0
162.0,1620.0,1620.0,1620.0,165,0.0,0.0
161.0,1610.0,1610.0,1610.0,156,0.0,0.0
117.0,1170.0,1170.0,1170.0,129,0.0,0.0
127.0,1270.0,1270.0,1270.0,123,0.0,0.0
99.0,990.0,990.0,990.0,106,0.0,0.0
103.0,1030.0,1030.0,1030.0,99,0.0,0.0
81.0,810.0,810.0,810.0,77,0.0,0.0
102.0,1020.0,1020.0,1020.0,99,0.0,0.0
101.0,1010.0,1010.0,1010.0,109,0.0,0.0
97.0,970.0,970.0,970.0,104,0.0,0.0
105.0,1050.0,1050.0,1050.0,111,0.0,0.0
91.0,910.0,910.0,910.0,92,0.0,0.0
118.0,1180.0,1180.0,1180.0,122,0.0,0.0
116.0,1160.0,1160.0,1160.0,132,0.0,0.0
176.0,1760.0,1760.0,1760.0,203,0.0,0.0
185.0,1850.0,1850.0,1850.0,179,0.0,0.0
165.0,1650.0,1650.0,1650.0,183,0.0,0.0
176.0,1760.0,1760.0,1760.0,184,0.0,0.0
132.0,1320.0,1320.0,1320.0,113,0.0,0.0
159.0,1590.0,1590.0,1590.0,183,0.0,0.0
207.0,2070.0,2070.0,2070.0,187,0.0,0.0
131.0,1310.0,1310.0,1310.0,153,0.0,0.0
185.0,1850.0,1850.0,1850.0,182,0.0,0.0
141.0,1410.0,1410.0,1410.0,151,0.0,0.0
194.0,1940.0,1940.0,1940.0,180,0.0,0.0
163.0,1630.0,1630.0,1630.0,150,0.0,0.0
123.0,1230.0,1230.0,1230.0,125,0.0,0.0
115.0,1150.0,1150.0,1150.0,108,0.0,0.0
108.0,1080.0,1080.0,1080.0,110,0.0,0.0
104.0,1040.0,1040.0,1040.0,99,0.0,0.0
81.0,810.0,810.0,810.0,76,0.0,0.0
93.0,930.0,930.0,930.0,105,0.0,0.0
107.0,1070.0,1070.0,1070.0,108,0.0,0.0
87.0,870.0,870.0,870.0,104,0.0,0.0
114.0,1140.0,1140.0,1140.0,107,0.0,0.0
77.0,770.0,770.0,770.0,89,0.0,0.0
114.0,1140.0,1140.0,1140.0,114,0.0,0.0
114.0,1140.0,1140.0,1140.0,130,0.0,0.0
164.0,1640.0,1640.0,1640.0,187,0.0,0.0
189.0,1890.0,1890.0,1890.0,181,0.0,0.0
158.0,1580.0,1580.0,1580.0,177,0.0,0.0
176.0,1760.0,1760.0,1760.0,188,0.0,0.0
133.0,1330.0,1330.0,1330.0,120,0.0,0.0
153.0,1530.0,1530.0,1530.0,170,0.0,0.0
189.0,1890.0,1890.0,1890.0,184,0.0,0.0
132.0,1320.0,1320.0,1320.0,165,0.0,0.0
172.0,1720.0,1720.0,1720.0,170,0.0,0.0
127.0,1270.0,1270.0,1270.0,135,0.0,0.0
173.0,1730.0,1730.0,1730.0,172,0.0,0.0
169.0,1690.0,1690.0,1690.0,161,0.0,0.0
120.0,1200.0,1200.0,1200.0,125,0.0,0.0
110.0,1100.0,1100.0,1100.0,112,0.0,0.0
109.0,1090.0,1090.0,1090.0,116,0.0,0.0
118.0,1180.0,1180.0,1180.0,103,0.0,0.0
79.0,790.0,790.0,790.0,72,0.0,0.0
90.0,900.0,900.0,900.0,100,0.0,0.0
109.0,1090.0,1090.0,1090.0,112,0.0,0.0
114.0,1140.0,1140.0,1140.0,116,0.0,0.0
116.0,1160.0,1160.0,1160.0,110,0.0,0.0
79.0,790.0,790.0,790.0,88,0.0,0.0
115.0,1150.0,1150.0,1150.0,110,0.0,0.0
108.0,1080.0,1080.0,1080.0,136,0.0,0.0
188.0,1880.0,1880.0,1880.0,196,0.0,0.0
184.0,1840.0,1840.0,1840.0,188,0.0,0.0
151.0,1510.0,1510.0,1510.0,184,0.0,0.0
185.0,1850.0,1850.0,1850.0,196,0.0,0.0
134.0,1340.0,1340.0,1340.0,111,0.0,0.0
162.0,1620.0,1620.0,1620.0,183,0.0,0.0
200.0,2000.0,2000.0,2000.0,189,0.0,0.0
140.0,1400.0,1400.0,1400.0,167,0.0,0.0
186.0,1860.0,1860.0,1860.0,183,0.0,0.0
131.0,1310.0,1310.0,1310.0,149,0.0,0.0
172.0,1720.0,1720.0,1720.0,174,0.0,0.0
168.0,1680.0,1680.0,1680.0,146,0.0,0.0
106.0,1060.0,1060.0,1060.0,117,0.0,0.0
119.0,1190.0,1190.0,1190.0,113,0.0,0.0
100.0,1000.0,1000.0,1000.0,109,0.0,0.0
116.0,1160.0,1160.0,1160.0,97,0.0,0.0
67.0,670.0,670.0,670.0,62,0.0,1.0
83.0,830.0,830.0,830.0,97,0.0,1.0
108.0,1080.0,1080.0,1080.0,107,0.0,1.0
89.0,890.0,890.0,890.0,91,0.0,1.0
100.0,1000.0,1000.0,1000.0,98,0.0,1.0
80.0,800.0,800.0,800.0,83,0.0,1.0
91.0,910.0,910.0,910.0,86,0.0,1.0
75.0,750.0,750.0,750.0,53,0.0,1.0
26.0,260.0,260.0,260.0,23,0.0,1.0
22.0,220.0,220.0,220.0,22,0.0,1.0
21.0,210.0,210.0,210.0,21,0.0,1.0
20.0,200.0,200.0,200.0,23,0.0,1.0
23.0,230.0,230.0,230.0,22,0.0,1.0
20.0,200.0,200.0,200.0,21,0.0,1.0
21.0,210.0,210.0,210.0,22,0.0,1.0
22.0,220.0,220.0,220.0,23,0.0,1.0
22.0,220.0,220.0,220.0,22,0.0,1.0
22.0,220.0,220.0,220.0,21,0.0,1.0
24.0,240.0,240.0,240.0,22,0.0,1.0
26.0,260.0,260.0,260.0,23,0.0,1.0
21.0,210.0,210.0,210.0,22,0.0,1.0
22.0,220.0,220.0,220.0,22,0.0,1.0
22.0,220.0,220.0,220.0,23,0.0,1.0
22.0,220.0,220.0,220.0,22,0.0,1.0
21.0,210.0,210.0,210.0,22,0.0,1.0
21.0,210.0,210.0,210.0,23,0.0,1.0
24.0,240.0,240.0,240.0,22,0.0,1.0
21.0,210.0,210.0,210.0,21,0.0,1.0
22.0,220.0,220.0,220.0,22,0.0,1.0
25.0,250.0,250.0,250.0,23,0.0,1.0
22.0,220.0,220.0,220.0,22,0.0,1.0
21.0,210.0,210.0,210.0,21,0.0,1.0
22.0,220.0,220.0,220.0,23,0.0,1.0
24.0,240.0,240.0,240.0,23,0.0,1.0
21.0,210.0,210.0,210.0,21,0.0,1.0
21.0,210.0,210.0,210.0,22,0.0,1.0
21.0,210.0,210.0,210.0,23,0.0,1.0
22.0,220.0,220.0,220.0,22,0.0,1.0
21.0,210.0,210.0,210.0,22,0.0,1.0
21.0,210.0,210.0,210.0,21,0.0,1.0
25.0,250.0,250.0,250.0,23,0.0,1.0
22.0,220.0,220.0,220.0,22,0.0,1.0
21.0,210.0,210.0,210.0,21,0.0,1.0
21.0,210.0,210.0,210.0,23,0.0,1.0
22.0,220.0,220.0,220.0,22,0.0,1.0
22.0,220.0,220.0,220.0,22,0.0,1.0
22.0,220.0,220.0,220.0,23,0.0,1.0
25.0,250.0,250.0,250.0,23,0.0,1.0
22.0,220.0,220.0,220.0,22,1.0,0.0
20.0,200.0,200.0,200.0,21,1.0,0.0
20.0,200.0,200.0,200.0,23,1.0,0.0
21.0,210.0,210.0,210.0,21,1.0,0.0
21.0,210.0,210.0,210.0,22,1.0,0.0
21.0,210.0,210.0,210.0,22,1.0,0.0
23.0,230.0,230.0,230.0,23,1.0,0.0
24.0,240.0,240.0,240.0,60,1.0,0.0
152.0,1520.0,1520.0,1520.0,174,1.0,0.0
184.0,1840.0,1840.0,1840.0,183,1.0,0.0
116.0,1160.0,1160.0,1160.0,144,1.0,0.0
156.0,1560.0,1560.0,1560.0,155,1.0,0.0
107.0,1070.0,1070.0,1070.0,97,1.0,0.0
157.0,1570.0,1570.0,1570.0,153,1.0,0.0
153.0,1530.0,1530.0,1530.0,146,1.0,0.0
112.0,1120.0,1120.0,1120.0,133,1.0,0.0
117.0,1170.0,1170.0,1170.0,116,1.0,0.0
105.0,1050.0,1050.0,1050.0,100,1.0,0.0
94.0,940.0,940.0,940.0,92,1.0,0.0
95.0,950.0,950.0,950.0,89,1.0,0.0
95.0,950.0,950.0,950.0,98,1.0,0.0
113.0,1130.0,1130.0,1130.0,112,1.0,0.0
86.0,860.0,860.0,860.0,95,1.0,0.0
94.0,940.0,940.0,940.0,96,1.0,0.0
71.0,710.0,710.0,710.0,70,0.0,0.0
90.0,900.0,900.0,900.0,96,0.0,0.0
98.0,980.0,980.0,980.0,98,0.0,0.0
83.0,830.0,830.0,830.0,92,0.0,0.0
86.0,860.0,860.0,860.0,93,0.0,0.0
77.0,770.0,770.0,770.0,86,0.0,0.0
94.0,940.0,940.0,940.0,94,0.0,0.0
95.0,950.0,950.0,950.0,125,0.0,0.0
156.0,1560.0,1560.0,1560.0,164,0.0,0.0
156.0,1560.0,1560.0,1560.0,163,0.0,0.0
126.0,1260.0,1260.0,1260.0,153,0.0,0.0
165.0,1650.0,1650.0,1650.0,169,0.0,0.0
109.0,1090.0,1090.0,1090.0,110,0.0,0.0
159.0,1590.0,1590.0,1590.0,162,0.0,0.0
164.0,1640.0,1640.0,1640.0,161,0.0,0.0
120.0,1200.0,1200.0,1200.0,150,0.0,0.0
158.0,1580.0,1580.0,1580.0,152,0.0,0.0
104.0,1040.0,1040.0,1040.0,113,0.0,0.0
137.0,1370.0,1370.0,1370.0,149,0.0,0.0
143.0,1430.0,1430.0,1430.0,138,0.0,0.0
116.0,1160.0,1160.0,1160.0,120,0.0,0.0
120.0,1200.0,1200.0,1200.0,118,0.0,0.0
90.0,900.0,900.0,900.0,110,0.0,0.0
118.0,1180.0,1180.0,1180.0,104,0.0,0.0
66.0,660.0,660.0,660.0,65,0.0,0.0
84.0,840.0,840.0,840.0,95,0.0,0.0
101.0,1010.0,1010.0,1010.0,103,0.0,0.0
78.0,780.0,780.0,780.0,91,0.0,0.0
93.0,930.0,930.0,930.0,95,0.0,0.0
78.0,780.0,780.0,780.0,83,0.0,0.0
96.0,960.0,960.0,960.0,101,0.0,0.0
105.0,1050.0,1050.0,1050.0,125,0.0,0.0
146.0,1460.0,1460.0,1460.0,163,0.0,0.0
171.0,1710.0,1710.0,1710.0,169,0.0,0.0
134.0,1340.0,1340.0,1340.0,159,0.0,0.0
173.0,1730.0,1730.0,1730.0,173,0.0,0.0
109.0,1090.0,1090.0,1090.0,102,0.0,0.0
166.0,1660.0,1660.0,1660.0,171,0.0,0.0
175.0,1750.0,1750.0,1750.0,179,0.0,0.0
141.0,1410.0,1410.0,1410.0,170,0.0,0.0
188.0,1880.0,1880.0,1880.0,166,0.0,0.0
118.0,1180.0,1180.0,1180.0,141,0.0,0.0
168.0,1680.0,1680.0,1680.0,164,0.0,0.0
150.0,1500.0,1500.0,1500.0,143,0.0,0.0
116.0,1160.0,1160.0,1160.0,120,0.0,0.0
109.0,1090.0,1090.0,1090.0,115,0.0,0.0
102.0,1020.0,1020.0,1020.0,112,0.0,0.0
103.0,1030.0,1030.0,1030.0,105,0.0,0.0
77.0,770.0,770.0,770.0,71,0.0,0.0
84.0,840.0,840.0,840.0,102,0.0,0.0
116.0,1160.0,1160.0,1160.0,109,0.0,0.0
93.0,930.0,930.0,930.0,109,0.0,0.0
108.0,1080.0,1080.0,1080.0,104,0.0,0.0
78.0,780.0,780.0,780.0,88,0.0,0.0
110.0,1100.0,1100.0,1100.0,109,0.0,0.0
91.0,910.0,910.0,910.0,123,0.0,0.0
174.0,1740.0,1740.0,1740.0,174,0.0,0.0
162.0,1620.0,1620.0,1620.0,174,0.0,0.0
142.0,1420.0,1420.0,1420.0,163,0.0,0.0
176.0,1760.0,1760.0,1760.0,177,0.0,0.0
114.0,1140.0,1140.0,1140.0,105,0.0,0.0
168.0,1680.0,1680.0,1680.0,168,0.0,0.0
178.0,1780.0,1780.0,1780.0,175,0.0,0.0
145.0,1450.0,1450.0,1450.0,170,0.0,0.0
166.0,1660.0,1660.0,1660.0,166,0.0,0.0
122.0,1220.0,1220.0,1220.0,130,0.0,0.0
161.0,1610.0,1610.0,1610.0,152,0.0,0.0
153.0,1530.0,1530.0,1530.0,147,0.0,0.0
121.0,1210.0,1210.0,1210.0,128,0.0,0.0
121.0,1210.0,1210.0,1210.0,121,0.0,0.0
105.0,1050.0,1050.0,1050.0,116,0.0,0.0
117.0,1170.0,1170.0,1170.0,110,0.0,0.0
80.0,800.0,800.0,800.0,73,0.0,0.0
89.0,890.0,890.0,890.0,101,0.0,0.0
104.0,1040.0,1040.0,1040.0,107,0.0,0.0
92.0,920.0,920.0,920.0,102,0.0,0.0
106.0,1060.0,1060.0,1060.0,99,0.0,0.0
78.0,780.0,780.0,780.0,88,0.0,0.0
112.0,1120.0,1120.0,1120.0,111,0.0,0.0
109.0,1090.0,1090.0,1090.0,127,0.0,0.0
160.0,1600.0,1600.0,1600.0,171,0.0,0.0
154.0,1540.0,1540.0,1540.0,165,0.0,0.0
142.0,1420.0,1420.0,1420.0,157,0.0,0.0
183.0,1830.0,1830.0,1830.0,187,0.0,0.0
118.0,1180.0,1180.0,1180.0,111,0.0,0.0
175.0,1750.0,1750.0,1750.0,177,0.0,0.0
177.0,1770.0,1770.0,1770.0,175,0.0,0.0
124.0,1240.0,1240.0,1240.0,159,0.0,0.0
176.0,1760.0,1760.0,1760.0,171,0.0,0.0
105.0,1050.0,1050.0,1050.0,134,0.0,0.0
148.0,1480.0,1480.0,1480.0,155,0.0,0.0
146.0,1460.0,1460.0,1460.0,125,0.0,0.0
99.0,990.0,990.0,990.0,114,0.0,0.0
120.0,1200.0,1200.0,1200.0,118,0.0,0.0
91.0,910.0,910.0,910.0,106,0.0,0.0
102.0,1020.0,1020.0,1020.0,98,0.0,0.0
64.0,640.0,640.0,640.0,63,0.0,1.0
92.0,920.0,920.0,920.0,95,0.0,1.0
99.0,990.0,990.0,990.0,104,0.0,1.0
86.0,860.0,860.0,860.0,94,0.0,1.0
105.0,1050.0,1050.0,1050.0,104,0.0,1.0
90.0,900.0,900.0,900.0,95,0.0,1.0
100.0,1000.0,1000.0,1000.0,99,0.0,1.0
94.0,940.0,940.0,940.0,69,0.0,1.0
26.0,260.0,260.0,260.0,23,0.0,1.0
21.0,210.0,210.0,210.0,21,0.0,1.0
21.0,210.0,210.0,210.0,21,0.0,1.0
21.0,210.0,210.0,210.0,23,0.0,1.0
22.0,220.0,220.0,220.0,22,0.0,1.0
21.0,210.0,210.0,210.0,21,0.0,1.0
21.0,210.0,210.0,210.0,23,0.0,1.0
23.0,230.0,230.0,230.0,22,0.0,1.0
22.0,220.0,220.0,220.0,22,0.0,1.0
22.0,220.0,220.0,220.0,22,0.0,1.0
26.0,260.0,260.0,260.0,25,0.0,1.0
21.0,210.0,210.0,210.0,21,0.0,1.0
21.0,210.0,210.0,210.0,22,0.0,1.0
23.0,230.0,230.0,230.0,23,0.0,1.0
24.0,240.0,240.0,240.0,25,0.0,1.0
22.0,220.0,220.0,220.0,22,0.0,1.0
22.0,220.0,220.0,220.0,22,0.0,1.0
23.0,230.0,230.0,230.0,23,0.0,1.0
27.0,270.0,270.0,270.0,24,0.0,1.0
23.0,230.0,230.0,230.0,23,0.0,1.0
22.0,220.0,220.0,220.0,22,0.0,1.0
22.0,220.0,220.0,220.0,24,0.0,1.0
22.0,220.0,220.0,220.0,22,0.0,1.0
21.0,210.0,210.0,210.0,22,0.0,1.0
22.0,220.0,220.0,220.0,22,0.0,1.0
25.0,250.0,250.0,250.0,24,0.0,1.0
22.0,220.0,220.0,220.0,22,0.0,1.0
23.0,230.0,230.0,230.0,22,0.0,1.0
22.0,220.0,220.0,220.0,23,0.0,1.0
26.0,260.0,260.0,260.0,24,0.0,1.0
23.0,230.0,230.0,230.0,23,0.0,1.0
23.0,230.0,230.0,230.0,23,0.0,1.0
23.0,230.0,230.0,230.0,25,0.0,1.0
22.0,220.0,220.0,220.0,22,0.0,1.0
22.0,220.0,220.0,220.0,22,0.0,1.0
22.0,220.0,220.0,220.0,22,0.0,1.0
25.0,250.0,250.0,250.0,24,0.0,1.0
22.0,220.0,220.0,220.0,22,0.0,1.0
23.0,230.0,230.0,230.0,23,0.0,1.0
22.0,220.0,220.0,220.0,23,0.0,1.0
25.0,250.0,250.0,250.0,23,0.0,0.0
22.0,220.0,220.0,220.0,23,0.0,0.0
23.0,230.0,230.0,230.0,23,0.0,0.0
22.0,220.0,220.0,220.0,24,0.0,0.0
22.0,220.0,220.0,220.0,22,0.0,0.0
22.0,220.0,220.0,220.0,22,0.0,0.0
22.0,220.0,220.0,220.0,21,0.0,0.0
28.0,280.0,280.0,280.0,58,0.0,0.0
152.0,1520.0,1520.0,1520.0,167,0.0,0.0
187.0,1870.0,1870.0,1870.0,180,0.0,0.0
144.0,1440.0,1440.0,1440.0,170,0.0,0.0
172.0,1720.0,1720.0,1720.0,184,0.0,0.0
124.0,1240.0,1240.0,1240.0,116,0.0,0.0
184.0,1840.0,1840.0,1840.0,184,0.0,0.0
181.0,1810.0,1810.0,1810.0,184,0.0,0.0
151.0,1510.0,1510.0,1510.0,180,0.0,0.0
173.0,1730.0,1730.0,1730.0,172,0.0,0.0
124.0,1240.0,1240.0,1240.0,142,0.0,0.0
179.0,1790.0,1790.0,1790.0,156,0.0,0.0
137.0,1370.0,1370.0,1370.0,129,0.0,0.0
100.0,1000.0,1000.0,1000.0,112,0.0,0.0
111.0,1110.0,1110.0,1110.0,111,0.0,0.0
101.0,1010.0,1010.0,1010.0,109,0.0,0.0
107.0,1070.0,1070.0,1070.0,96,0.0,0.0
67.0,670.0,670.0,670.0,65,0.0,0.0
90.0,900.0,900.0,900.0,105,0.0,0.0
115.0,1150.0,1150.0,1150.0,110,0.0,0.0
95.0,950.0,950.0,950.0,105,0.0,0.0
109.0,1090.0,1090.0,1090.0,108,0.0,0.0
81.0,810.0,810.0,810.0,88,0.0,0.0
112.0,1120.0,1120.0,1120.0,109,0.0,0.0
116.0,1160.0,1160.0,1160.0,131,0.0,0.0
167.0,1670.0,1670.0,1670.0,187,0.0,0.0
182.0,1820.0,1820.0,1820.0,181,0.0,0.0
151.0,1510.0,1510.0,1510.0,171,0.0,0.0
179.0,1790.0,1790.0,1790.0,183,0.0,0.0
125.0,1250.0,1250.0,1250.0,115,0.0,0.0
165.0,1650.0,1650.0,1650.0,174,0.0,0.0
190.0,1900.0,1900.0,1900.0,186,0.0,0.0
139.0,1390.0,1390.0,1390.0,175,0.0,0.0
191.0,1910.0,1910.0,1910.0,184,0.0,0.0
131.0,1310.0,1310.0,1310.0,139,0.0,0.0
148.0,1480.0,1480.0,1480.0,152,0.0,0.0
164.0,1640.0,1640.0,1640.0,150,0.0,0.0
117.0,1170.0,1170.0,1170.0,121,0.0,0.0
122.0,1220.0,1220.0,1220.0,121,0.0,0.0
112.0,1120.0,1120.0,1120.0,113,0.0,0.0
102.0,1020.0,1020.0,1020.0,99,0.0,0.0
81.0,810.0,810.0,810.0,77,0.0,0.0
90.0,900.0,900.0,900.0,104,0.0,0.0
115.0,1150.0,1150.0,1150.0,109,0.0,0.0
90.0,900.0,900.0,900.0,99,0.0,0.0
109.0,1090.0,1090.0,1090.0,109,0.0,0.0
90.0,900.0,900.0,900.0,91,0.0,0.0
101.0,1010.0,1010.0,1010.0,104,0.0,0.0
109.0,1090.0,1090.0,1090.0,139,0.0,0.0
156.0,1560.0,1560.0,1560.0,174,0.0,0.0
161.0,1610.0,1610.0,1610.0,171,0.0,0.0
153.0,1530.0,1530.0,1530.0,177,0.0,0.0
172.0,1720.0,1720.0,1720.0,173,0.0,0.0
121.0,1210.0,1210.0,1210.0,110,0.0,0.0
170.0,1700.0,1700.0,1700.0,174,0.0,0.0
179.0,1790.0,1790.0,1790.0,177,0.0,0.0
142.0,1420.0,1420.0,1420.0,169,0.0,0.0
172.0,1720.0,1720.0,1720.0,162,0.0,0.0
131.0,1310.0,1310.0,1310.0,146,0.0,0.0
172.0,1720.0,1720.0,1720.0,167,0.0,0.0
150.0,1500.0,1500.0,1500.0,139,0.0,0.0
101.0,1010.0,1010.0,1010.0,111,0.0,0.0
114.0,1140.0,1140.0,1140.0,121,0.0,0.0
114.0,1140.0,1140.0,1140.0,110,0.0,0.0
119.0,1190.0,1190.0,1190.0,105,0.0,0.0
72.0,720.0,720.0,720.0,72,0.0,0.0
92.0,920.0,920.0,920.0,103,0.0,0.0
113.0,1130.0,1130.0,1130.0,115,0.0,0.0
90.0,900.0,900.0,900.0,99,0.0,0.0
108.0,1080.0,1080.0,1080.0,110,0.0,0.0
83.0,830.0,830.0,830.0,92,0.0,0.0
105.0,1050.0,1050.0,1050.0,105,0.0,0.0
114.0,1140.0,1140.0,1140.0,134,0.0,0.0
166.0,1660.0,1660.0,1660.0,183,0.0,0.0
197.0,1970.0,1970.0,1970.0,195,0.0,0.0
158.0,1580.0,1580.0,1580.0,180,0.0,0.0
192.0,1920.0,1920.0,1920.0,188,0.0,0.0
117.0,1170.0,1170.0,1170.0,111,0.0,0.0
168.0,1680.0,1680.0,1680.0,183,0.0,0.0
183.0,1830.0,1830.0,1830.0,185,0.0,0.0
163.0,1630.0,1630.0,1630.0,188,0.0,0.0
186.0,1860.0,1860.0,1860.0,173,0.0,0.0
119.0,1190.0,1190.0,1190.0,132,0.0,0.0
161.0,1610.0,1610.0,1610.0,162,0.0,0.0
168.0,1680.0,1680.0,1680.0,156,0.0,0.0
116.0,1160.0,1160.0,1160.0,116,0.0,0.0
122.0,1220.0,1220.0,1220.0,125,0.0,0.0
113.0,1130.0,1130.0,1130.0,111,0.0,0.0
104.0,1040.0,1040.0,1040.0,105,0.0,0.0
77.0,770.0,770.0,770.0,72,0.0,0.0
90.0,900.0,900.0,900.0,102,0.0,0.0
107.0,1070.0,1070.0,1070.0,111,0.0,0.0
92.0,920.0,920.0,920.0,102,0.0,0.0
107.0,1070.0,1070.0,1070.0,108,0.0,0.0
77.0,770.0,770.0,770.0,86,0.0,0.0
101.0,1010.0,1010.0,1010.0,101,0.0,0.0
106.0,1060.0,1060.0,1060.0,125,0.0,0.0
166.0,1660.0,1660.0,1660.0,181,0.0,0.0
179.0,1790.0,1790.0,1790.0,176,0.0,0.0
147.0,1470.0,1470.0,1470.0,169,0.0,0.0
179.0,1790.0,1790.0,1790.0,175,0.0,0.0
112.0,1120.0,1120.0,1120.0,106,0.0,0.0
179.0,1790.0,1790.0,1790.0,173,0.0,0.0
169.0,1690.0,1690.0,1690.0,165,0.0,0.0
137.0,1370.0,1370.0,1370.0,162,0.0,0.0
158.0,1580.0,1580.0,1580.0,156,0.0,0.0
127.0,1270.0,1270.0,1270.0,142,0.0,0.0
157.0,1570.0,1570.0,1570.0,143,0.0,0.0
138.0,1380.0,1380.0,1380.0,127,0.0,0.0
104.0,1040.0,1040.0,1040.0,108,0.0,0.0
104.0,1040.0,1040.0,1040.0,107,0.0,0.0
79.0,790.0,790.0,790.0,96,0.0,0.0
105.0,1050.0,1050.0,1050.0,102,0.0,0.0
75.0,750.0,750.0,750.0,72,0.0,1.0
91.0,910.0,910.0,910.0,104,0.0,1.0
111.0,1110.0,1110.0,1110.0,111,0.0,1.0
100.0,1000.0,1000.0,1000.0,102,0.0,1.0
105.0,1050.0,1050.0,1050.0,103,0.0,1.0
73.0,730.0,730.0,730.0,87,0.0,1.0
103.0,1030.0,1030.0,1030.0,98,0.0,1.0
94.0,940.0,940.0,940.0,66,0.0,1.0
35.0,350.0,350.0,350.0,35,0.0,1.0
36.0,360.0,360.0,360.0,36,0.0,1.0
37.0,370.0,370.0,370.0,38,0.0,1.0
36.0,360.0,360.0,360.0,37,0.0,1.0
38.0,380.0,380.0,380.0,38,0.0,1.0
38.0,380.0,380.0,380.0,38,0.0,1.0
41.0,410.0,410.0,410.0,38,0.0,1.0
37.0,370.0,370.0,370.0,38,0.0,1.0
38.0,380.0,380.0,380.0,46,0.0,1.0
47.0,470.0,470.0,470.0,22,0.0,1.0
0.0,0.0,0.0,0.0,0,0.0,1.0
0.0,0.0,0.0,0.0,0,0.0,1.0
0.0,0.0,0.0,0.0,0,0.0,1.0
0.0,0.0,0.0,0.0,0,0.0,1.0
0.0,0.0,0.0,0.0,0,0.0,1.0
0.0,0.0,0.0,0.0,0,0.0,1.0
0.0,0.0,0.0,0.0,0,0.0,1.0
0.0,0.0,0.0,0.0,0,0.0,1.0
0.0,0.0,0.0,0.0,0,0.0,1.0
0.0,0.0,0.0,0.0,0,0.0,1.0
0.0,0.0,0.0,0.0,0,0.0,1.0
0.0,0.0,0.0,0.0,0,0.0,1.0
0.0,0.0,0.0,0.0,0,0.0,1.0
0.0,0.0,0.0,0.0,0,0.0,1.0
0.0,0.0,0.0,0.0,0,0.0,1.0
0.0,0.0,0.0,0.0,0,0.0,1.0
0.0,0.0,0.0,0.0,0,0.0,1.0
0.0,0.0,0.0,0.0,17,0.0,1.0
23.0,230.0,230.0,230.0,22,0.0,1.0
19.0,190.0,190.0,190.0,19,0.0,1.0
21.0,210.0,210.0,210.0,22,0.0,1.0
21.0,210.0,210.0,210.0,21,0.0,1.0
21.0,210.0,210.0,210.0,22,0.0,1.0
26.0,260.0,260.0,260.0,26,0.0,1.0
25.0,250.0,250.0,250.0,24,0.0,1.0
20.0,200.0,200.0,200.0,21,0.0,1.0
20.0,200.0,200.0,200.0,20,0.0,1.0
20.0,200.0,200.0,200.0,20,0.0,1.0
20.0,200.0,200.0,200.0,22,0.0,1.0
19.0,190.0,190.0,190.0,20,0.0,1.0
20.0,200.0,200.0,200.0,20,0.0,0.0
20.0,200.0,200.0,200.0,21,0.0,0.0
24.0,240.0,240.0,240.0,21,0.0,0.0
20.0,200.0,200.0,200.0,20,0.0,0.0
19.0,190.0,190.0,190.0,20,0.0,0.0
20.0,200.0,200.0,200.0,20,0.0,0.0
24.0,240.0,240.0,240.0,21,0.0,0.0
29.0,290.0,290.0,290.0,52,0.0,0.0
133.0,1330.0,1330.0,1330.0,167,0.0,0.0
167.0,1670.0,1670.0,1670.0,170,0.0,0.0
154.0,1540.0,1540.0,1540.0,171,0.0,0.0
166.0,1660.0,1660.0,1660.0,171,0.0,0.0
124.0,1240.0,1240.0,1240.0,114,0.0,0.0
169.0,1690.0,1690.0,1690.0,172,0.0,0.0
164.0,1640.0,1640.0,1640.0,171,0.0,0.0
141.0,1410.0,1410.0,1410.0,160,0.0,0.0
171.0,1710.0,1710.0,1710.0,170,0.0,0.0
127.0,1270.0,1270.0,1270.0,140,0.0,0.0
172.0,1720.0,1720.0,1720.0,168,0.0,0.0
162.0,1620.0,1620.0,1620.0,144,0.0,0.0
117.0,1170.0,1170.0,1170.0,128,0.0,0.0
133.0,1330.0,1330.0,1330.0,129,0.0,0.0
102.0,1020.0,1020.0,1020.0,116,0.0,0.0
115.0,1150.0,1150.0,1150.0,105,0.0,0.0
76.0,760.0,760.0,760.0,73,0.0,0.0
98.0,980.0,980.0,980.0,106,0.0,0.0
114.0,1140.0,1140.0,1140.0,108,0.0,0.0
90.0,900.0,900.0,900.0,101,0.0,0.0
114.0,1140.0,1140.0,1140.0,110,0.0,0.0
84.0,840.0,840.0,840.0,93,0.0,0.0
114.0,1140.0,1140.0,1140.0,113,0.0,0.0
101.0,1010.0,1010.0,1010.0,123,0.0,0.0
159.0,1590.0,1590.0,1590.0,167,0.0,0.0
153.0,1530.0,1530.0,1530.0,169,0.0,0.0
157.0,1570.0,1570.0,1570.0,176,0.0,0.0
182.0,1820.0,1820.0,1820.0,165,0.0,0.0
108.0,1080.0,1080.0,1080.0,112,0.0,0.0
163.0,1630.0,1630.0,1630.0,174,0.0,0.0
187.0,1870.0,1870.0,1870.0,182,0.0,0.0
131.0,1310.0,1310.0,1310.0,157,0.0,0.0
172.0,1720.0,1720.0,1720.0,167,0.0,0.0
122.0,1220.0,1220.0,1220.0,125,0.0,0.0
162.0,1620.0,1620.0,1620.0,156,0.0,0.0
146.0,1460.0,1460.0,1460.0,148,0.0,0.0
147.0,1470.0,1470.0,1470.0,147,0.0,0.0
132.0,1320.0,1320.0,1320.0,131,0.0,0.0
109.0,1090.0,1090.0,1090.0,119,0.0,0.0
103.0,1030.0,1030.0,1030.0,112,0.0,0.0
83.0,830.0,830.0,830.0,74,0.0,0.0
98.0,980.0,980.0,980.0,109,0.0,0.0
121.0,1210.0,1210.0,1210.0,114,0.0,0.0
90.0,900.0,900.0,900.0,99,0.0,0.0
114.0,1140.0,1140.0,1140.0,115,0.0,0.0
84.0,840.0,840.0,840.0,92,0.0,0.0
112.0,1120.0,1120.0,1120.0,116,0.0,0.0
106.0,1060.0,1060.0,1060.0,124,0.0,0.0
148.0,1480.0,1480.0,1480.0,180,0.0,0.0
172.0,1720.0,1720.0,1720.0,182,0.0,0.0
156.0,1560.0,1560.0,1560.0,185,0.0,0.0
179.0,1790.0,1790.0,1790.0,174,0.0,0.0
115.0,1150.0,1150.0,1150.0,117,0.0,0.0
172.0,1720.0,1720.0,1720.0,182,0.0,0.0
186.0,1860.0,1860.0,1860.0,184,0.0,0.0
159.0,1590.0,1590.0,1590.0,173,0.0,0.0
165.0,1650.0,1650.0,1650.0,176,0.0,0.0
113.0,1130.0,1130.0,1130.0,139,0.0,0.0
167.0,1670.0,1670.0,1670.0,163,0.0,0.0
163.0,1630.0,1630.0,1630.0,152,0.0,0.0
117.0,1170.0,1170.0,1170.0,129,0.0,0.0
133.0,1330.0,1330.0,1330.0,131,0.0,0.0
108.0,1080.0,1080.0,1080.0,119,0.0,0.0
119.0,1190.0,1190.0,1190.0,114,0.0,0.0
87.0,870.0,870.0,870.0,79,0.0,0.0
102.0,1020.0,1020.0,1020.0,112,0.0,0.0
119.0,1190.0,1190.0,1190.0,114,0.0,0.0
87.0,870.0,870.0,870.0,106,0.0,0.0
120.0,1200.0,1200.0,1200.0,114,0.0,0.0
91.0,910.0,910.0,910.0,93,0.0,0.0
113.0,1130.0,1130.0,1130.0,115,0.0,0.0
128.0,1280.0,1280.0,1280.0,141,0.0,0.0
152.0,1520.0,1520.0,1520.0,166,0.0,0.0
175.0,1750.0,1750.0,1750.0,184,0.0,0.0
163.0,1630.0,1630.0,1630.0,179,0.0,0.0
171.0,1710.0,1710.0,1710.0,182,0.0,0.0
130.0,1300.0,1300.0,1300.0,112,0.0,0.0
168.0,1680.0,1680.0,1680.0,174,0.0,0.0
195.0,1950.0,1950.0,1950.0,192,0.0,0.0
154.0,1540.0,1540.0,1540.0,170,0.0,0.0
181.0,1810.0,1810.0,1810.0,174,0.0,0.0
131.0,1310.0,1310.0,1310.0,132,0.0,0.0
148.0,1480.0,1480.0,1480.0,159,0.0,0.0
173.0,1730.0,1730.0,1730.0,161,0.0,0.0
122.0,1220.0,1220.0,1220.0,132,0.0,0.0
138.0,1380.0,1380.0,1380.0,131,0.0,0.0
103.0,1030.0,1030.0,1030.0,114,0.0,0.0
127.0,1270.0,1270.0,1270.0,119,0.0,0.0
71.0,710.0,710.0,710.0,69,0.0,0.0
97.0,970.0,970.0,970.0,109,0.0,0.0
117.0,1170.0,1170.0,1170.0,112,0.0,0.0
100.0,1000.0,1000.0,1000.0,110,0.0,0.0
111.0,1110.0,1110.0,1110.0,107,0.0,0.0
84.0,840.0,840.0,840.0,93,0.0,0.0
114.0,1140.0,1140.0,1140.0,107,0.0,0.0
119.0,1190.0,1190.0,1190.0,134,0.0,0.0
153.0,1530.0,1530.0,1530.0,170,0.0,0.0
172.0,1720.0,1720.0,1720.0,171,0.0,0.0
148.0,1480.0,1480.0,1480.0,163,0.0,0.0
187.0,1870.0,1870.0,1870.0,187,0.0,0.0
122.0,1220.0,1220.0,1220.0,108,0.0,0.0
155.0,1550.0,1550.0,1550.0,169,0.0,0.0
178.0,1780.0,1780.0,1780.0,178,0.0,0.0
140.0,1400.0,1400.0,1400.0,154,0.0,0.0
165.0,1650.0,1650.0,1650.0,161,0.0,0.0
143.0,1430.0,1430.0,1430.0,147,0.0,0.0
158.0,1580.0,1580.0,1580.0,154,0.0,0.0
156.0,1560.0,1560.0,1560.0,143,0.0,0.0
114.0,1140.0,1140.0,1140.0,115,0.0,0.0
112.0,1120.0,1120.0,1120.0,110,0.0,0.0
87.0,870.0,870.0,870.0,105,0.0,0.0
112.0,1120.0,1120.0,1120.0,101,0.0,0.0
69.0,690.0,690.0,690.0,64,0.0,1.0
90.0,900.0,900.0,900.0,106,0.0,1.0
101.0,1010.0,1010.0,1010.0,104,0.0,1.0
93.0,930.0,930.0,930.0,98,0.0,1.0
105.0,1050.0,1050.0,1050.0,109,0.0,1.0
83.0,830.0,830.0,830.0,88,0.0,1.0
107.0,1070.0,1070.0,1070.0,111,0.0,1.0
97.0,970.0,970.0,970.0,70,0.0,1.0
37.0,370.0,370.0,370.0,33,0.0,1.0
32.0,320.0,320.0,320.0,32,0.0,1.0
32.0,320.0,320.0,320.0,34,0.0,1.0
32.0,320.0,320.0,320.0,32,0.0,1.0
33.0,330.0,330.0,330.0,33,0.0,1.0
32.0,320.0,320.0,320.0,34,0.0,1.0
35.0,350.0,350.0,350.0,34,0.0,1.0
33.0,330.0,330.0,330.0,33,0.0,1.0
33.0,330.0,330.0,330.0,36,0.0,1.0
40.0,400.0,400.0,400.0,35,0.0,1.0
29.0,290.0,290.0,290.0,26,0.0,1.0
25.0,250.0,250.0,250.0,23,0.0,1.0
22.0,220.0,220.0,220.0,25,0.0,1.0
22.0,220.0,220.0,220.0,23,0.0,1.0
22.0,220.0,220.0,220.0,23,0.0,1.0
22.0,220.0,220.0,220.0,23,0.0,1.0
22.0,220.0,220.0,220.0,24,0.0,1.0
22.0,220.0,220.0,220.0,22,0.0,1.0
22.0,220.0,220.0,220.0,22,0.0,1.0
22.0,220.0,220.0,220.0,22,0.0,1.0
23.0,230.0,230.0,230.0,24,0.0,1.0
22.0,220.0,220.0,220.0,22,0.0,1.0
22.0,220.0,220.0,220.0,22,0.0,1.0
22.0,220.0,220.0,220.0,22,0.0,1.0
25.0,250.0,250.0,250.0,25,0.0,1.0
22.0,220.0,220.0,220.0,22,0.0,1.0
22.0,220.0,220.0,220.0,22,0.0,1.0
22.0,220.0,220.0,220.0,22,0.0,1.0
26.0,260.0,260.0,260.0,24,0.0,1.0
23.0,230.0,230.0,230.0,22,0.0,1.0
23.0,230.0,230.0,230.0,23,0.0,1.0
23.0,230.0,230.0,230.0,24,0.0,1.0
25.0,250.0,250.0,250.0,23,0.0,1.0
22.0,220.0,220.0,220.0,23,0.0,1.0
22.0,220.0,220.0,220.0,22,0.0,1.0
23.0,230.0,230.0,230.0,24,0.0,1.0
23.0,230.0,230.0,230.0,23,0.0,1.0
22.0,220.0,220.0,220.0,23,0.0,1.0
23.0,230.0,230.0,230.0,24,0.0,1.0
24.0,240.0,240.0,240.0,23,0.0,1.0
21.0,210.0,210.0,210.0,22,0.0,0.0
22.0,220.0,220.0,220.0,22,0.0,0.0
22.0,220.0,220.0,220.0,24,0.0,0.0
22.0,220.0,220.0,220.0,22,0.0,0.0
22.0,220.0,220.0,220.0,22,0.0,0.0
22.0,220.0,220.0,220.0,23,0.0,0.0
26.0,260.0,260.0,260.0,24,0.0,0.0
29.0,290.0,290.0,290.0,52,0.0,0.0
157.0,1570.0,1570.0,1570.0,171,0.0,0.0
165.0,1650.0,1650.0,1650.0,157,0.0,0.0
144.0,1440.0,1440.0,1440.0,171,0.0,0.0
176.0,1760.0,1760.0,1760.0,176,0.0,0.0
119.0,1190.0,1190.0,1190.0,109,0.0,0.0
150.0,1500.0,1500.0,1500.0,160,0.0,0.0
159.0,1590.0,1590.0,1590.0,160,0.0,0.0
134.0,1340.0,1340.0,1340.0,158,0.0,0.0
152.0,1520.0,1520.0,1520.0,146,0.0,0.0
115.0,1150.0,1150.0,1150.0,128,0.0,0.0
153.0,1530.0,1530.0,1530.0,152,0.0,0.0
145.0,1450.0,1450.0,1450.0,135,0.0,0.0
121.0,1210.0,1210.0,1210.0,121,0.0,0.0
133.0,1330.0,1330.0,1330.0,123,0.0,0.0
105.0,1050.0,1050.0,1050.0,110,0.0,0.0
108.0,1080.0,1080.0,1080.0,104,0.0,0.0
74.0,740.0,740.0,740.0,72,0.0,0.0
93.0,930.0,930.0,930.0,109,0.0,0.0
118.0,1180.0,1180.0,1180.0,111,0.0,0.0
100.0,1000.0,1000.0,1000.0,109,0.0,0.0
97.0,970.0,970.0,970.0,109,0.0,0.0
83.0,830.0,830.0,830.0,96,0.0,0.0
107.0,1070.0,1070.0,1070.0,115,0.0,0.0
121.0,1210.0,1210.0,1210.0,140,0.0,0.0
153.0,1530.0,1530.0,1530.0,173,0.0,0.0
168.0,1680.0,1680.0,1680.0,170,0.0,0.0
142.0,1420.0,1420.0,1420.0,164,0.0,0.0
168.0,1680.0,1680.0,1680.0,174,0.0,0.0
120.0,1200.0,1200.0,1200.0,116,0.0,0.0
188.0,1880.0,1880.0,1880.0,181,0.0,0.0
178.0,1780.0,1780.0,1780.0,182,0.0,0.0
148.0,1480.0,1480.0,1480.0,166,0.0,0.0
161.0,1610.0,1610.0,1610.0,160,0.0,0.0
124.0,1240.0,1240.0,1240.0,135,0.0,0.0
165.0,1650.0,1650.0,1650.0,156,0.0,0.0
158.0,1580.0,1580.0,1580.0,152,0.0,0.0
124.0,1240.0,1240.0,1240.0,134,0.0,0.0
133.0,1330.0,1330.0,1330.0,131,0.0,0.0
104.0,1040.0,1040.0,1040.0,115,0.0,0.0
117.0,1170.0,1170.0,1170.0,111,0.0,0.0
78.0,780.0,780.0,780.0,72,0.0,0.0
100.0,1000.0,1000.0,1000.0,110,0.0,0.0
115.0,1150.0,1150.0,1150.0,118,0.0,0.0
96.0,960.0,960.0,960.0,112,0.0,0.0
113.0,1130.0,1130.0,1130.0,113,0.0,0.0
89.0,890.0,890.0,890.0,97,0.0,0.0
110.0,1100.0,1100.0,1100.0,118,0.0,0.0
115.0,1150.0,1150.0,1150.0,135,0.0,0.0
150.0,1500.0,1500.0,1500.0,171,0.0,0.0
160.0,1600.0,1600.0,1600.0,160,0.0,0.0
134.0,1340.0,1340.0,1340.0,152,0.0,0.0
158.0,1580.0,1580.0,1580.0,156,0.0,0.0
0.0,0.0,0.0,0.0,25,0.0,0.0
140.0,1400.0,1400.0,1400.0,152,0.0,0.0
178.0,1780.0,1780.0,1780.0,165,0.0,0.0
131.0,1310.0,1310.0,1310.0,165,0.0,0.0
170.0,1700.0,1700.0,1700.0,166,0.0,0.0
124.0,1240.0,1240.0,1240.0,144,0.0,0.0
168.0,1680.0,1680.0,1680.0,164,0.0,0.0
162.0,1620.0,1620.0,1620.0,150,0.0,0.0
97.0,970.0,970.0,970.0,103,0.0,0.0
114.0,1140.0,1140.0,1140.0,122,0.0,0.0
92.0,920.0,920.0,920.0,106,0.0,0.0
99.0,990.0,990.0,990.0,101,0.0,0.0
79.0,790.0,790.0,790.0,72,0.0,0.0
95.0,950.0,950.0,950.0,97,0.0,0.0
104.0,1040.0,1040.0,1040.0,110,0.0,0.0
103.0,1030.0,1030.0,1030.0,109,0.0,0.0
113.0,1130.0,1130.0,1130.0,107,0.0,0.0
81.0,810.0,810.0,810.0,92,0.0,0.0
117.0,1170.0,1170.0,1170.0,119,0.0,0.0
117.0,1170.0,1170.0,1170.0,139,0.0,0.0
155.0,1550.0,1550.0,1550.0,172,0.0,0.0
173.0,1730.0,1730.0,1730.0,170,0.0,0.0
134.0,1340.0,1340.0,1340.0,155,0.0,0.0
159.0,1590.0,1590.0,1590.0,174,0.0,0.0
124.0,1240.0,1240.0,1240.0,111,0.0,0.0
168.0,1680.0,1680.0,1680.0,171,0.0,0.0
166.0,1660.0,1660.0,1660.0,165,0.0,0.0
143.0,1430.0,1430.0,1430.0,173,0.0,0.0
168.0,1680.0,1680.0,1680.0,160,0.0,0.0
126.0,1260.0,1260.0,1260.0,140,0.0,0.0
172.0,1720.0,1720.0,1720.0,162,0.0,0.0
158.0,1580.0,1580.0,1580.0,142,0.0,0.0
118.0,1180.0,1180.0,1180.0,128,0.0,0.0
127.0,1270.0,1270.0,1270.0,128,0.0,0.0
112.0,1120.0,1120.0,1120.0,109,0.0,0.0
115.0,1150.0,1150.0,1150.0,109,0.0,0.0
83.0,830.0,830.0,830.0,77,0.0,0.0
94.0,940.0,940.0,940.0,102,0.0,0.0
116.0,1160.0,1160.0,1160.0,112,0.0,0.0
87.0,870.0,870.0,870.0,106,0.0,0.0
117.0,1170.0,1170.0,1170.0,108,0.0,0.0
85.0,850.0,850.0,850.0,92,0.0,0.0
118.0,1180.0,1180.0,1180.0,111,0.0,0.0
111.0,1110.0,1110.0,1110.0,132,0.0,0.0
172.0,1720.0,1720.0,1720.0,180,0.0,0.0
182.0,1820.0,1820.0,1820.0,184,0.0,0.0
155.0,1550.0,1550.0,1550.0,168,0.0,0.0
177.0,1770.0,1770.0,1770.0,181,0.0,0.0
128.0,1280.0,1280.0,1280.0,116,0.0,0.0
164.0,1640.0,1640.0,1640.0,180,0.0,0.0
190.0,1900.0,1900.0,1900.0,178,0.0,0.0
143.0,1430.0,1430.0,1430.0,171,0.0,0.0
171.0,1710.0,1710.0,1710.0,164,0.0,0.0
129.0,1290.0,1290.0,1290.0,138,0.0,0.0
151.0,1510.0,1510.0,1510.0,155,0.0,0.0
145.0,1450.0,1450.0,1450.0,142,0.0,0.0
114.0,1140.0,1140.0,1140.0,116,0.0,0.0
122.0,1220.0,1220.0,1220.0,117,0.0,0.0
92.0,920.0,920.0,920.0,102,0.0,0.0
105.0,1050.0,1050.0,1050.0,88,0.0,0.0
69.0,690.0,690.0,690.0,61,0.0,1.0
76.0,760.0,760.0,760.0,97,0.0,1.0
99.0,990.0,990.0,990.0,95,0.0,1.0
74.0,740.0,740.0,740.0,94,0.0,1.0
93.0,930.0,930.0,930.0,89,0.0,1.0
74.0,740.0,740.0,740.0,82,0.0,1.0
97.0,970.0,970.0,970.0,86,0.0,1.0
73.0,730.0,730.0,730.0,51,0.0,1.0
23.0,230.0,230.0,230.0,23,0.0,1.0
23.0,230.0,230.0,230.0,23,0.0,1.0
22.0,220.0,220.0,220.0,22,0.0,1.0
22.0,220.0,220.0,220.0,23,0.0,1.0
23.0,230.0,230.0,230.0,25,0.0,1.0
22.0,220.0,220.0,220.0,23,0.0,1.0
22.0,220.0,220.0,220.0,23,0.0,1.0
23.0,230.0,230.0,230.0,24,0.0,1.0
23.0,230.0,230.0,230.0,24,0.0,1.0
24.0,240.0,240.0,240.0,23,0.0,1.0
24.0,240.0,240.0,240.0,23,0.0,1.0
24.0,240.0,240.0,240.0,25,0.0,1.0
23.0,230.0,230.0,230.0,23,0.0,1.0
24.0,240.0,240.0,240.0,23,0.0,1.0
23.0,230.0,230.0,230.0,23,0.0,1.0
23.0,230.0,230.0,230.0,23,0.0,1.0
23.0,230.0,230.0,230.0,23,0.0,1.0
22.0,220.0,220.0,220.0,23,0.0,1.0
27.0,270.0,270.0,270.0,24,0.0,1.0
22.0,220.0,220.0,220.0,23,0.0,1.0
23.0,230.0,230.0,230.0,23,0.0,1.0
23.0,230.0,230.0,230.0,23,0.0,1.0
22.0,220.0,220.0,220.0,23,0.0,1.0
23.0,230.0,230.0,230.0,23,0.0,1.0
28.0,280.0,280.0,280.0,25,0.0,1.0
24.0,240.0,240.0,240.0,23,0.0,1.0
23.0,230.0,230.0,230.0,23,0.0,1.0
23.0,230.0,230.0,230.0,23,0.0,1.0
23.0,230.0,230.0,230.0,23,0.0,1.0
23.0,230.0,230.0,230.0,23,0.0,1.0
22.0,220.0,220.0,220.0,25,0.0,1.0
23.0,230.0,230.0,230.0,23,0.0,1.0
23.0,230.0,230.0,230.0,24,0.0,1.0
23.0,230.0,230.0,230.0,23,0.0,1.0
23.0,230.0,230.0,230.0,23,0.0,1.0
22.0,220.0,220.0,220.0,23,0.0,1.0
23.0,230.0,230.0,230.0,23,0.0,1.0
23.0,230.0,230.0,230.0,25,0.0,1.0
22.0,220.0,220.0,220.0,23,0.0,1.0
24.0,240.0,240.0,240.0,23,0.0,1.0
23.0,230.0,230.0,230.0,23,0.0,0.0
22.0,220.0,220.0,220.0,23,0.0,0.0
23.0,230.0,230.0,230.0,23,0.0,0.0
23.0,230.0,230.0,230.0,24,0.0,0.0
28.0,280.0,280.0,280.0,24,0.0,0.0
23.0,230.0,230.0,230.0,23,0.0,0.0
23.0,230.0,230.0,230.0,23,0.0,0.0
24.0,240.0,240.0,240.0,63,0.0,0.0
166.0,1660.0,1660.0,1660.0,185,0.0,0.0
187.0,1870.0,1870.0,1870.0,183,0.0,0.0
156.0,1560.0,1560.0,1560.0,177,0.0,0.0
178.0,1780.0,1780.0,1780.0,182,0.0,0.0
130.0,1300.0,1300.0,1300.0,117,0.0,0.0
173.0,1730.0,1730.0,1730.0,184,0.0,0.0
177.0,1770.0,1770.0,1770.0,180,0.0,0.0
158.0,1580.0,1580.0,1580.0,168,0.0,0.0
167.0,1670.0,1670.0,1670.0,175,0.0,0.0
122.0,1220.0,1220.0,1220.0,132,0.0,0.0
162.0,1620.0,1620.0,1620.0,145,0.0,0.0
162.0,1620.0,1620.0,1620.0,148,0.0,0.0
113.0,1130.0,1130.0,1130.0,121,0.0,0.0
122.0,1220.0,1220.0,1220.0,123,0.0,0.0
97.0,970.0,970.0,970.0,110,0.0,0.0
111.0,1110.0,1110.0,1110.0,108,0.0,0.0
72.0,720.0,720.0,720.0,70,0.0,0.0
98.0,980.0,980.0,980.0,110,0.0,0.0
115.0,1150.0,1150.0,1150.0,112,0.0,0.0
97.0,970.0,970.0,970.0,105,0.0,0.0
114.0,1140.0,1140.0,1140.0,111,0.0,0.0
84.0,840.0,840.0,840.0,93,0.0,0.0
111.0,1110.0,1110.0,1110.0,108,0.0,0.0
115.0,1150.0,1150.0,1150.0,140,0.0,0.0
162.0,1620.0,1620.0,1620.0,174,0.0,0.0
162.0,1620.0,1620.0,1620.0,166,0.0,0.0
143.0,1430.0,1430.0,1430.0,152,0.0,0.0
155.0,1550.0,1550.0,1550.0,170,0.0,0.0
135.0,1350.0,1350.0,1350.0,118,0.0,0.0
149.0,1490.0,1490.0,1490.0,163,0.0,0.0
161.0,1610.0,1610.0,1610.0,158,0.0,0.0
132.0,1320.0,1320.0,1320.0,161,0.0,0.0
164.0,1640.0,1640.0,1640.0,160,0.0,0.0
117.0,1170.0,1170.0,1170.0,123,0.0,0.0
158.0,1580.0,1580.0,1580.0,158,0.0,0.0
152.0,1520.0,1520.0,1520.0,153,0.0,0.0
124.0,1240.0,1240.0,1240.0,128,0.0,0.0
134.0,1340.0,1340.0,1340.0,128,0.0,0.0
100.0,1000.0,1000.0,1000.0,111,0.0,0.0
117.0,1170.0,1170.0,1170.0,110,0.0,0.0
